{"6": {"(1, True)": [1567.3, 1879.35, 1922.3, 1857.33, 1948.54, 1810.67, 1941.34, 1701.75, 1824.94, 1857.73, 1741.59, 1849.47, 1833.49, 1852.92, 1660.01, 1879.68, 1943.45, 1983.01, 1945.57, 1928.45, 1970.7, 1939.94, 1932.48, 1886.31, 1929.64, 1929.89, 1945.82, 1913.4, 1930.02], "(2, True)": [38.8, 30.73, 28.86, 31.73, 34.05, 32.64, 29.4, 32.66, 33.33, 31.41, 34.57, 32.96, 32.4, 34.3, 34.3, 34.3, 34.3, 36.0, 29.12, 28.86, 28.62, 28.66, 30.65, 30.5, 30.3, 33.7, 32.85, 32.52, 36.89], "(3, True)": [14.66, 16.74, 16.71, 16.74, 16.72, 16.74, 16.74, 16.72, 16.74, 16.73, 16.74, 16.73, 16.74, 16.73, 16.72, 16.73, 16.72, 16.75, 16.75, 16.7, 16.74, 16.71, 16.73, 16.73, 16.74, 16.73, 16.7, 16.72, 16.73], "(4, True)": [34.96, 32.15, 31.09, 34.97, 32.72, 32.73, 31.91, 36.16, 32.32, 30.93, 34.49, 34.02, 32.88, 31.55, 34.72, 35.74, 32.82, 37.25, 27.5, 34.26, 28.61, 29.91, 34.37, 34.32, 31.71, 32.96, 34.38, 32.81, 34.6], "(5, True)": [19.8, 18.17, 17.98, 16.24, 16.94, 16.81, 17.49, 14.24, 16.49, 16.02, 14.92, 14.9, 15.34, 15.64, 13.84, 15.95, 16.71, 18.45, 18.62, 18.11, 19.49, 20.65, 21.64, 20.65, 21.5, 19.69, 22.77, 22.55, 21.54], "(6, False)": [3.8399999999999963, 1.4199999999999982, 2.2300000000000004, 3.2399999999999984, 1.3299999999999983, 0.0899999999999963, 2.5100000000000016, 3.5, 1.009999999999998, 0.4800000000000004, 0.0799999999999983, 1.0600000000000023, 0.480000000000004, 2.7499999999999964, 0.4200000000000017, 1.4400000000000048, 1.4799999999999969, 1.25, 1.620000000000001, 5.399999999999999, 0.010000000000001563, 1.25, 3.719999999999999, 3.8200000000000003, 1.4100000000000001, 0.740000000000002, 1.5300000000000011, 0.28999999999999915, 2.289999999999999], "health_condition": [1.0, 0.9642857142857143, 0.9285714285714286, 0.8928571428571429, 0.8571428571428571, 0.8214285714285714, 0.7857142857142857, 0.75, 0.7142857142857143, 0.6785714285714286, 0.6428571428571429, 0.6071428571428571, 0.5714285714285714, 0.5357142857142857, 0.5, 0.4642857142857143, 0.42857142857142855, 0.39285714285714285, 0.35714285714285715, 0.32142857142857145, 0.2857142857142857, 0.25, 0.21428571428571427, 0.17857142857142858, 0.14285714285714285, 0.10714285714285714, 0.07142857142857142, 0.03571428571428571, 0.0]}}