{"6": {"(2, True)": [18.94, 28.35, 28.94, 30.31, 33.45, 35.83, 34.25], "(4, True)": [20.27, 28.57, 34.36, 31.92, 35.45, 35.65, 32.53], "(3, True)": [5.08, 1.48, 5.57, 12.56, 5.99, 7.4, 6.43], "(5, True)": [24.85, 21.51, 25.24, 20.62, 24.78, 21.4, 23.53], "(1, True)": [493.28, 44.51, 615.46, 1116.96, 673.65, 517.16, 717.3], "(6, False)": [1.3299999999999983, 0.21999999999999886, 5.419999999999998, 1.610000000000003, 2.0, 0.17999999999999972, 1.7199999999999989], "health_condition": [1.0, 0.8333333333333334, 0.6666666666666666, 0.5, 0.3333333333333333, 0.16666666666666666, 0.0]}}