{"6": {"(1, True)": [228.56, 1502.3, 1998.91, 1990.56, 789.97, 1782.63, 2000.94, 1999.63, 1989.01, 2000.75, 1996.63, 2001.43, 1991.65, 1928.85, 1930.48, 1991.04, 1986.96, 1998.06, 1989.88, 2000.22, 2000.1, 2000.78, 1997.7, 1932.38, 1983.2, 1987.82, 1962.51, 1946.88, 1924.06, 1939.36, 1991.3, 1963.48, 1970.13, 1897.37, 1773.1, 1981.42, 1991.61, 1985.95, 1900.64, 1923.7, 1801.83, 1968.24, 1954.47, 1983.57, 2000.2, 1999.98, 1989.99, 1965.49, 1967.97], "(2, True)": [32.07, 31.08, 27.7, 27.7, 27.7, 29.4, 29.4, 29.4, 29.4, 29.4, 25.4, 22.8, 22.8, 25.44, 28.0, 28.2, 25.08, 21.4, 21.4, 24.12, 25.9, 22.98, 22.15, 27.38, 30.1, 30.1, 30.1, 30.1, 27.3, 27.23, 29.1, 29.1, 26.22, 23.5, 23.5, 23.5, 23.5, 19.64, 16.8, 19.26, 17.88, 19.3, 19.3, 22.58, 25.4, 25.6, 25.6, 27.95, 32.85], "(3, True)": [2.95, 13.83, 16.76, 16.73, 6.87, 16.01, 16.75, 16.74, 16.75, 16.76, 16.74, 16.75, 16.75, 16.73, 16.74, 16.74, 16.73, 16.75, 16.74, 16.75, 16.75, 16.75, 16.75, 16.71, 16.76, 16.76, 16.72, 16.72, 16.72, 16.72, 16.74, 16.73, 16.71, 16.72, 16.76, 16.73, 16.75, 16.74, 16.75, 16.74, 16.74, 16.74, 16.75, 16.74, 16.75, 16.73, 16.74, 16.67, 16.74], "(4, True)": [34.05, 29.42, 28.33, 31.13, 30.75, 27.14, 24.51, 25.84, 24.33, 23.55, 24.79, 25.1, 28.42, 28.73, 28.92, 25.17, 22.35, 25.0, 25.39, 26.71, 23.85, 21.85, 25.0, 29.82, 29.32, 28.37, 29.54, 30.28, 23.86, 27.62, 26.31, 26.14, 24.3, 23.75, 24.75, 22.53, 22.37, 20.19, 14.52, 20.59, 19.91, 20.83, 15.57, 23.32, 23.78, 27.64, 28.53, 34.71, 32.91], "(5, True)": [23.87, 22.47, 23.18, 24.01, 25.08, 20.77, 21.74, 20.15, 18.38, 20.46, 19.8, 19.38, 18.05, 16.36, 16.94, 18.87, 17.94, 18.46, 18.07, 20.12, 20.34, 19.71, 19.38, 17.52, 20.63, 21.47, 18.49, 18.26, 17.8, 18.24, 19.35, 17.9, 17.96, 16.02, 14.06, 17.3, 16.39, 16.77, 14.49, 14.38, 13.89, 15.04, 15.19, 16.91, 21.98, 23.37, 23.37, 23.9, 23.05], "(6, False)": [1.9799999999999969, 1.6599999999999966, 0.629999999999999, 3.4299999999999997, 3.0500000000000007, 2.259999999999998, 4.889999999999997, 3.5599999999999987, 5.07, 5.849999999999998, 0.6099999999999994, 2.3000000000000007, 5.620000000000001, 3.289999999999999, 0.9200000000000017, 3.0299999999999976, 2.729999999999997, 3.6000000000000014, 3.990000000000002, 2.59, 2.049999999999997, 1.129999999999999, 2.8500000000000014, 2.4400000000000013, 0.7800000000000011, 1.7300000000000004, 0.5600000000000023, 0.17999999999999972, 3.4400000000000013, 0.39000000000000057, 2.7900000000000027, 2.960000000000001, 1.9199999999999982, 0.25, 1.25, 0.9699999999999989, 1.129999999999999, 0.5500000000000007, 2.280000000000001, 1.3299999999999983, 2.030000000000001, 1.5299999999999976, 3.7300000000000004, 0.740000000000002, 1.6199999999999974, 2.039999999999999, 2.9299999999999997, 6.760000000000002, 0.05999999999999517], "health_condition": [1.0, 0.9791666666666666, 0.9583333333333334, 0.9375, 0.9166666666666666, 0.8958333333333334, 0.875, 0.8541666666666666, 0.8333333333333334, 0.8125, 0.7916666666666666, 0.7708333333333334, 0.75, 0.7291666666666666, 0.7083333333333334, 0.6875, 0.6666666666666666, 0.6458333333333334, 0.625, 0.6041666666666666, 0.5833333333333334, 0.5625, 0.5416666666666666, 0.5208333333333334, 0.5, 0.4791666666666667, 0.4583333333333333, 0.4375, 0.4166666666666667, 0.3958333333333333, 0.375, 0.3541666666666667, 0.3333333333333333, 0.3125, 0.2916666666666667, 0.2708333333333333, 0.25, 0.22916666666666666, 0.20833333333333334, 0.1875, 0.16666666666666666, 0.14583333333333334, 0.125, 0.10416666666666667, 0.08333333333333333, 0.0625, 0.041666666666666664, 0.020833333333333332, 0.0]}}