{"6": {"(1, True)": [1075.17, 1909.68, 1997.86, 1993.36, 1985.34, 1988.99, 1994.91, 1937.43, 1863.91, 1980.64, 1933.79, 1950.6, 2000.08, 1985.96, 1988.88, 1992.07, 1999.9, 2000.4, 2000.93, 1984.6, 1983.52, 1982.32, 1992.07, 1970.03, 1976.08, 1983.91, 1955.88, 1961.24, 1964.63, 1988.74, 1996.02, 1968.7, 1975.99, 1997.56, 1977.79, 1989.16, 1996.68, 1998.04, 1996.58, 1994.86, 1980.18, 2000.0], "(2, True)": [26.03, 19.7, 13.58, 13.41, 12.7, 11.8, 9.1, 9.1, 11.86, 15.4, 18.3, 20.7, 20.7, 23.68, 26.3, 26.3, 23.22, 20.3, 22.88, 24.9, 24.9, 24.9, 27.76, 30.8, 28.28, 25.4, 25.2, 27.91, 25.6, 25.6, 25.4, 18.29, 13.96, 14.52, 18.84, 18.78, 15.8, 15.8, 18.15, 17.42, 18.6, 20.0], "(3, True)": [10.3, 16.65, 16.73, 16.73, 16.74, 16.76, 16.74, 16.74, 16.74, 16.74, 16.73, 16.75, 16.75, 16.72, 16.76, 16.73, 16.75, 16.76, 16.75, 16.74, 16.74, 16.75, 16.72, 16.73, 16.75, 16.75, 16.73, 16.72, 16.72, 16.75, 16.77, 16.75, 16.73, 16.76, 16.74, 16.71, 16.77, 16.72, 16.76, 16.74, 16.74, 16.77], "(4, True)": [26.82, 18.31, 13.58, 13.76, 14.63, 8.92, 8.22, 8.45, 14.81, 14.65, 20.49, 20.85, 19.58, 24.2, 26.62, 23.8, 21.02, 22.44, 25.47, 27.08, 24.99, 25.84, 29.09, 29.05, 26.28, 26.46, 28.79, 27.92, 30.46, 24.09, 21.48, 16.57, 16.73, 16.94, 21.68, 18.39, 20.15, 19.27, 18.58, 17.39, 19.24, 22.68], "(5, True)": [23.56, 22.36, 21.9, 21.57, 18.77, 18.48, 18.39, 15.87, 14.93, 16.06, 15.02, 15.4, 18.06, 18.34, 19.16, 20.96, 20.68, 21.2, 20.64, 20.52, 19.78, 19.76, 21.49, 20.26, 21.64, 20.76, 18.99, 20.5, 20.62, 20.3, 22.17, 22.33, 24.31, 24.01, 23.09, 23.41, 21.88, 22.26, 20.56, 21.23, 22.62, 22.22], "(6, False)": [0.7899999999999991, 1.3900000000000006, 0.0, 0.34999999999999964, 1.9300000000000015, 2.880000000000001, 0.879999999999999, 0.6500000000000004, 2.950000000000001, 0.75, 2.1899999999999977, 0.15000000000000213, 1.120000000000001, 0.5199999999999996, 0.3200000000000003, 2.5, 2.1999999999999993, 2.1400000000000006, 2.59, 2.1799999999999997, 0.08999999999999986, 0.9400000000000013, 1.3299999999999983, 1.75, 2.0, 1.0600000000000023, 3.59, 0.010000000000001563, 4.859999999999999, 1.5100000000000016, 3.919999999999998, 1.7199999999999989, 2.7699999999999996, 2.4200000000000017, 2.84, 0.39000000000000057, 4.349999999999998, 3.469999999999999, 0.4299999999999997, 0.030000000000001137, 0.639999999999997, 2.6799999999999997], "health_condition": [1.0, 0.975609756097561, 0.9512195121951219, 0.926829268292683, 0.9024390243902439, 0.8780487804878049, 0.8536585365853658, 0.8292682926829268, 0.8048780487804879, 0.7804878048780488, 0.7560975609756098, 0.7317073170731707, 0.7073170731707317, 0.6829268292682927, 0.6585365853658537, 0.6341463414634146, 0.6097560975609756, 0.5853658536585366, 0.5609756097560976, 0.5365853658536586, 0.5121951219512195, 0.4878048780487805, 0.4634146341463415, 0.43902439024390244, 0.4146341463414634, 0.3902439024390244, 0.36585365853658536, 0.34146341463414637, 0.3170731707317073, 0.2926829268292683, 0.2682926829268293, 0.24390243902439024, 0.21951219512195122, 0.1951219512195122, 0.17073170731707318, 0.14634146341463414, 0.12195121951219512, 0.0975609756097561, 0.07317073170731707, 0.04878048780487805, 0.024390243902439025, 0.0]}}