{"6": {"(5, True)": [21.97, 24.27], "(3, True)": [10.43, 6.84], "(4, True)": [33.46, 36.25], "(1, True)": [1135.5, 649.52], "(2, True)": [35.4, 35.4], "(6, False)": [1.9399999999999977, 0.8500000000000014], "health_condition": [1.0, 0.0]}}