{"6": {"(5, True)": [22.41, 22.11, 26.05, 21.47, 22.53, 20.1, 19.23, 18.44, 20.56, 19.28, 19.16, 19.09, 19.47, 16.81, 15.51, 16.93, 16.34, 16.72, 16.15, 20.56, 21.69, 18.87, 16.17, 14.52, 14.94, 15.29, 15.87, 18.45, 19.18, 20.34, 21.05, 21.39, 20.49, 19.78, 20.81, 20.46, 20.8, 23.94, 22.9, 21.68], "(3, True)": [6.59, 6.69, 8.88, 7.3, 16.73, 16.74, 16.73, 16.73, 16.75, 16.7, 16.75, 16.72, 16.74, 16.72, 16.74, 16.72, 16.74, 16.72, 16.7, 16.73, 16.71, 16.72, 16.74, 16.74, 16.75, 16.76, 16.77, 16.7, 16.73, 16.71, 16.73, 16.71, 16.69, 16.74, 16.72, 16.65, 16.7, 4.92, 16.54, 16.71], "(4, True)": [33.59, 27.91, 32.71, 32.08, 31.32, 29.75, 30.73, 31.59, 31.85, 32.57, 32.6, 30.37, 29.83, 29.77, 29.63, 27.92, 27.73, 23.0, 23.67, 22.96, 23.03, 23.15, 22.67, 24.47, 27.81, 26.33, 27.41, 28.82, 29.2, 32.55, 29.6, 29.17, 32.3, 31.13, 28.69, 31.77, 33.65, 37.43, 32.76, 31.09], "(1, True)": [673.02, 649.17, 1028.86, 725.69, 1992.07, 1970.33, 1943.07, 1930.08, 1995.29, 1958.51, 1979.37, 1974.53, 1972.25, 1940.61, 1865.37, 1905.07, 1849.15, 1930.73, 1887.84, 1980.83, 1985.12, 1983.47, 1981.55, 1841.36, 1834.18, 1826.09, 1745.31, 1941.62, 1968.68, 1905.81, 1961.59, 1957.75, 1959.2, 1979.59, 1974.8, 1947.52, 1933.23, 557.76, 1876.6, 1977.24], "(2, True)": [28.62, 30.46, 29.34, 33.5, 32.1, 30.83, 31.04, 29.75, 32.05, 32.2, 32.2, 32.2, 32.2, 29.6, 28.57, 26.6, 26.6, 23.48, 23.1, 23.28, 23.55, 21.88, 21.92, 21.18, 28.56, 26.6, 29.16, 28.55, 29.74, 33.6, 30.51, 29.14, 31.2, 28.44, 30.1, 30.1, 30.3, 33.76, 34.61, 28.52], "(6, False)": [4.970000000000002, 2.5500000000000007, 3.370000000000001, 1.4200000000000017, 0.7800000000000011, 1.0799999999999983, 0.3099999999999987, 1.8399999999999999, 0.19999999999999574, 0.36999999999999744, 0.3999999999999986, 1.8300000000000018, 2.3700000000000045, 0.16999999999999815, 1.0599999999999987, 1.3200000000000003, 1.129999999999999, 0.4800000000000004, 0.5700000000000003, 0.3200000000000003, 0.5199999999999996, 1.2699999999999996, 0.75, 3.289999999999999, 0.75, 0.2700000000000031, 1.75, 0.2699999999999996, 0.5399999999999991, 1.0500000000000043, 0.9100000000000001, 0.030000000000001137, 1.0999999999999979, 2.6899999999999977, 1.4100000000000001, 1.6699999999999982, 3.349999999999998, 3.6700000000000017, 1.8500000000000014, 2.5700000000000003], "health_condition": [1.0, 0.9743589743589743, 0.9487179487179487, 0.9230769230769231, 0.8974358974358975, 0.8717948717948718, 0.8461538461538461, 0.8205128205128205, 0.7948717948717948, 0.7692307692307693, 0.7435897435897436, 0.717948717948718, 0.6923076923076923, 0.6666666666666666, 0.6410256410256411, 0.6153846153846154, 0.5897435897435898, 0.5641025641025641, 0.5384615384615384, 0.5128205128205128, 0.48717948717948717, 0.46153846153846156, 0.4358974358974359, 0.41025641025641024, 0.38461538461538464, 0.358974358974359, 0.3333333333333333, 0.3076923076923077, 0.28205128205128205, 0.2564102564102564, 0.23076923076923078, 0.20512820512820512, 0.1794871794871795, 0.15384615384615385, 0.1282051282051282, 0.10256410256410256, 0.07692307692307693, 0.05128205128205128, 0.02564102564102564, 0.0]}}