{"6": {"(2, True)": [30.11, 27.28, 21.86, 23.1, 23.1, 23.1], "(4, True)": [35.32, 21.51, 22.73, 21.97, 25.35, 25.95], "(3, True)": [2.8, 12.95, 16.75, 16.74, 16.78, 2.55], "(5, True)": [21.55, 20.8, 21.92, 21.8, 24.69, 25.93], "(1, True)": [218.16, 1380.15, 1987.03, 1993.11, 1999.81, 270.98], "(6, False)": [5.210000000000001, 5.77, 0.870000000000001, 1.1300000000000026, 2.25, 2.849999999999998], "health_condition": [1.0, 0.8, 0.6, 0.4, 0.2, 0.0]}}