{"6": {"(5, True)": [21.01, 23.94, 21.21, 23.05, 23.39, 23.83, 22.45], "(3, True)": [6.18, 10.51, 16.73, 16.7, 2.99, 3.43, 10.76], "(2, True)": [45.77, 38.99, 32.75, 32.9, 36.3, 35.45, 33.83], "(4, True)": [43.03, 35.02, 33.18, 31.05, 37.06, 38.86, 37.2], "(1, True)": [603.04, 887.51, 1935.68, 1969.88, 316.08, 72.01, 1094.97], "(6, False)": [2.740000000000002, 3.969999999999999, 0.4299999999999997, 1.8499999999999979, 0.7600000000000051, 3.4099999999999966, 3.3700000000000045], "health_condition": [1.0, 0.8333333333333334, 0.6666666666666666, 0.5, 0.3333333333333333, 0.16666666666666666, 0.0]}}