{"15": {"(3, True)": [13.28, 16.67, 16.65, 16.72, 16.72, 16.7, 16.72, 16.7, 16.71, 16.71, 16.7, 16.73, 16.71, 16.68, 16.76, 16.71, 16.72, 16.71, 16.73, 16.71, 16.73, 16.71, 16.72, 16.73, 16.71, 9.89, 14.4, 16.71, 16.7, 16.7, 16.69, 16.72, 16.7, 16.73, 16.71, 16.71, 16.71, 16.68, 16.71, 16.69, 16.65, 16.73, 16.66, 16.5, 16.61, 16.68], "(2, True)": [221.67, 218.24, 213.67, 218.84, 218.84, 218.84, 218.84, 223.78, 221.3, 224.16, 224.1, 223.2, 223.57, 222.66, 218.84, 218.84, 219.39, 216.7, 219.72, 223.93, 225.85, 218.84, 219.09, 218.14, 223.45, 222.7, 221.24, 220.45, 210.87, 230.36, 215.31, 221.65, 219.88, 209.08, 216.0, 211.48, 216.97, 217.85, 218.4, 217.42, 220.64, 209.17, 215.47, 221.04, 216.48, 221.14], "(5, True)": [13.71, 14.69, 16.53, 18.6, 20.02, 18.39, 20.6, 21.34, 19.19, 18.99, 19.66, 19.51, 18.99, 21.63, 21.21, 23.41, 21.05, 20.08, 21.3, 22.74, 22.84, 24.12, 22.75, 22.06, 23.38, 20.7, 19.09, 19.21, 19.36, 19.12, 17.76, 19.21, 19.21, 19.0, 21.08, 19.83, 18.94, 18.48, 15.6, 16.45, 15.23, 17.53, 15.91, 12.43, 13.59, 14.52], "(1, True)": [1137.85, 1832.54, 1865.29, 1999.39, 2000.06, 1996.14, 1997.39, 1999.2, 1999.81, 1996.73, 1984.65, 1998.83, 1998.31, 1996.22, 1998.05, 1999.49, 1999.76, 2000.06, 1999.91, 1999.2, 1999.29, 1999.51, 1998.71, 1995.93, 1979.77, 1143.85, 1567.62, 1988.59, 1938.96, 1969.16, 1944.37, 1955.05, 1960.19, 1989.79, 1981.63, 1992.8, 1960.48, 1971.48, 1884.73, 1886.69, 1868.23, 1947.47, 1848.99, 1654.79, 1690.22, 1846.54], "(4, True)": [219.43, 214.46, 218.37, 220.47, 217.78, 221.85, 219.03, 218.77, 219.42, 218.67, 222.7, 220.77, 221.54, 221.63, 218.82, 225.2, 221.87, 216.28, 215.91, 221.66, 224.1, 219.92, 218.73, 217.96, 220.66, 217.63, 221.04, 219.14, 215.51, 225.84, 222.74, 215.76, 218.22, 214.29, 213.04, 214.16, 218.05, 218.85, 221.06, 222.04, 225.09, 206.19, 222.78, 208.18, 215.22, 224.54], "(15, False)": [2.2399999999999807, 3.780000000000001, 4.700000000000017, 1.6299999999999955, 1.0600000000000023, 3.009999999999991, 0.18999999999999773, 5.009999999999991, 1.8800000000000239, 5.490000000000009, 1.4000000000000057, 2.4299999999999784, 2.030000000000001, 1.0300000000000011, 0.020000000000010232, 6.359999999999985, 2.480000000000018, 0.4199999999999875, 3.8100000000000023, 2.2700000000000102, 1.75, 1.079999999999984, 0.36000000000001364, 0.1799999999999784, 2.789999999999992, 5.069999999999993, 0.20000000000001705, 1.3100000000000023, 4.639999999999986, 4.52000000000001, 7.430000000000007, 5.890000000000015, 1.6599999999999966, 5.2099999999999795, 2.960000000000008, 2.680000000000007, 1.0800000000000125, 1.0, 2.6599999999999966, 4.6200000000000045, 4.450000000000017, 2.9799999999999898, 7.310000000000002, 12.859999999999985, 1.259999999999991, 3.4000000000000057], "health_condition": [1.0, 0.9777777777777777, 0.9555555555555556, 0.9333333333333333, 0.9111111111111111, 0.8888888888888888, 0.8666666666666667, 0.8444444444444444, 0.8222222222222222, 0.8, 0.7777777777777778, 0.7555555555555555, 0.7333333333333333, 0.7111111111111111, 0.6888888888888889, 0.6666666666666666, 0.6444444444444445, 0.6222222222222222, 0.6, 0.5777777777777777, 0.5555555555555556, 0.5333333333333333, 0.5111111111111111, 0.4888888888888889, 0.4666666666666667, 0.4444444444444444, 0.4222222222222222, 0.4, 0.37777777777777777, 0.35555555555555557, 0.3333333333333333, 0.3111111111111111, 0.28888888888888886, 0.26666666666666666, 0.24444444444444444, 0.2222222222222222, 0.2, 0.17777777777777778, 0.15555555555555556, 0.13333333333333333, 0.1111111111111111, 0.08888888888888889, 0.06666666666666667, 0.044444444444444446, 0.022222222222222223, 0.0]}}