{"15": {"(3, True)": [14.15, 14.66, 15.92, 16.61, 16.73, 13.45, 13.7, 16.68, 16.71, 16.72, 16.71, 16.72, 16.67, 16.71, 16.64, 16.7, 16.73, 16.71, 16.71, 16.69, 16.7, 16.67, 16.69, 16.72, 16.7, 16.74, 16.72, 16.72, 16.69, 16.72], "(2, True)": [226.13, 218.05, 209.32, 214.24, 217.81, 216.85, 210.57, 209.87, 210.09, 212.99, 217.44, 213.18, 215.69, 203.91, 211.66, 216.45, 208.15, 208.76, 212.0, 219.12, 218.41, 214.52, 213.82, 214.92, 221.65, 220.6, 216.48, 216.39, 216.95, 218.26], "(5, True)": [13.95, 18.08, 15.5, 14.73, 17.47, 19.05, 17.73, 17.37, 16.77, 18.09, 17.98, 18.06, 18.09, 16.85, 16.97, 16.87, 16.07, 15.85, 14.4, 14.63, 17.19, 15.37, 17.31, 16.0, 18.16, 17.24, 18.74, 19.33, 18.44, 16.49], "(1, True)": [1217.05, 1604.46, 1727.72, 1733.75, 1931.01, 1430.92, 1377.99, 1860.52, 1868.92, 1930.42, 1949.96, 1949.66, 1920.72, 1894.02, 1817.5, 1975.44, 1952.39, 1922.01, 1882.97, 1692.43, 1955.8, 1943.75, 1993.47, 1989.17, 1995.91, 1992.82, 1987.76, 1987.73, 1992.51, 1977.91], "(4, True)": [225.26, 217.21, 209.34, 211.86, 214.03, 216.61, 210.18, 209.64, 206.62, 215.87, 213.87, 212.79, 214.59, 210.85, 215.83, 217.16, 211.61, 209.14, 212.48, 218.78, 212.68, 210.14, 214.27, 218.72, 218.71, 213.25, 216.44, 216.78, 220.35, 217.12], "(15, False)": [0.8700000000000045, 0.8400000000000034, 0.020000000000010232, 2.3799999999999955, 3.780000000000001, 0.23999999999998067, 0.38999999999998636, 0.2300000000000182, 3.469999999999999, 2.8799999999999955, 3.569999999999993, 0.3900000000000148, 1.0999999999999943, 6.939999999999998, 4.170000000000016, 0.710000000000008, 3.460000000000008, 0.37999999999999545, 0.47999999999998977, 0.3400000000000034, 5.72999999999999, 4.380000000000024, 0.45000000000001705, 3.8000000000000114, 2.9399999999999977, 7.349999999999994, 0.03999999999999204, 0.3900000000000148, 3.4000000000000057, 1.1399999999999864], "health_condition": [1.0, 0.9655172413793104, 0.9310344827586207, 0.896551724137931, 0.8620689655172413, 0.8275862068965517, 0.7931034482758621, 0.7586206896551724, 0.7241379310344828, 0.6896551724137931, 0.6551724137931034, 0.6206896551724138, 0.5862068965517241, 0.5517241379310345, 0.5172413793103449, 0.4827586206896552, 0.4482758620689655, 0.41379310344827586, 0.3793103448275862, 0.3448275862068966, 0.3103448275862069, 0.27586206896551724, 0.2413793103448276, 0.20689655172413793, 0.1724137931034483, 0.13793103448275862, 0.10344827586206896, 0.06896551724137931, 0.034482758620689655, 0.0]}}