{"15": {"(3, True)": [2.37, 10.34], "(4, True)": [290.17, 283.63], "(2, True)": [271.35, 273.8], "(5, True)": [17.22, 16.26], "(1, True)": [248.18, 1144.44], "(15, False)": [18.819999999999993, 9.829999999999984], "health_condition": [1.0, 0.0]}}