{"15": {"(2, True)": [123.78, 128.05, 127.91, 125.3, 125.93, 126.11, 127.73, 131.59, 126.67, 115.41, 122.24, 127.7, 121.74, 131.01], "(3, True)": [8.3, 16.73, 16.71, 16.66, 16.73, 16.7, 16.71, 16.73, 16.71, 16.71, 16.7, 16.73, 16.7, 16.68], "(1, True)": [819.56, 1998.18, 1994.77, 1998.55, 1993.32, 1990.76, 1988.16, 1991.93, 1954.89, 1991.6, 1987.82, 1990.04, 1991.13, 1993.78], "(5, True)": [19.09, 20.95, 20.41, 17.89, 17.19, 16.75, 17.81, 17.88, 16.9, 16.91, 16.22, 17.11, 17.8, 17.02], "(4, True)": [126.39, 128.8, 125.81, 122.92, 127.35, 124.06, 127.2, 126.88, 122.82, 119.51, 129.26, 122.85, 122.35, 125.07], "(15, False)": [2.6099999999999994, 0.75, 2.0999999999999943, 2.3799999999999955, 1.4199999999999875, 2.049999999999997, 0.5300000000000011, 4.710000000000008, 3.8500000000000085, 4.1000000000000085, 7.019999999999996, 4.8500000000000085, 0.6099999999999994, 5.939999999999998], "health_condition": [1.0, 0.9230769230769231, 0.8461538461538461, 0.7692307692307693, 0.6923076923076923, 0.6153846153846154, 0.5384615384615384, 0.46153846153846156, 0.38461538461538464, 0.3076923076923077, 0.23076923076923078, 0.15384615384615385, 0.07692307692307693, 0.0]}}