{"15": {"(2, True)": [357.66, 347.79], "(4, True)": [354.17, 345.69], "(3, True)": [14.35, 16.68], "(5, True)": [22.48, 20.89], "(1, True)": [1506.31, 1959.36], "(15, False)": [3.490000000000009, 2.1000000000000227], "health_condition": [1.0, 0.0]}}