{"15": {"(3, True)": [14.15, 16.7, 16.68, 14.1, 16.74, 16.7, 16.7, 16.71, 16.68, 16.7, 16.7, 16.7, 16.73, 16.7], "(2, True)": [30.9, 22.21, 26.4, 4.41, 35.01, 30.96, 21.92, 10.21, 6.82, 12.49, 21.35, 22.73, 16.91, 6.58], "(5, True)": [17.94, 18.92, 17.31, 14.75, 17.95, 18.11, 18.06, 23.0, 24.2, 21.49, 20.56, 20.74, 19.0, 22.04], "(1, True)": [1505.33, 1995.12, 1946.98, 1457.72, 1989.27, 1978.99, 1983.2, 1976.99, 1994.4, 1998.41, 1996.53, 1997.94, 1998.12, 1993.94], "(4, True)": [33.99, 17.61, 21.96, 15.08, 32.21, 34.22, 18.01, 5.13, 8.58, 14.63, 26.85, 21.87, 14.25, 8.44], "(15, False)": [3.0900000000000034, 4.600000000000001, 4.439999999999998, 10.67, 2.799999999999997, 3.259999999999998, 3.91, 5.080000000000001, 1.7599999999999998, 2.1400000000000006, 5.5, 0.8599999999999994, 2.66, 1.8599999999999994], "health_condition": [1.0, 0.9230769230769231, 0.8461538461538461, 0.7692307692307693, 0.6923076923076923, 0.6153846153846154, 0.5384615384615384, 0.46153846153846156, 0.38461538461538464, 0.3076923076923077, 0.23076923076923078, 0.15384615384615385, 0.07692307692307693, 0.0]}}