{"15": {"(2, True)": [34.87, 5.59, 14.74, 21.5, 11.26, 9.86], "(4, True)": [25.15, 5.06, 7.45, 10.52, 6.07, 10.54], "(3, True)": [11.44, 16.6, 16.15, 16.67, 16.56, 16.52], "(5, True)": [13.43, 14.33, 12.53, 14.17, 14.34, 12.36], "(1, True)": [919.22, 1787.34, 1501.34, 1822.29, 1733.49, 1557.94], "(15, False)": [9.719999999999999, 0.5300000000000002, 7.29, 10.98, 5.1899999999999995, 0.6799999999999997], "health_condition": [1.0, 0.8, 0.6, 0.4, 0.2, 0.0]}}