{"15": {"(3, True)": [12.76, 14.68, 16.51, 16.41, 16.58, 16.56, 16.66, 15.91], "(4, True)": [36.12, 31.87, 31.5, 32.7, 28.01, 33.14, 31.5, 38.8], "(2, True)": [43.22, 23.99, 26.7, 32.8, 30.89, 25.2, 34.35, 35.47], "(5, True)": [11.44, 10.48, 12.66, 11.85, 14.05, 11.83, 14.04, 9.54], "(1, True)": [844.23, 1155.93, 1617.97, 1535.53, 1707.35, 1537.3, 1749.81, 1055.19], "(15, False)": [7.100000000000001, 7.880000000000003, 4.800000000000001, 0.09999999999999432, 2.879999999999999, 7.940000000000001, 2.8500000000000014, 3.3299999999999983], "health_condition": [1.0, 0.8571428571428571, 0.7142857142857143, 0.5714285714285714, 0.42857142857142855, 0.2857142857142857, 0.14285714285714285, 0.0]}}