{"15": {"(5, True)": [20.67, 22.21], "(3, True)": [6.91, 16.25], "(4, True)": [348.57, 326.47], "(2, True)": [22.33, 331.84], "(1, True)": [485.04, 1804.78], "(15, False)": [33.75999999999999, 5.369999999999948], "health_condition": [1.0, 0.0]}}