{"15": {"(3, True)": [5.77, 12.7, 15.69, 16.67, 16.69, 16.73, 15.36, 15.33, 16.68], "(4, True)": [3.37, 357.71, 355.84, 349.48, 350.97, 350.7, 349.18, 347.78, 0.9], "(2, True)": [0.4, 355.12, 352.26, 350.19, 352.24, 350.7, 345.66, 350.94, 5.05], "(5, True)": [21.67, 24.31, 25.85, 21.52, 21.98, 22.27, 21.35, 21.04, 20.34], "(1, True)": [384.36, 1346.73, 1845.57, 1941.62, 1995.46, 1999.96, 1814.07, 1688.87, 1974.21], "(15, False)": [2.97, 2.589999999999975, 3.579999999999984, 0.7099999999999795, 1.2699999999999818, 0.0, 3.519999999999982, 3.160000000000025, 4.1499999999999995], "health_condition": [1.0, 0.875, 0.75, 0.625, 0.5, 0.375, 0.25, 0.125, 0.0]}}