{"15": {"(5, True)": [12.33, 12.76, 13.73, 13.76, 13.19, 13.89, 12.58], "(3, True)": [9.34, 16.7, 16.7, 16.71, 16.6, 16.71, 16.69], "(4, True)": [31.22, 34.03, 31.26, 41.06, 46.48, 40.79, 35.12], "(2, True)": [32.24, 44.04, 35.74, 35.02, 32.24, 47.19, 26.85], "(1, True)": [909.03, 1749.25, 1782.74, 1959.85, 1811.63, 1907.64, 1798.44], "(15, False)": [1.0200000000000031, 10.009999999999998, 4.48, 6.039999999999999, 14.239999999999995, 6.399999999999999, 8.269999999999996], "health_condition": [1.0, 0.8333333333333334, 0.6666666666666666, 0.5, 0.3333333333333333, 0.16666666666666666, 0.0]}}