{"15": {"(3, True)": [14.96, 8.89, 11.97], "(2, True)": [237.6, 218.98, 187.27], "(1, True)": [1745.47, 717.14, 1236.32], "(5, True)": [23.04, 19.47, 18.54], "(4, True)": [224.19, 210.47, 178.22], "(15, False)": [13.409999999999997, 8.509999999999991, 9.050000000000011], "health_condition": [1.0, 0.5, 0.0]}}