{"15": {"(2, True)": [354.67, 351.57, 347.7], "(4, True)": [5.86, 353.43, 352.54], "(3, True)": [11.59, 16.18, 16.69], "(5, True)": [14.98, 13.54, 13.94], "(1, True)": [1247.57, 1517.56, 1862.58], "(15, False)": [11.189999999999998, 1.8600000000000136, 4.840000000000032], "health_condition": [1.0, 0.5, 0.0]}}