{"15": {"(1, True)": [1418.5, 1979.7, 1982.37, 1971.97, 1997.09, 1962.96, 1939.04, 1501.45, 1998.04, 1986.83, 1994.43, 1987.51, 1998.9, 1977.67, 1886.62, 1994.41, 1963.14, 1988.4, 1968.16, 1969.86, 1976.8, 1992.73, 1992.93, 1999.23, 1996.62, 1998.99, 1989.65, 1885.26, 1456.42, 1732.6, 1393.17, 1524.33, 1150.21, 1310.76, 875.71, 715.68, 853.05, 396.74, 426.92, 1005.69, 1585.88, 1696.44, 1497.14, 1698.88, 1498.38], "(2, True)": [29.17, 28.18, 23.04, 29.14, 16.94, 19.39, 17.34, 17.42, 14.8, 22.6, 22.16, 21.26, 19.96, 17.64, 15.4, 26.7, 15.57, 14.64, 13.17, 8.35, 18.96, 15.88, 15.88, 15.88, 15.71, 20.59, 16.59, 10.08, 9.29, 14.08, 13.54, 7.56, 38.09, 7.55, 9.36, 18.83, 34.07, 29.63, 45.25, 16.84, 1.5, 8.35, 5.39, 9.32, 4.86], "(3, True)": [13.72, 16.7, 16.7, 16.7, 16.73, 16.7, 16.69, 14.0, 16.73, 16.71, 16.73, 16.71, 16.69, 16.67, 16.71, 16.71, 16.75, 16.71, 16.68, 16.7, 16.75, 16.69, 16.71, 16.72, 16.68, 16.73, 16.75, 16.73, 14.01, 16.66, 13.93, 16.46, 16.34, 16.27, 15.5, 15.44, 15.8, 14.25, 14.84, 16.07, 16.47, 16.63, 16.43, 16.68, 16.53], "(4, True)": [28.52, 26.31, 24.91, 23.99, 20.26, 21.35, 24.96, 18.98, 19.22, 20.36, 18.17, 21.79, 16.43, 16.58, 18.85, 14.22, 13.24, 16.73, 14.33, 17.11, 17.96, 18.16, 16.04, 14.4, 16.99, 17.23, 16.5, 12.1, 11.31, 12.23, 9.35, 13.35, 30.52, 10.2, 10.52, 29.41, 33.34, 49.14, 43.45, 13.14, 8.68, 4.43, 8.55, 9.47, 9.22], "(5, True)": [17.07, 18.93, 18.37, 18.87, 21.06, 20.12, 17.92, 20.29, 21.13, 21.03, 20.76, 22.04, 22.91, 20.06, 19.47, 19.15, 20.06, 22.73, 21.84, 22.28, 22.82, 23.12, 23.0, 23.0, 22.35, 24.1, 22.42, 19.51, 15.9, 14.57, 14.73, 12.87, 11.99, 11.63, 8.87, 8.51, 8.81, 7.49, 7.6, 10.32, 12.57, 13.36, 12.03, 12.96, 11.41], "(15, False)": [0.6500000000000021, 1.870000000000001, 1.870000000000001, 5.150000000000002, 3.3200000000000003, 1.9600000000000009, 7.620000000000001, 1.5599999999999987, 4.419999999999998, 2.240000000000002, 3.9899999999999984, 0.5299999999999976, 3.530000000000001, 1.0600000000000023, 3.450000000000001, 12.479999999999999, 2.33, 2.09, 1.1600000000000001, 8.76, 1.0, 2.2799999999999994, 0.15999999999999837, 1.4800000000000004, 1.2799999999999976, 3.3599999999999994, 0.08999999999999986, 2.0199999999999996, 2.0200000000000014, 1.8499999999999996, 4.1899999999999995, 5.79, 7.570000000000004, 2.6499999999999995, 1.1600000000000001, 10.580000000000002, 0.7299999999999969, 19.51, 1.7999999999999972, 3.6999999999999993, 7.18, 3.92, 3.160000000000001, 0.15000000000000036, 4.36], "health_condition": [1.0, 0.9772727272727273, 0.9545454545454546, 0.9318181818181818, 0.9090909090909091, 0.8863636363636364, 0.8636363636363636, 0.8409090909090909, 0.8181818181818182, 0.7954545454545454, 0.7727272727272727, 0.75, 0.7272727272727273, 0.7045454545454546, 0.6818181818181818, 0.6590909090909091, 0.6363636363636364, 0.6136363636363636, 0.5909090909090909, 0.5681818181818182, 0.5454545454545454, 0.5227272727272727, 0.5, 0.4772727272727273, 0.45454545454545453, 0.4318181818181818, 0.4090909090909091, 0.38636363636363635, 0.36363636363636365, 0.3409090909090909, 0.3181818181818182, 0.29545454545454547, 0.2727272727272727, 0.25, 0.22727272727272727, 0.20454545454545456, 0.18181818181818182, 0.1590909090909091, 0.13636363636363635, 0.11363636363636363, 0.09090909090909091, 0.06818181818181818, 0.045454545454545456, 0.022727272727272728, 0.0]}}