{"15": {"(3, True)": [13.36, 16.72, 16.73, 16.67, 16.35, 16.48], "(4, True)": [358.28, 359.37, 358.97, 355.88, 351.32, 357.45], "(2, True)": [12.38, 0.65, 355.9, 354.96, 349.91, 354.38], "(5, True)": [15.47, 16.86, 15.46, 14.41, 13.09, 11.96], "(1, True)": [1307.36, 1930.45, 1983.15, 1853.43, 1658.0, 1548.75], "(15, False)": [14.100000000000023, 1.2799999999999727, 3.07000000000005, 0.9200000000000159, 1.4099999999999682, 3.069999999999993], "health_condition": [1.0, 0.8, 0.6, 0.4, 0.2, 0.0]}}