{"15": {"(1, True)": [1379.91, 1639.3, 1281.74], "(2, True)": [332.32, 319.52, 282.04], "(3, True)": [13.39, 14.34, 11.92], "(4, True)": [319.09, 316.33, 268.46], "(5, True)": [20.64, 19.08, 19.92], "(15, False)": [13.230000000000018, 3.1899999999999977, 13.580000000000041], "health_condition": [1.0, 0.5, 0.0]}}