{"15": {"(1, True)": [833.58, 1657.2, 1988.02, 1977.91, 1860.13, 1980.28, 1997.29, 1999.68, 1997.7, 1991.48, 1979.06, 1990.3, 1989.42, 1988.77, 1983.31, 1482.2, 1962.83, 1960.81, 1902.91, 1966.43, 1984.54, 1964.74, 1988.55, 1966.59, 1974.1], "(2, True)": [39.84, 28.62, 13.33, 20.97, 33.6, 28.45, 27.2, 20.85, 24.65, 24.65, 29.43, 37.21, 38.28, 41.07, 40.87, 38.18, 36.96, 33.56, 32.44, 25.21, 23.34, 18.21, 18.39, 20.87, 16.8], "(3, True)": [9.29, 16.21, 16.73, 16.71, 16.7, 16.68, 16.71, 16.7, 16.72, 16.72, 16.71, 16.73, 16.66, 16.69, 16.7, 13.89, 16.7, 16.74, 16.7, 16.7, 16.69, 16.69, 16.7, 16.72, 16.72], "(4, True)": [39.72, 23.82, 15.5, 24.91, 27.24, 27.56, 26.01, 19.93, 20.4, 26.13, 32.58, 38.04, 35.03, 42.17, 40.15, 42.58, 31.28, 29.72, 31.22, 34.45, 20.85, 21.73, 23.42, 25.67, 20.57], "(5, True)": [12.18, 14.1, 16.79, 16.33, 15.05, 16.24, 16.58, 18.73, 17.86, 18.07, 17.18, 17.53, 18.62, 18.5, 19.29, 16.26, 16.12, 17.71, 16.64, 17.75, 20.36, 20.74, 21.51, 21.17, 20.75], "(15, False)": [0.12000000000000455, 4.800000000000001, 2.17, 3.9400000000000013, 6.360000000000003, 0.8900000000000006, 1.1899999999999977, 0.9200000000000017, 4.25, 1.4800000000000004, 3.1499999999999986, 0.8299999999999983, 3.25, 1.1000000000000014, 0.7199999999999989, 4.399999999999999, 5.68, 3.8400000000000034, 1.2199999999999989, 9.240000000000002, 2.4899999999999984, 3.5199999999999996, 5.030000000000001, 4.800000000000001, 3.7699999999999996], "health_condition": [1.0, 0.9583333333333334, 0.9166666666666666, 0.875, 0.8333333333333334, 0.7916666666666666, 0.75, 0.7083333333333334, 0.6666666666666666, 0.625, 0.5833333333333334, 0.5416666666666666, 0.5, 0.4583333333333333, 0.4166666666666667, 0.375, 0.3333333333333333, 0.2916666666666667, 0.25, 0.20833333333333334, 0.16666666666666666, 0.125, 0.08333333333333333, 0.041666666666666664, 0.0]}}