{"15": {"(2, True)": [35.7, 37.47, 42.75, 39.89, 44.79, 44.55, 41.65, 49.4, 49.89, 43.97, 41.55, 49.48, 34.55, 16.12, 21.1, 25.66, 24.15, 16.87, 19.79, 21.91, 19.63, 15.62, 11.16, 23.51, 11.12, 11.37, 47.45, 57.45, 29.61, 24.47, 15.42, 15.32], "(4, True)": [45.03, 39.82, 44.27, 42.13, 44.15, 45.09, 44.87, 44.84, 49.65, 47.84, 47.84, 52.19, 20.24, 18.55, 18.58, 25.28, 15.14, 21.45, 14.19, 22.53, 15.78, 17.38, 22.88, 23.21, 12.49, 12.96, 56.14, 60.85, 29.69, 28.8, 15.65, 14.23], "(3, True)": [13.58, 16.54, 16.71, 16.7, 16.7, 16.7, 16.71, 16.69, 16.68, 16.17, 16.37, 16.0, 16.59, 16.71, 16.71, 16.63, 16.72, 16.73, 16.7, 16.72, 16.65, 16.63, 16.7, 16.64, 15.96, 15.49, 13.91, 14.81, 16.38, 16.47, 16.33, 16.45], "(5, True)": [12.89, 11.71, 13.34, 15.06, 14.72, 13.54, 14.07, 12.91, 13.22, 9.87, 10.16, 8.76, 12.61, 15.4, 15.98, 12.49, 14.23, 14.9, 15.41, 15.14, 16.58, 14.09, 13.91, 12.76, 10.3, 8.85, 6.68, 7.97, 9.39, 11.53, 10.29, 10.63], "(1, True)": [1221.65, 1479.02, 1819.83, 1951.05, 1969.84, 1946.1, 1945.27, 1823.6, 1744.99, 1042.89, 1181.99, 770.89, 1691.38, 1973.54, 1990.66, 1654.21, 1906.45, 1931.34, 1975.44, 1917.43, 1909.45, 1885.45, 1891.06, 1698.92, 1213.8, 978.41, 362.93, 576.16, 915.22, 1405.42, 1280.44, 1275.64], "(15, False)": [9.329999999999998, 2.3500000000000014, 1.5200000000000031, 2.240000000000002, 0.6400000000000006, 0.5400000000000063, 3.219999999999999, 4.559999999999995, 0.240000000000002, 3.8700000000000045, 6.290000000000006, 2.710000000000001, 14.309999999999999, 2.4299999999999997, 2.520000000000003, 0.379999999999999, 9.009999999999998, 4.579999999999998, 5.6, 0.620000000000001, 3.8499999999999996, 1.7599999999999998, 11.719999999999999, 0.3000000000000007, 1.370000000000001, 1.5900000000000016, 8.689999999999998, 3.3999999999999986, 0.08000000000000185, 4.330000000000002, 0.23000000000000043, 1.0899999999999999], "health_condition": [1.0, 0.967741935483871, 0.9354838709677419, 0.9032258064516129, 0.8709677419354839, 0.8387096774193549, 0.8064516129032258, 0.7741935483870968, 0.7419354838709677, 0.7096774193548387, 0.6774193548387096, 0.6451612903225806, 0.6129032258064516, 0.5806451612903226, 0.5483870967741935, 0.5161290322580645, 0.4838709677419355, 0.45161290322580644, 0.41935483870967744, 0.3870967741935484, 0.3548387096774194, 0.3225806451612903, 0.2903225806451613, 0.25806451612903225, 0.22580645161290322, 0.1935483870967742, 0.16129032258064516, 0.12903225806451613, 0.0967741935483871, 0.06451612903225806, 0.03225806451612903, 0.0]}}