{"15": {"(1, True)": [1532.1, 1993.86, 1995.87, 1989.96, 1984.53, 1996.1, 1976.96, 1993.91, 1994.94, 1983.25, 1991.49, 1998.51, 1996.61, 1994.68, 1987.84], "(2, True)": [243.49, 211.79, 201.24, 203.04, 204.47, 209.11, 210.16, 197.27, 204.98, 201.07, 190.09, 188.25, 198.04, 197.08, 192.73], "(3, True)": [14.28, 16.75, 16.72, 16.72, 16.69, 16.7, 16.72, 16.72, 16.71, 16.71, 16.71, 16.72, 16.71, 16.72, 16.72], "(4, True)": [233.92, 206.65, 196.92, 200.84, 207.04, 205.39, 207.88, 206.42, 204.33, 204.16, 188.68, 189.78, 198.7, 190.89, 188.2], "(5, True)": [17.65, 18.29, 19.47, 17.27, 17.29, 17.47, 16.78, 16.68, 17.14, 17.84, 18.46, 19.23, 17.23, 18.43, 18.76], "(15, False)": [9.570000000000022, 5.139999999999986, 4.320000000000022, 2.1999999999999886, 2.569999999999993, 3.7200000000000273, 2.280000000000001, 9.149999999999977, 0.6499999999999773, 3.0900000000000034, 1.4099999999999966, 1.5300000000000011, 0.6599999999999966, 6.190000000000026, 4.530000000000001], "health_condition": [1.0, 0.9285714285714286, 0.8571428571428571, 0.7857142857142857, 0.7142857142857143, 0.6428571428571429, 0.5714285714285714, 0.5, 0.42857142857142855, 0.35714285714285715, 0.2857142857142857, 0.21428571428571427, 0.14285714285714285, 0.07142857142857142, 0.0]}}