{"15": {"(2, True)": [352.92, 18.43, 18.13, 21.84, 18.41, 20.97, 20.51, 19.74, 15.18, 15.18, 17.74, 24.82, 20.09, 20.78, 10.13, 4.82, 16.25, 31.52, 35.73, 47.26, 41.47, 48.45, 50.18, 41.4, 42.76, 38.53, 34.81, 45.73, 43.26, 44.01, 43.61, 19.1, 45.51], "(4, True)": [349.97, 19.61, 20.03, 23.63, 17.78, 19.01, 19.24, 19.5, 18.02, 17.7, 17.04, 20.81, 17.29, 15.08, 9.9, 6.95, 5.04, 38.12, 39.9, 52.36, 55.47, 52.44, 42.03, 41.05, 41.99, 37.67, 37.15, 42.31, 41.24, 42.26, 45.39, 17.57, 39.11], "(3, True)": [12.58, 11.74, 16.73, 16.72, 16.7, 16.7, 16.7, 16.72, 16.71, 16.7, 16.71, 16.72, 16.7, 16.72, 16.57, 16.39, 16.15, 16.5, 15.91, 15.36, 1.12, 3.65, 16.71, 16.67, 16.72, 16.68, 16.66, 16.68, 16.67, 16.72, 16.69, 16.19, 15.04], "(5, True)": [15.56, 20.68, 21.48, 20.5, 21.12, 21.19, 19.94, 18.85, 17.75, 18.98, 18.76, 16.04, 15.25, 13.37, 11.91, 11.12, 11.11, 11.34, 9.64, 8.78, 11.38, 14.97, 14.98, 12.63, 13.51, 13.98, 12.87, 13.65, 14.55, 14.25, 12.55, 9.86, 8.01], "(1, True)": [1354.05, 1121.51, 2000.25, 2000.0, 1999.74, 1999.82, 2000.12, 1999.41, 1999.45, 1999.62, 1999.61, 1998.95, 1992.0, 1818.66, 1576.64, 1337.3, 1324.5, 1361.59, 937.68, 723.22, 33.46, 275.52, 1998.69, 1731.69, 1873.68, 1885.15, 1844.34, 1875.51, 1887.22, 1974.94, 1780.44, 999.77, 524.76], "(15, False)": [2.9499999999999886, 1.1799999999999997, 1.9000000000000021, 1.7899999999999991, 0.629999999999999, 1.9599999999999973, 1.2700000000000031, 0.23999999999999844, 2.84, 2.5199999999999996, 0.6999999999999993, 4.010000000000002, 2.8000000000000007, 5.700000000000001, 0.23000000000000043, 2.13, 11.21, 6.599999999999998, 4.170000000000002, 5.100000000000001, 14.0, 3.989999999999995, 8.149999999999999, 0.3500000000000014, 0.769999999999996, 0.8599999999999994, 2.3399999999999963, 3.4199999999999946, 2.019999999999996, 1.75, 1.7800000000000011, 1.5300000000000011, 6.399999999999999], "health_condition": [1.0, 0.96875, 0.9375, 0.90625, 0.875, 0.84375, 0.8125, 0.78125, 0.75, 0.71875, 0.6875, 0.65625, 0.625, 0.59375, 0.5625, 0.53125, 0.5, 0.46875, 0.4375, 0.40625, 0.375, 0.34375, 0.3125, 0.28125, 0.25, 0.21875, 0.1875, 0.15625, 0.125, 0.09375, 0.0625, 0.03125, 0.0]}}