{"15": {"(1, True)": [319.78, 1597.49, 1986.46, 1959.75, 1956.3, 1848.41, 1755.59, 1916.31, 1663.12, 1576.55, 1431.42, 1439.59, 1493.54, 1834.18, 1686.9, 968.37, 1095.43, 1326.38, 1152.42, 1434.27, 1648.87, 1017.59, 800.02, 620.68, 325.41, 475.56, 992.8, 1540.78, 1669.79, 1686.89, 1670.27, 1634.8, 1478.54, 1987.14, 1985.17, 1995.02, 1997.99, 1999.06, 1997.53, 2000.11, 2000.05, 1993.13, 1997.56, 1977.23, 1970.87, 1878.84, 1518.4, 1868.6, 1712.46, 1591.55, 1434.76, 1101.82, 890.67, 1346.75, 1385.73, 1020.49], "(2, True)": [24.82, 26.23, 26.42, 24.66, 34.29, 33.31, 28.79, 36.57, 26.6, 24.61, 14.6, 14.7, 26.67, 36.93, 35.22, 23.21, 11.13, 19.62, 13.92, 36.72, 34.32, 30.08, 26.94, 17.82, 15.09, 14.1, 8.22, 3.02, 358.88, 0.35, 13.55, 1.09, 22.03, 33.37, 29.51, 29.65, 29.81, 27.45, 32.81, 32.43, 32.2, 35.58, 30.9, 31.11, 31.27, 25.26, 23.96, 26.32, 41.16, 34.7, 46.47, 40.06, 40.69, 41.07, 41.37, 31.51], "(3, True)": [3.55, 14.89, 16.73, 16.72, 16.7, 16.7, 16.64, 16.71, 16.64, 16.62, 16.62, 16.65, 16.58, 16.7, 16.66, 16.16, 16.21, 16.6, 16.37, 16.49, 16.64, 16.07, 15.12, 14.43, 14.26, 14.51, 16.13, 16.37, 16.62, 16.62, 16.68, 16.54, 16.46, 16.69, 16.71, 16.72, 16.73, 16.72, 16.71, 16.72, 16.7, 16.71, 16.7, 16.72, 16.71, 16.7, 16.31, 16.72, 16.66, 16.63, 16.64, 16.29, 15.56, 16.46, 16.59, 15.91], "(4, True)": [26.04, 24.44, 31.07, 34.5, 36.07, 37.36, 37.34, 35.42, 28.64, 26.1, 20.54, 13.89, 40.84, 39.19, 33.33, 29.58, 24.41, 16.1, 23.66, 31.55, 42.07, 33.34, 25.98, 38.15, 23.15, 15.15, 17.7, 358.68, 357.43, 3.99, 9.03, 357.72, 30.13, 29.12, 33.72, 31.7, 26.9, 27.74, 30.29, 30.32, 30.41, 30.31, 31.25, 35.26, 32.09, 32.27, 29.76, 34.32, 39.13, 41.64, 43.41, 42.88, 47.33, 46.63, 40.27, 33.52], "(5, True)": [20.55, 18.15, 17.51, 15.58, 14.82, 13.63, 12.73, 14.29, 12.14, 11.93, 11.31, 11.04, 11.76, 13.53, 12.22, 9.75, 9.91, 10.62, 10.45, 11.28, 12.54, 9.79, 8.77, 7.66, 7.21, 7.23, 9.16, 11.85, 12.3, 11.8, 12.66, 13.91, 12.5, 17.27, 18.64, 19.45, 18.71, 19.88, 19.95, 20.72, 18.92, 17.57, 15.83, 15.51, 14.79, 13.86, 11.5, 14.52, 13.01, 11.79, 11.12, 9.56, 8.89, 10.68, 10.91, 9.79], "(15, False)": [1.2199999999999989, 1.7899999999999991, 4.649999999999999, 9.84, 1.7800000000000011, 4.049999999999997, 8.550000000000004, 1.1499999999999986, 2.039999999999999, 1.490000000000002, 5.9399999999999995, 0.8099999999999987, 14.170000000000002, 2.259999999999998, 1.8900000000000006, 6.369999999999997, 13.28, 3.5199999999999996, 9.74, 5.169999999999998, 7.75, 3.260000000000005, 0.9600000000000009, 20.33, 8.059999999999999, 1.0500000000000007, 9.479999999999999, 4.339999999999975, 1.4499999999999886, 3.64, 4.520000000000001, 3.3699999999999477, 8.099999999999998, 4.2499999999999964, 4.209999999999997, 2.0500000000000007, 2.91, 0.28999999999999915, 2.520000000000003, 2.1099999999999994, 1.7900000000000027, 5.27, 0.3500000000000014, 4.149999999999999, 0.8200000000000038, 7.010000000000002, 5.800000000000001, 8.0, 2.029999999999994, 6.939999999999998, 3.0600000000000023, 2.8200000000000003, 6.640000000000001, 5.560000000000002, 1.0999999999999943, 2.0100000000000016], "health_condition": [1.0, 0.9818181818181818, 0.9636363636363636, 0.9454545454545454, 0.9272727272727272, 0.9090909090909091, 0.8909090909090909, 0.8727272727272727, 0.8545454545454545, 0.8363636363636363, 0.8181818181818182, 0.8, 0.7818181818181819, 0.7636363636363637, 0.7454545454545455, 0.7272727272727273, 0.7090909090909091, 0.6909090909090909, 0.6727272727272727, 0.6545454545454545, 0.6363636363636364, 0.6181818181818182, 0.6, 0.5818181818181818, 0.5636363636363636, 0.5454545454545454, 0.5272727272727272, 0.509090909090909, 0.4909090909090909, 0.4727272727272727, 0.45454545454545453, 0.43636363636363634, 0.41818181818181815, 0.4, 0.38181818181818183, 0.36363636363636365, 0.34545454545454546, 0.32727272727272727, 0.3090909090909091, 0.2909090909090909, 0.2727272727272727, 0.2545454545454545, 0.23636363636363636, 0.21818181818181817, 0.2, 0.18181818181818182, 0.16363636363636364, 0.14545454545454545, 0.12727272727272726, 0.10909090909090909, 0.09090909090909091, 0.07272727272727272, 0.05454545454545454, 0.03636363636363636, 0.01818181818181818, 0.0]}}