{"15": {"(1, True)": [536.19, 1537.66, 1185.64, 1463.58, 1770.9, 1854.82], "(2, True)": [0.67, 347.96, 335.86, 331.47, 348.56, 346.46], "(3, True)": [7.12, 16.61, 16.18, 16.47, 16.69, 16.65], "(4, True)": [355.26, 351.8, 335.64, 348.16, 354.68, 347.67], "(5, True)": [11.91, 11.61, 10.6, 11.84, 12.53, 14.0], "(15, False)": [5.410000000000025, 3.840000000000032, 0.22000000000002728, 16.689999999999998, 6.1200000000000045, 1.2100000000000364], "health_condition": [1.0, 0.8, 0.6, 0.4, 0.2, 0.0]}}