{"15": {"(1, True)": [1363.78, 1963.16], "(2, True)": [316.64, 321.52], "(3, True)": [11.59, 16.72], "(4, True)": [309.58, 316.36], "(5, True)": [17.96, 20.35], "(15, False)": [7.060000000000002, 5.159999999999968], "health_condition": [1.0, 0.0]}}