{"15": {"(2, True)": [34.43, 39.37, 42.29, 41.87, 39.92, 48.41, 38.07, 38.59, 32.04, 25.52, 31.0, 24.3, 20.44, 19.94, 20.3, 23.1, 23.41, 21.03, 25.7, 36.82, 28.23, 36.12, 41.9, 41.18, 44.58, 44.6, 42.84, 41.41, 44.28, 37.7, 39.92, 33.41, 32.47, 33.55, 41.77, 47.26, 39.24, 48.13, 52.22, 48.48, 52.4, 54.91, 51.75, 47.08, 48.13, 47.78, 47.78, 33.27, 44.74, 50.59, 46.53, 38.0, 46.17, 45.63, 50.06], "(4, True)": [47.74, 39.43, 40.88, 43.67, 40.03, 38.66, 34.95, 37.46, 34.75, 20.72, 29.01, 21.47, 24.52, 22.2, 20.48, 23.66, 22.86, 20.12, 25.6, 37.65, 26.72, 38.27, 39.82, 41.31, 51.43, 44.65, 44.66, 39.98, 42.4, 36.24, 42.43, 31.28, 37.7, 40.71, 40.14, 47.23, 46.54, 46.12, 51.31, 53.26, 51.98, 52.02, 50.66, 51.73, 50.26, 50.22, 46.49, 42.73, 49.72, 50.66, 45.75, 48.45, 46.69, 47.0, 46.96], "(3, True)": [8.98, 16.73, 16.72, 16.69, 16.69, 16.72, 16.7, 16.72, 16.75, 16.72, 16.71, 16.71, 16.7, 16.73, 16.71, 16.7, 16.7, 16.73, 16.7, 16.71, 16.69, 16.72, 16.7, 16.69, 16.67, 16.65, 16.7, 16.68, 16.7, 16.72, 16.7, 16.72, 16.69, 16.71, 16.62, 16.71, 16.7, 16.7, 16.72, 16.73, 16.69, 16.71, 16.7, 16.7, 16.7, 16.7, 16.71, 16.72, 16.7, 16.73, 16.71, 16.67, 16.7, 16.73, 16.7], "(5, True)": [13.65, 15.69, 16.13, 15.87, 14.12, 15.81, 15.82, 17.55, 16.46, 16.9, 16.78, 19.32, 17.04, 17.01, 17.0, 16.37, 16.62, 17.21, 15.21, 16.49, 16.98, 15.81, 15.14, 14.22, 13.97, 13.47, 15.02, 15.92, 15.26, 14.63, 15.09, 14.6, 13.42, 13.62, 14.49, 14.43, 14.56, 14.01, 14.54, 14.13, 14.48, 14.34, 14.23, 14.99, 13.95, 14.61, 14.91, 14.01, 14.58, 15.38, 15.67, 14.37, 13.94, 14.41, 14.61], "(1, True)": [873.86, 1994.21, 1998.86, 1992.87, 1936.73, 1970.48, 1946.61, 1960.82, 1980.42, 1995.02, 1983.69, 1999.65, 1996.79, 1999.97, 1997.94, 1976.99, 1969.76, 1993.07, 1967.95, 1986.14, 1977.46, 1996.58, 1990.9, 1907.36, 1854.79, 1828.69, 1938.73, 1971.29, 1986.03, 1957.86, 1965.55, 1949.22, 1889.36, 1933.34, 1928.96, 1927.93, 1907.45, 1928.04, 1987.59, 1947.5, 1966.08, 1922.99, 1901.8, 1953.94, 1946.48, 1993.04, 1991.77, 1937.49, 1935.24, 1998.31, 1992.76, 1922.33, 1986.5, 1991.0, 1979.99], "(15, False)": [13.310000000000002, 0.060000000000002274, 1.4099999999999966, 1.8000000000000043, 0.10999999999999943, 9.75, 3.1199999999999974, 1.1300000000000026, 2.710000000000001, 4.800000000000001, 1.9899999999999984, 2.830000000000002, 4.079999999999998, 2.259999999999998, 0.17999999999999972, 0.5599999999999987, 0.5500000000000007, 0.9100000000000001, 0.09999999999999787, 0.8299999999999983, 1.5100000000000016, 2.1500000000000057, 2.0799999999999983, 0.13000000000000256, 6.850000000000001, 0.04999999999999716, 1.8199999999999932, 1.4299999999999997, 1.8800000000000026, 1.4600000000000009, 2.509999999999998, 2.1299999999999955, 5.230000000000004, 7.160000000000004, 1.6300000000000026, 0.030000000000001137, 7.299999999999997, 2.010000000000005, 0.9099999999999966, 4.780000000000001, 0.4200000000000017, 2.8899999999999935, 1.0900000000000034, 4.649999999999999, 2.1299999999999955, 2.4399999999999977, 1.2899999999999991, 9.459999999999994, 4.979999999999997, 0.06999999999999318, 0.7800000000000011, 10.450000000000003, 0.519999999999996, 1.3699999999999974, 3.1000000000000014], "health_condition": [1.0, 0.9814814814814815, 0.9629629629629629, 0.9444444444444444, 0.9259259259259259, 0.9074074074074074, 0.8888888888888888, 0.8703703703703703, 0.8518518518518519, 0.8333333333333334, 0.8148148148148148, 0.7962962962962963, 0.7777777777777778, 0.7592592592592593, 0.7407407407407407, 0.7222222222222222, 0.7037037037037037, 0.6851851851851852, 0.6666666666666666, 0.6481481481481481, 0.6296296296296297, 0.6111111111111112, 0.5925925925925926, 0.5740740740740741, 0.5555555555555556, 0.5370370370370371, 0.5185185185185185, 0.5, 0.48148148148148145, 0.46296296296296297, 0.4444444444444444, 0.42592592592592593, 0.4074074074074074, 0.3888888888888889, 0.37037037037037035, 0.35185185185185186, 0.3333333333333333, 0.3148148148148148, 0.2962962962962963, 0.2777777777777778, 0.25925925925925924, 0.24074074074074073, 0.2222222222222222, 0.2037037037037037, 0.18518518518518517, 0.16666666666666666, 0.14814814814814814, 0.12962962962962962, 0.1111111111111111, 0.09259259259259259, 0.07407407407407407, 0.05555555555555555, 0.037037037037037035, 0.018518518518518517, 0.0]}}