{"15": {"(3, True)": [3.46, 4.84, 16.72, 15.42, 7.15, 16.7, 16.69, 16.71, 16.73, 16.69, 16.73, 16.71, 16.69, 16.7, 16.73, 16.69, 16.7, 16.72, 16.7, 16.71, 16.76, 16.69], "(4, True)": [337.72, 334.45, 331.49, 328.36, 332.1, 329.13, 337.24, 330.38, 332.93, 333.35, 332.79, 334.81, 330.41, 330.78, 323.73, 332.22, 334.78, 325.59, 330.15, 326.69, 322.33, 341.4], "(2, True)": [347.28, 331.96, 332.27, 329.61, 332.8, 330.31, 333.95, 329.79, 331.65, 331.27, 335.08, 335.07, 329.77, 333.31, 326.05, 324.15, 335.3, 330.6, 333.0, 325.7, 325.38, 332.27], "(5, True)": [19.33, 23.26, 25.52, 25.97, 23.68, 22.74, 23.5, 22.03, 22.32, 21.35, 19.43, 19.35, 18.67, 17.12, 19.36, 17.5, 18.8, 19.9, 20.22, 20.53, 20.37, 18.11], "(1, True)": [354.24, 409.76, 1995.69, 1820.59, 692.69, 1998.31, 1996.52, 1991.0, 1999.2, 1999.52, 1999.98, 1999.9, 1974.45, 1985.33, 1999.23, 1962.74, 1995.36, 1999.48, 1982.77, 1999.25, 1982.49, 1977.55], "(15, False)": [9.559999999999945, 2.490000000000009, 0.7799999999999727, 1.25, 0.6999999999999886, 1.1800000000000068, 3.2900000000000205, 0.589999999999975, 1.2800000000000296, 2.080000000000041, 2.2899999999999636, 0.2599999999999909, 0.6400000000000432, 2.5300000000000296, 2.319999999999993, 8.07000000000005, 0.5200000000000387, 5.010000000000048, 2.8500000000000227, 0.9900000000000091, 3.0500000000000114, 9.129999999999995], "health_condition": [1.0, 0.9523809523809523, 0.9047619047619048, 0.8571428571428571, 0.8095238095238095, 0.7619047619047619, 0.7142857142857143, 0.6666666666666666, 0.6190476190476191, 0.5714285714285714, 0.5238095238095238, 0.47619047619047616, 0.42857142857142855, 0.38095238095238093, 0.3333333333333333, 0.2857142857142857, 0.23809523809523808, 0.19047619047619047, 0.14285714285714285, 0.09523809523809523, 0.047619047619047616, 0.0]}}