{"15": {"(1, True)": [949.06, 639.54, 1271.18, 1715.34, 1641.86, 1468.85], "(2, True)": [314.74, 16.64, 38.19, 16.52, 26.02, 13.68], "(3, True)": [14.05, 15.24, 16.42, 16.7, 16.56, 16.58], "(4, True)": [313.49, 4.15, 26.97, 15.94, 22.96, 19.23], "(5, True)": [11.52, 8.52, 12.27, 13.68, 12.83, 12.49], "(15, False)": [1.25, 12.49, 11.219999999999999, 0.5800000000000001, 3.0599999999999987, 5.550000000000001], "health_condition": [1.0, 0.8, 0.6, 0.4, 0.2, 0.0]}}