{"15": {"(1, True)": [1198.55, 1355.63, 1596.39, 1387.53, 1496.17, 1676.11, 1857.32, 1784.08, 1569.59, 1512.72, 1643.29, 1891.0, 1826.74, 1707.42, 1661.22, 1863.44, 1939.61, 1791.19, 1457.2, 1621.93, 1350.9], "(2, True)": [330.82, 329.78, 321.85, 307.72, 345.51, 330.4, 339.51, 326.93, 331.84, 349.61, 336.7, 343.12, 324.78, 308.58, 332.21, 342.88, 343.24, 345.44, 338.2, 338.13, 337.0], "(3, True)": [13.99, 15.77, 16.7, 16.58, 16.6, 16.69, 16.7, 16.68, 16.6, 16.51, 16.6, 16.7, 16.69, 16.69, 16.39, 16.72, 16.69, 16.68, 16.42, 16.64, 16.13], "(4, True)": [333.83, 341.91, 322.49, 314.11, 348.36, 338.48, 343.25, 331.1, 353.64, 341.51, 349.2, 346.01, 327.14, 310.98, 344.03, 344.47, 346.0, 344.09, 342.91, 347.12, 338.53], "(5, True)": [12.87, 12.31, 14.38, 12.45, 12.33, 13.41, 14.24, 13.87, 12.87, 12.45, 12.45, 13.98, 13.96, 12.56, 12.71, 13.08, 13.88, 13.85, 11.86, 12.8, 11.25], "(15, False)": [3.009999999999991, 12.130000000000052, 0.6399999999999864, 6.389999999999986, 2.8500000000000227, 8.080000000000041, 3.740000000000009, 4.170000000000016, 21.80000000000001, 8.100000000000023, 12.5, 2.8899999999999864, 2.3600000000000136, 2.400000000000034, 11.819999999999993, 1.5900000000000318, 2.759999999999991, 1.3500000000000227, 4.710000000000036, 8.990000000000009, 1.5299999999999727], "health_condition": [1.0, 0.95, 0.9, 0.85, 0.8, 0.75, 0.7, 0.65, 0.6, 0.55, 0.5, 0.45, 0.4, 0.35, 0.3, 0.25, 0.2, 0.15, 0.1, 0.05, 0.0]}}