{"15": {"(1, True)": [1152.65, 1611.89, 1963.99, 1955.52, 1969.98, 1811.98], "(2, True)": [36.88, 19.45, 15.81, 15.49, 13.12, 17.09], "(3, True)": [13.9, 16.57, 16.71, 16.74, 16.68, 16.54], "(4, True)": [39.99, 14.12, 12.87, 12.95, 15.35, 13.73], "(5, True)": [11.84, 13.08, 17.21, 17.41, 18.34, 16.55], "(15, False)": [3.1099999999999994, 5.33, 2.9400000000000013, 2.540000000000001, 2.2300000000000004, 3.3599999999999994], "health_condition": [1.0, 0.8, 0.6, 0.4, 0.2, 0.0]}}