{"15": {"(1, True)": [809.09, 1474.85], "(2, True)": [342.53, 320.93], "(3, True)": [12.16, 14.83], "(4, True)": [331.32, 316.07], "(5, True)": [12.86, 17.76], "(15, False)": [11.20999999999998, 4.860000000000014], "health_condition": [1.0, 0.0]}}