{"15": {"(2, True)": [346.47, 341.46, 331.54, 332.67, 331.8, 4.06, 353.2, 5.19, 359.47, 13.36, 6.91, 5.7, 353.06, 0.7, 357.62, 342.87, 348.69, 0.23, 12.04, 8.63], "(4, True)": [344.92, 337.5, 333.56, 330.96, 345.18, 3.48, 6.61, 9.1, 11.34, 10.07, 7.09, 14.63, 356.54, 1.35, 358.31, 353.81, 4.72, 4.21, 17.22, 13.21], "(3, True)": [12.09, 16.69, 16.71, 16.7, 16.37, 16.34, 16.03, 16.68, 16.01, 15.57, 14.33, 14.38, 15.6, 16.57, 16.35, 16.23, 16.31, 16.13, 15.25, 15.65], "(5, True)": [11.85, 13.5, 13.86, 13.83, 11.27, 12.02, 11.38, 11.88, 9.96, 9.15, 7.43, 7.06, 9.62, 11.23, 10.17, 9.87, 11.22, 9.43, 8.45, 8.59], "(1, True)": [995.07, 1786.66, 1789.93, 1837.52, 1307.58, 1452.37, 1304.99, 1522.96, 1112.63, 787.81, 494.23, 344.68, 925.24, 1422.59, 1157.1, 1014.33, 1303.41, 935.15, 646.09, 802.88], "(15, False)": [1.5500000000000114, 3.9599999999999795, 2.019999999999982, 1.7100000000000364, 13.379999999999995, 0.5799999999999996, 13.410000000000025, 3.9099999999999993, 11.869999999999948, 3.289999999999999, 0.17999999999999972, 8.93, 3.480000000000018, 0.6500000000000001, 0.6899999999999977, 10.939999999999998, 16.03000000000003, 3.98, 5.18, 4.58], "health_condition": [1.0, 0.9473684210526315, 0.8947368421052632, 0.8421052631578947, 0.7894736842105263, 0.7368421052631579, 0.6842105263157895, 0.631578947368421, 0.5789473684210527, 0.5263157894736842, 0.47368421052631576, 0.42105263157894735, 0.3684210526315789, 0.3157894736842105, 0.2631578947368421, 0.21052631578947367, 0.15789473684210525, 0.10526315789473684, 0.05263157894736842, 0.0]}}