{"15": {"(2, True)": [0.7, 17.87, 6.34, 6.64, 355.98, 6.13, 21.28, 9.99, 354.36], "(3, True)": [12.27, 10.43, 15.68, 16.41, 16.42, 15.34, 15.16, 15.22, 15.87], "(1, True)": [828.61, 312.51, 914.58, 1260.27, 1069.43, 879.78, 853.46, 756.9, 1043.99], "(5, True)": [11.77, 7.53, 9.17, 10.15, 10.26, 8.64, 8.89, 8.61, 10.46], "(4, True)": [0.16, 15.0, 25.28, 5.51, 6.54, 12.5, 25.33, 11.97, 357.91], "(15, False)": [0.5399999999999999, 2.870000000000001, 18.94, 1.13, 10.560000000000002, 6.37, 4.049999999999997, 1.9800000000000004, 3.5500000000000114], "health_condition": [1.0, 0.875, 0.75, 0.625, 0.5, 0.375, 0.25, 0.125, 0.0]}}