{"15": {"(3, True)": [11.35, 16.71], "(2, True)": [134.27, 114.22], "(5, True)": [19.68, 19.46], "(1, True)": [1010.49, 1937.83], "(4, True)": [132.63, 114.54], "(15, False)": [1.6400000000000148, 0.3200000000000074], "health_condition": [1.0, 0.0]}}