{"15": {"(2, True)": [340.59, 318.95, 287.6, 277.86, 278.67, 294.74, 292.86, 284.42], "(3, True)": [13.85, 16.72, 16.73, 16.74, 16.72, 16.71, 16.66, 16.67], "(1, True)": [1458.54, 1984.43, 1974.98, 1996.12, 1999.02, 1986.81, 2000.47, 1991.24], "(5, True)": [22.01, 20.81, 19.46, 21.66, 24.51, 21.45, 22.61, 21.04], "(4, True)": [335.2, 314.8, 285.27, 278.22, 278.89, 292.47, 285.05, 289.7], "(15, False)": [5.389999999999986, 4.149999999999977, 2.330000000000041, 0.36000000000001364, 0.21999999999997044, 2.269999999999982, 7.810000000000002, 5.279999999999973], "health_condition": [1.0, 0.8571428571428571, 0.7142857142857143, 0.5714285714285714, 0.42857142857142855, 0.2857142857142857, 0.14285714285714285, 0.0]}}