{"15": {"(5, True)": [11.96, 12.54], "(3, True)": [8.84, 16.64], "(4, True)": [47.36, 49.49], "(2, True)": [33.64, 47.12], "(1, True)": [631.41, 1590.73], "(15, False)": [13.719999999999999, 2.3700000000000045], "health_condition": [1.0, 0.0]}}