{"15": {"(2, True)": [25.32, 13.17, 28.34, 42.5, 36.47, 8.93, 10.16, 27.15, 24.38, 26.63, 26.92, 32.99, 19.11, 21.27, 26.11, 38.3, 19.7, 30.02, 11.8, 7.73, 10.78, 2.28, 7.37, 9.82, 14.03, 13.45, 13.45, 2.72, 14.48, 7.06, 42.11, 27.36, 1.3, 0.72, 357.19, 0.9, 5.37, 18.05, 25.56, 49.18], "(4, True)": [25.03, 15.55, 34.13, 47.94, 21.46, 6.45, 9.63, 22.65, 18.43, 49.18, 32.83, 34.93, 28.44, 25.35, 27.21, 44.05, 22.29, 30.87, 12.5, 7.33, 7.25, 9.87, 8.95, 14.14, 8.82, 15.59, 12.01, 9.91, 15.69, 17.0, 50.17, 14.93, 359.72, 357.61, 358.01, 0.91, 6.26, 9.74, 33.15, 47.08], "(3, True)": [11.45, 13.86, 13.38, 1.82, 15.27, 14.88, 15.07, 15.12, 13.89, 14.72, 14.68, 14.3, 15.62, 16.05, 16.25, 16.36, 16.04, 15.84, 15.23, 16.14, 16.32, 16.53, 16.61, 16.13, 16.5, 16.55, 16.69, 16.5, 16.11, 14.53, 13.5, 15.95, 16.71, 16.45, 16.71, 16.64, 16.15, 16.11, 14.76, 15.21], "(5, True)": [10.16, 10.45, 11.13, 8.31, 7.73, 8.87, 8.93, 9.42, 6.7, 7.61, 7.37, 7.46, 8.48, 9.7, 10.25, 10.31, 9.13, 9.09, 8.1, 9.54, 10.31, 10.75, 11.22, 9.78, 10.04, 10.04, 11.26, 10.77, 8.88, 7.94, 6.89, 9.8, 12.23, 13.28, 13.9, 11.68, 10.81, 9.14, 7.86, 9.07], "(1, True)": [693.02, 1015.21, 567.08, 1.18, 555.78, 753.61, 698.46, 700.32, 253.69, 544.36, 553.85, 471.59, 807.41, 855.43, 1135.39, 1164.97, 840.16, 873.88, 705.56, 1137.27, 1197.13, 1447.17, 1527.17, 1170.7, 1129.55, 1157.75, 1523.59, 1358.85, 835.13, 546.11, 219.64, 1067.95, 1599.89, 1612.87, 1851.65, 1553.79, 1333.54, 1042.85, 667.84, 759.09], "(15, False)": [0.28999999999999915, 2.380000000000001, 5.790000000000003, 5.439999999999998, 15.009999999999998, 2.4799999999999995, 0.5299999999999994, 4.5, 5.949999999999999, 22.55, 5.909999999999997, 1.9399999999999977, 9.330000000000002, 4.080000000000002, 1.1000000000000014, 5.75, 2.59, 0.8500000000000014, 0.6999999999999993, 0.40000000000000036, 3.5299999999999994, 7.59, 1.5799999999999992, 4.32, 5.209999999999999, 2.1400000000000006, 1.4399999999999995, 7.1899999999999995, 1.209999999999999, 9.940000000000001, 8.060000000000002, 12.43, 1.579999999999984, 3.1100000000000136, 0.8199999999999932, 0.010000000000000009, 0.8899999999999997, 8.31, 7.59, 2.1000000000000014], "health_condition": [1.0, 0.9743589743589743, 0.9487179487179487, 0.9230769230769231, 0.8974358974358975, 0.8717948717948718, 0.8461538461538461, 0.8205128205128205, 0.7948717948717948, 0.7692307692307693, 0.7435897435897436, 0.717948717948718, 0.6923076923076923, 0.6666666666666666, 0.6410256410256411, 0.6153846153846154, 0.5897435897435898, 0.5641025641025641, 0.5384615384615384, 0.5128205128205128, 0.48717948717948717, 0.46153846153846156, 0.4358974358974359, 0.41025641025641024, 0.38461538461538464, 0.358974358974359, 0.3333333333333333, 0.3076923076923077, 0.28205128205128205, 0.2564102564102564, 0.23076923076923078, 0.20512820512820512, 0.1794871794871795, 0.15384615384615385, 0.1282051282051282, 0.10256410256410256, 0.07692307692307693, 0.05128205128205128, 0.02564102564102564, 0.0]}}