{"15": {"(1, True)": [1755.42, 1704.03, 1969.76, 1981.0, 1954.59, 1994.75, 2000.28, 1999.27, 1996.29, 1980.83, 1914.61, 1455.1, 1918.99, 1948.85, 1779.73, 1509.12, 1850.24, 1905.13, 1821.94, 1669.67], "(2, True)": [36.98, 18.3, 15.6, 12.52, 16.8, 21.19, 20.54, 17.99, 19.99, 28.64, 29.75, 34.47, 36.78, 46.0, 28.34, 23.66, 24.78, 26.96, 32.36, 25.83], "(3, True)": [15.1, 15.94, 16.72, 16.72, 16.73, 16.72, 16.73, 16.7, 16.7, 16.69, 16.69, 13.78, 16.7, 16.71, 16.62, 16.63, 16.66, 16.69, 16.68, 16.57], "(4, True)": [43.44, 18.19, 18.05, 21.41, 18.64, 21.84, 23.92, 20.72, 18.6, 39.09, 39.29, 32.52, 42.98, 45.97, 30.12, 31.71, 29.6, 23.36, 47.18, 28.08], "(5, True)": [16.75, 15.85, 17.26, 17.82, 17.7, 17.98, 19.62, 18.95, 18.57, 15.39, 14.26, 15.99, 13.77, 14.85, 12.43, 11.95, 13.63, 14.11, 14.18, 13.34], "(15, False)": [6.460000000000001, 0.10999999999999943, 2.450000000000001, 8.89, 1.8399999999999999, 0.6499999999999986, 3.3800000000000026, 2.7300000000000004, 1.389999999999997, 10.450000000000003, 9.54, 1.9499999999999957, 6.199999999999996, 0.030000000000001137, 1.7800000000000011, 8.05, 4.82, 3.6000000000000014, 14.82, 2.25], "health_condition": [1.0, 0.9473684210526315, 0.8947368421052632, 0.8421052631578947, 0.7894736842105263, 0.7368421052631579, 0.6842105263157895, 0.631578947368421, 0.5789473684210527, 0.5263157894736842, 0.47368421052631576, 0.42105263157894735, 0.3684210526315789, 0.3157894736842105, 0.2631578947368421, 0.21052631578947367, 0.15789473684210525, 0.10526315789473684, 0.05263157894736842, 0.0]}}