{"15": {"(1, True)": [928.1, 1355.56, 1927.71, 1884.15, 1849.33, 1660.23, 1865.06, 1280.12, 1689.08, 1318.36, 1358.72], "(2, True)": [38.33, 51.81, 45.91, 51.81, 33.94, 43.26, 48.18, 40.04, 42.54, 30.4, 31.65], "(3, True)": [9.49, 14.52, 16.71, 16.69, 16.71, 16.61, 16.71, 16.33, 16.69, 16.33, 16.44], "(4, True)": [47.57, 48.89, 50.57, 47.73, 47.25, 46.09, 46.84, 40.34, 44.8, 41.69, 36.96], "(5, True)": [12.35, 12.19, 14.54, 14.25, 13.74, 12.99, 15.28, 10.83, 12.53, 10.56, 11.39], "(15, False)": [9.240000000000002, 2.9200000000000017, 4.660000000000004, 4.080000000000005, 13.310000000000002, 2.8300000000000054, 1.3399999999999963, 0.30000000000000426, 2.259999999999998, 11.29, 5.310000000000002], "health_condition": [1.0, 0.9, 0.8, 0.7, 0.6, 0.5, 0.4, 0.3, 0.2, 0.1, 0.0]}}