{"15": {"(2, True)": [43.39, 22.27, 12.26], "(4, True)": [40.27, 22.55, 12.29], "(3, True)": [15.3, 13.52, 15.95], "(5, True)": [8.66, 10.37, 10.36], "(1, True)": [533.12, 761.46, 1081.1], "(15, False)": [3.1199999999999974, 0.28000000000000114, 0.02999999999999936], "health_condition": [1.0, 0.5, 0.0]}}