{"15": {"(1, True)": [1394.79, 1906.0, 1838.92, 1022.2, 419.91, 285.66], "(2, True)": [50.67, 36.24, 19.49, 32.0, 55.48, 19.94], "(3, True)": [16.45, 16.72, 16.69, 15.32, 12.01, 13.88], "(4, True)": [47.17, 40.3, 22.39, 26.78, 57.87, 19.4], "(5, True)": [10.75, 13.48, 14.24, 9.56, 7.6, 7.34], "(15, False)": [3.5, 4.059999999999995, 2.900000000000002, 5.219999999999999, 2.3900000000000006, 0.5400000000000027], "health_condition": [1.0, 0.8, 0.6, 0.4, 0.2, 0.0]}}