{"15": {"(1, True)": [264.72, 1112.31], "(2, True)": [355.07, 340.14], "(3, True)": [7.32, 15.62], "(4, True)": [344.23, 344.05], "(5, True)": [12.46, 12.63], "(15, False)": [10.839999999999975, 3.910000000000025], "health_condition": [1.0, 0.0]}}