{"15": {"(2, True)": [303.17, 276.17], "(3, True)": [14.19, 16.71], "(1, True)": [1502.66, 1983.28], "(5, True)": [18.43, 18.66], "(4, True)": [279.24, 276.13], "(15, False)": [23.930000000000007, 0.040000000000020464], "health_condition": [1.0, 0.0]}}