{"15": {"(2, True)": [1.35, 2.26, 359.97, 4.39, 359.69, 348.14, 330.87, 335.09, 342.3, 16.79, 340.87, 337.73, 331.33, 335.57, 341.24, 345.73, 345.92], "(4, True)": [3.63, 6.84, 358.89, 356.58, 0.15, 341.28, 334.09, 333.51, 9.42, 5.02, 340.16, 330.18, 332.02, 335.02, 339.94, 342.65, 350.1], "(3, True)": [15.5, 8.66, 16.7, 16.65, 16.7, 16.76, 16.72, 16.67, 15.85, 15.52, 16.71, 16.72, 16.72, 16.72, 16.73, 15.26, 12.11], "(5, True)": [11.25, 14.24, 13.73, 13.14, 15.98, 17.78, 23.72, 17.51, 9.93, 9.0, 12.73, 18.47, 20.54, 23.82, 24.63, 26.14, 19.89], "(1, True)": [1030.74, 850.26, 1751.87, 1503.19, 1971.81, 1974.6, 1999.69, 1948.65, 910.71, 791.24, 1759.66, 1977.82, 1999.6, 1998.37, 1998.93, 1789.86, 1210.42], "(15, False)": [2.28, 4.58, 1.080000000000041, 7.810000000000002, 0.45999999999997954, 6.860000000000014, 3.2199999999999704, 1.579999999999984, 27.120000000000005, 11.77, 0.7099999999999795, 7.550000000000011, 0.6899999999999977, 0.5500000000000114, 1.3000000000000114, 3.080000000000041, 4.180000000000007], "health_condition": [1.0, 0.9375, 0.875, 0.8125, 0.75, 0.6875, 0.625, 0.5625, 0.5, 0.4375, 0.375, 0.3125, 0.25, 0.1875, 0.125, 0.0625, 0.0]}}