{"15": {"(5, True)": [15.86, 15.81, 15.87, 15.45, 15.84, 14.32, 13.16, 13.88], "(3, True)": [14.86, 16.11, 16.7, 16.72, 16.69, 16.68, 16.7, 16.67], "(4, True)": [1.1, 336.86, 316.62, 330.87, 319.03, 323.36, 331.37, 320.15], "(2, True)": [2.24, 341.71, 313.8, 334.04, 320.71, 319.37, 325.02, 319.82], "(1, True)": [1731.88, 1773.9, 1994.26, 1965.44, 1959.25, 1949.11, 1800.21, 1824.96], "(15, False)": [1.1400000000000001, 4.849999999999966, 2.819999999999993, 3.170000000000016, 1.6800000000000068, 3.990000000000009, 6.350000000000023, 0.3299999999999841], "health_condition": [1.0, 0.8571428571428571, 0.7142857142857143, 0.5714285714285714, 0.42857142857142855, 0.2857142857142857, 0.14285714285714285, 0.0]}}