{"15": {"(5, True)": [10.17, 10.65, 9.42, 7.08, 6.81, 8.05, 7.9, 9.12, 9.54, 9.66, 10.7], "(3, True)": [9.35, 14.24, 15.83, 14.06, 14.26, 15.01, 14.9, 15.71, 15.69, 16.13, 16.4], "(4, True)": [30.55, 36.92, 9.13, 31.01, 62.59, 53.19, 46.74, 44.21, 52.01, 49.38, 45.75], "(2, True)": [38.0, 35.6, 15.08, 28.34, 45.34, 45.2, 48.19, 39.42, 38.45, 41.68, 45.25], "(1, True)": [328.64, 1032.49, 1048.09, 411.23, 468.04, 669.5, 698.86, 859.89, 859.92, 1035.1, 1378.2], "(15, False)": [7.449999999999999, 1.3200000000000003, 5.949999999999999, 2.6700000000000017, 17.25, 7.989999999999995, 1.4499999999999957, 4.789999999999999, 13.559999999999995, 7.700000000000003, 0.5], "health_condition": [1.0, 0.9, 0.8, 0.7, 0.6, 0.5, 0.4, 0.3, 0.2, 0.1, 0.0]}}