{"32": {"(2, True)": [51.24, 53.2, 26.77, 23.17], "(4, True)": [32.13, 28.02, 23.8, 20.78], "(3, True)": [12.82, 3.14, 16.6, 16.56], "(5, True)": [16.85, 17.53, 16.33, 15.42], "(1, True)": [1416.91, 231.91, 1935.86, 1867.69], "(32, False)": [19.11, 25.180000000000003, 2.969999999999999, 2.3900000000000006], "health_condition": [1.0, 0.6666666666666666, 0.3333333333333333, 0.0]}}