{"32": {"(3, True)": [8.45, 5.16, 16.57, 16.61, 16.56, 16.56, 16.6, 16.55], "(2, True)": [29.45, 33.42, 35.7, 29.29, 27.85, 27.94, 30.4, 30.73], "(5, True)": [17.1, 20.5, 21.0, 20.35, 20.52, 19.45, 19.12, 19.13], "(1, True)": [887.59, 365.72, 1976.24, 2000.25, 1983.44, 1988.74, 1979.08, 1960.45], "(4, True)": [31.38, 32.85, 36.23, 31.24, 31.0, 30.59, 30.49, 29.92], "(32, False)": [1.9299999999999997, 0.5700000000000003, 0.529999999999994, 1.9499999999999993, 3.1499999999999986, 2.6499999999999986, 0.08999999999999986, 0.8099999999999987], "health_condition": [1.0, 0.8571428571428571, 0.7142857142857143, 0.5714285714285714, 0.42857142857142855, 0.2857142857142857, 0.14285714285714285, 0.0]}}