{"32": {"(2, True)": [36.92, 40.93, 37.03, 33.39, 29.98, 27.95, 37.25], "(4, True)": [40.99, 40.22, 36.03, 38.24, 30.51, 33.21, 36.85], "(3, True)": [4.2, 11.97, 16.54, 16.59, 16.57, 16.52, 16.57], "(5, True)": [14.7, 19.77, 18.02, 17.69, 18.54, 19.21, 17.85], "(1, True)": [376.77, 1254.79, 1920.14, 1881.76, 1947.79, 1923.07, 1925.45], "(32, False)": [4.07, 0.7100000000000009, 1.0, 4.850000000000001, 0.5300000000000011, 5.260000000000002, 0.3999999999999986], "health_condition": [1.0, 0.8333333333333334, 0.6666666666666666, 0.5, 0.3333333333333333, 0.16666666666666666, 0.0]}}