{"32": {"(1, True)": [946.99, 211.86], "(2, True)": [45.3, 45.5], "(3, True)": [10.55, 2.05], "(4, True)": [44.18, 47.96], "(5, True)": [23.36, 23.98], "(32, False)": [1.1199999999999974, 2.460000000000001], "health_condition": [1.0, 0.0]}}