{"27": {"(1, True)": [592.05, 1711.41, 1888.5, 1842.42, 1908.05, 1898.58, 1866.8, 1741.23], "(2, True)": [20.41, 21.88, 20.29, 20.27, 18.0, 13.7, 16.66, 8.13], "(3, True)": [7.88, 16.54, 16.72, 16.76, 16.78, 16.75, 16.78, 16.67], "(4, True)": [24.24, 21.85, 19.63, 16.84, 14.33, 16.04, 14.21, 8.58], "(5, True)": [9.4, 13.81, 13.82, 13.87, 14.76, 16.13, 14.71, 13.48], "(27, False)": [3.8299999999999983, 0.029999999999997584, 0.6600000000000001, 3.4299999999999997, 3.67, 2.34, 2.4499999999999993, 0.4499999999999993], "health_condition": [1.0, 0.8571428571428571, 0.7142857142857143, 0.5714285714285714, 0.42857142857142855, 0.2857142857142857, 0.14285714285714285, 0.0]}}