{"27": {"(2, True)": [93.85, 96.55, 164.5, 169.01, 239.8, 238.75, 235.73, 312.6, 267.61, 107.48, 59.31, 54.2, 56.98, 46.54, 46.01, 44.33, 65.68, 71.25, 48.79, 54.24], "(3, True)": [12.36, 8.62, 7.13, 6.64, 12.25, 11.61, 4.05, 10.84, 11.77, 8.33, 15.14, 15.23, 14.18, 14.43, 12.81, 12.86, 9.87, 10.97, 13.55, 13.63], "(1, True)": [216.64, 20.12, 6.67, 34.25, 64.56, 12.97, 22.67, 11.22, 74.65, 122.56, 751.43, 960.78, 463.29, 492.91, 170.37, 148.42, 15.23, 46.42, 251.74, 315.94], "(5, True)": [5.6, 4.43, 4.28, 4.19, 4.84, 3.79, 4.26, 3.35, 4.84, 5.44, 8.5, 9.46, 6.72, 7.19, 5.27, 5.19, 4.34, 4.41, 5.88, 6.12], "(4, True)": [80.95, 108.16, 171.23, 147.2, 230.18, 251.85, 266.56, 315.96, 270.02, 78.48, 55.3, 54.42, 57.96, 47.1, 60.05, 46.82, 71.19, 66.56, 49.41, 54.21], "(27, False)": [12.899999999999991, 11.61, 6.72999999999999, 21.810000000000002, 9.620000000000005, 13.099999999999994, 30.830000000000013, 3.359999999999957, 2.409999999999968, 29.0, 4.010000000000005, 0.21999999999999886, 0.980000000000004, 0.5600000000000023, 14.04, 2.490000000000002, 5.509999999999991, 4.689999999999998, 0.6199999999999974, 0.030000000000001137], "health_condition": [1.0, 0.9473684210526315, 0.8947368421052632, 0.8421052631578947, 0.7894736842105263, 0.7368421052631579, 0.6842105263157895, 0.631578947368421, 0.5789473684210527, 0.5263157894736842, 0.47368421052631576, 0.42105263157894735, 0.3684210526315789, 0.3157894736842105, 0.2631578947368421, 0.21052631578947367, 0.15789473684210525, 0.10526315789473684, 0.05263157894736842, 0.0]}}