{"27": {"(1, True)": [290.32, 1088.21, 985.96, 1769.02, 1623.59, 1797.88, 1759.43, 1755.63, 1910.19, 1900.3, 1789.6, 1909.09, 1797.85], "(2, True)": [347.5, 345.28, 354.34, 335.26, 336.13, 331.84, 340.42, 339.76, 331.0, 332.06, 330.34, 329.38, 320.02], "(3, True)": [8.8, 15.52, 15.87, 16.75, 16.76, 16.78, 16.8, 16.71, 16.77, 16.78, 16.76, 16.79, 16.76], "(4, True)": [8.82, 346.64, 349.93, 328.87, 332.47, 331.98, 336.19, 335.87, 331.09, 332.79, 331.5, 325.31, 322.08], "(5, True)": [9.97, 12.75, 10.5, 14.66, 13.82, 14.55, 14.42, 16.33, 17.45, 15.26, 14.59, 17.28, 16.07], "(27, False)": [21.319999999999993, 1.3600000000000136, 4.409999999999968, 6.389999999999986, 3.659999999999968, 0.1400000000000432, 4.230000000000018, 3.8899999999999864, 0.08999999999997499, 0.7300000000000182, 1.160000000000025, 4.069999999999993, 2.0600000000000023], "health_condition": [1.0, 0.9166666666666666, 0.8333333333333334, 0.75, 0.6666666666666666, 0.5833333333333334, 0.5, 0.4166666666666667, 0.3333333333333333, 0.25, 0.16666666666666666, 0.08333333333333333, 0.0]}}