{"27": {"(1, True)": [1455.92, 1988.97, 1995.3, 1985.34, 1986.31, 1977.52, 1978.36, 1827.37, 1591.24, 1633.46, 1661.55], "(2, True)": [48.49, 29.39, 33.33, 33.91, 33.71, 33.52, 33.55, 28.27, 25.19, 34.8, 39.78], "(3, True)": [14.21, 16.79, 16.8, 16.78, 16.79, 16.79, 16.79, 16.69, 16.65, 16.53, 16.71], "(4, True)": [34.06, 32.68, 30.81, 32.94, 32.15, 37.44, 33.99, 30.17, 30.09, 33.46, 29.12], "(5, True)": [15.87, 17.06, 17.46, 18.07, 17.74, 18.07, 18.55, 15.34, 13.01, 13.45, 14.08], "(27, False)": [14.43, 3.289999999999999, 2.5199999999999996, 0.9699999999999989, 1.5600000000000023, 3.9199999999999946, 0.44000000000000483, 1.9000000000000021, 4.899999999999999, 1.3399999999999963, 10.66], "health_condition": [1.0, 0.9, 0.8, 0.7, 0.6, 0.5, 0.4, 0.3, 0.2, 0.1, 0.0]}}