{"27": {"(2, True)": [3.98, 16.25, 30.27, 17.48, 11.8, 3.7, 9.66, 6.72, 5.75, 5.68], "(3, True)": [9.93, 15.44, 13.84, 16.08, 16.05, 15.31, 15.17, 16.51, 16.7, 16.74], "(1, True)": [640.15, 996.54, 355.07, 1306.92, 1377.86, 1032.27, 878.89, 1574.99, 1853.04, 1806.88], "(5, True)": [11.98, 9.91, 6.55, 11.23, 11.55, 9.23, 8.94, 12.11, 14.64, 15.23], "(4, True)": [358.36, 11.43, 30.58, 20.9, 359.67, 8.32, 5.29, 2.73, 353.78, 358.56], "(27, False)": [5.6200000000000045, 4.82, 0.3099999999999987, 3.419999999999998, 12.129999999999995, 4.62, 4.37, 3.9899999999999998, 11.970000000000027, 7.1200000000000045], "health_condition": [1.0, 0.8888888888888888, 0.7777777777777778, 0.6666666666666666, 0.5555555555555556, 0.4444444444444444, 0.3333333333333333, 0.2222222222222222, 0.1111111111111111, 0.0]}}