{"27": {"(1, True)": [148.22, 600.08, 1171.77, 660.8], "(2, True)": [55.48, 40.41, 42.9, 55.21], "(3, True)": [6.42, 15.16, 16.26, 15.28], "(4, True)": [55.41, 32.37, 41.26, 43.03], "(5, True)": [8.94, 8.67, 10.59, 8.81], "(27, False)": [0.07000000000000028, 8.04, 1.6400000000000006, 12.18], "health_condition": [1.0, 0.6666666666666666, 0.3333333333333333, 0.0]}}