{"27": {"(1, True)": [495.38, 657.38, 868.39, 204.72, 1379.12, 1042.57, 807.15], "(2, True)": [73.14, 85.87, 70.67, 109.65, 72.58, 66.13, 76.48], "(3, True)": [10.75, 14.46, 15.34, 13.38, 15.89, 16.11, 15.12], "(4, True)": [79.76, 76.22, 81.32, 127.09, 59.68, 68.29, 75.64], "(5, True)": [7.53, 7.8, 8.84, 5.86, 11.25, 10.01, 8.36], "(27, False)": [6.6200000000000045, 9.650000000000006, 10.649999999999991, 17.439999999999998, 12.899999999999999, 2.160000000000011, 0.8400000000000034], "health_condition": [1.0, 0.8333333333333334, 0.6666666666666666, 0.5, 0.3333333333333333, 0.16666666666666666, 0.0]}}