{"27": {"(1, True)": [436.02, 556.88, 1043.5, 630.69, 449.87, 433.21, 459.32, 355.39, 275.24], "(2, True)": [346.99, 96.18, 44.88, 61.97, 89.89, 63.06, 65.0, 83.89, 65.04], "(3, True)": [9.79, 8.96, 16.5, 14.78, 12.24, 14.77, 14.57, 14.52, 13.93], "(4, True)": [357.18, 50.09, 45.37, 54.18, 69.29, 68.92, 70.66, 82.41, 72.15], "(5, True)": [11.43, 9.89, 9.7, 8.23, 7.21, 8.06, 7.22, 7.26, 6.5], "(27, False)": [10.189999999999998, 46.09, 0.4899999999999949, 7.789999999999999, 20.599999999999994, 5.859999999999999, 5.659999999999997, 1.480000000000004, 7.109999999999999], "health_condition": [1.0, 0.875, 0.75, 0.625, 0.5, 0.375, 0.25, 0.125, 0.0]}}