{"27": {"(3, True)": [9.5, 13.4, 12.47, 13.22, 10.94, 15.87, 14.4, 14.16, 13.72, 15.6, 15.82, 13.67, 15.78, 16.74], "(5, True)": [6.75, 6.12, 7.25, 6.74, 9.99, 11.5, 6.9, 7.98, 6.53, 9.2, 9.84, 7.23, 10.9, 15.35], "(4, True)": [348.78, 346.49, 355.46, 52.52, 46.98, 18.4, 30.82, 347.76, 341.71, 342.02, 350.84, 358.45, 3.84, 7.1], "(2, True)": [341.89, 345.19, 3.5, 40.68, 55.07, 27.41, 24.37, 12.81, 339.46, 343.29, 349.28, 0.39, 13.01, 7.68], "(1, True)": [174.3, 167.32, 193.81, 292.55, 720.28, 1300.45, 492.7, 467.64, 284.65, 920.1, 1087.7, 403.43, 1151.52, 1890.79], "(27, False)": [6.889999999999986, 1.3000000000000114, 8.04000000000002, 11.840000000000003, 8.090000000000003, 9.010000000000002, 6.449999999999999, 25.05000000000001, 2.25, 1.2700000000000387, 1.5600000000000023, 1.9399999999999977, 9.17, 0.5800000000000001], "health_condition": [1.0, 0.9230769230769231, 0.8461538461538461, 0.7692307692307693, 0.6923076923076923, 0.6153846153846154, 0.5384615384615384, 0.46153846153846156, 0.38461538461538464, 0.3076923076923077, 0.23076923076923078, 0.15384615384615385, 0.07692307692307693, 0.0]}}