{"27": {"(1, True)": [33.4, 610.48], "(2, True)": [31.29, 68.19], "(3, True)": [6.13, 14.48], "(4, True)": [77.23, 71.43], "(5, True)": [6.24, 7.52], "(27, False)": [45.940000000000005, 3.240000000000009], "health_condition": [1.0, 0.0]}}