{"27": {"(2, True)": [301.93, 298.89, 304.69, 315.9, 315.86, 286.89, 308.56, 302.02, 300.42, 304.59, 310.45, 304.37, 274.12, 296.58, 291.12, 340.39], "(4, True)": [294.38, 284.03, 301.46, 313.92, 294.14, 289.25, 312.62, 290.35, 301.42, 301.15, 306.02, 299.46, 270.79, 297.35, 279.72, 344.68], "(3, True)": [11.18, 13.64, 14.33, 14.45, 13.02, 14.09, 13.25, 12.6, 14.67, 14.89, 14.69, 12.81, 13.71, 11.04, 12.74, 9.73], "(5, True)": [6.8, 6.01, 7.32, 7.22, 5.12, 6.84, 5.86, 7.38, 7.28, 7.79, 7.5, 5.19, 6.11, 5.75, 5.5, 4.23], "(1, True)": [284.18, 291.08, 482.28, 538.04, 162.92, 443.87, 225.81, 288.36, 599.4, 711.75, 583.76, 122.71, 332.07, 218.21, 269.74, 21.35], "(27, False)": [7.550000000000011, 14.860000000000014, 3.230000000000018, 1.9799999999999613, 21.720000000000027, 2.3600000000000136, 4.060000000000002, 11.669999999999959, 1.0, 3.4399999999999977, 4.430000000000007, 4.910000000000025, 3.329999999999984, 0.7700000000000387, 11.399999999999977, 4.2900000000000205], "health_condition": [1.0, 0.9333333333333333, 0.8666666666666667, 0.8, 0.7333333333333333, 0.6666666666666666, 0.6, 0.5333333333333333, 0.4666666666666667, 0.4, 0.3333333333333333, 0.26666666666666666, 0.2, 0.13333333333333333, 0.06666666666666667, 0.0]}}