{"27": {"(3, True)": [12.15, 6.45, 9.09], "(2, True)": [69.37, 28.85, 39.68], "(5, True)": [7.76, 8.69, 9.24], "(1, True)": [365.0, 171.35, 316.9], "(4, True)": [43.58, 28.19, 27.01], "(27, False)": [25.790000000000006, 0.6600000000000001, 12.669999999999998], "health_condition": [1.0, 0.5, 0.0]}}