{"27": {"(1, True)": [50.63, 1898.13, 1999.88, 1999.57, 1997.94, 1781.48, 1265.45, 813.07, 383.25, 404.17, 332.17, 412.21, 540.0, 523.07, 503.74, 480.38, 455.77, 409.72, 311.11, 205.51, 26.36], "(2, True)": [323.51, 313.61, 310.02, 310.29, 308.25, 305.96, 304.82, 310.34, 302.26, 314.13, 314.87, 302.68, 306.72, 303.73, 305.13, 301.8, 298.47, 301.42, 301.0, 301.42, 288.25], "(3, True)": [0.75, 16.71, 16.78, 16.78, 16.79, 16.74, 16.77, 16.43, 14.7, 14.46, 13.99, 14.96, 15.92, 15.83, 15.85, 15.67, 15.04, 14.85, 14.15, 12.7, 9.17], "(4, True)": [310.95, 299.7, 295.41, 297.67, 298.69, 296.85, 304.4, 304.97, 306.11, 312.15, 312.07, 305.92, 308.28, 302.67, 302.2, 298.73, 302.82, 303.12, 302.56, 304.42, 296.44], "(5, True)": [17.49, 15.81, 15.34, 15.95, 13.95, 12.54, 10.58, 9.09, 7.24, 7.08, 6.74, 7.62, 8.1, 7.6, 8.09, 7.73, 7.62, 7.6, 7.02, 5.94, 4.25], "(27, False)": [12.560000000000002, 13.910000000000025, 14.609999999999957, 12.620000000000005, 9.560000000000002, 9.109999999999957, 0.4200000000000159, 5.369999999999948, 3.8500000000000227, 1.9800000000000182, 2.8000000000000114, 3.240000000000009, 1.5599999999999454, 1.0600000000000023, 2.930000000000007, 3.069999999999993, 4.349999999999966, 1.6999999999999886, 1.5600000000000023, 3.0, 8.189999999999998], "health_condition": [1.0, 0.95, 0.9, 0.85, 0.8, 0.75, 0.7, 0.65, 0.6, 0.55, 0.5, 0.45, 0.4, 0.35, 0.3, 0.25, 0.2, 0.15, 0.1, 0.05, 0.0]}}