{"27": {"(2, True)": [296.5, 299.25, 301.55, 294.99], "(3, True)": [13.42, 15.86, 14.62, 15.49], "(1, True)": [992.4, 1269.92, 541.72, 957.6], "(5, True)": [11.07, 10.41, 7.51, 9.84], "(4, True)": [292.06, 289.48, 294.42, 285.53], "(27, False)": [4.439999999999998, 9.769999999999982, 7.1299999999999955, 9.460000000000036], "health_condition": [1.0, 0.6666666666666666, 0.3333333333333333, 0.0]}}