{"27": {"(2, True)": [38.29, 54.17], "(4, True)": [44.49, 69.58], "(3, True)": [12.84, 11.41], "(5, True)": [11.67, 7.68], "(1, True)": [567.27, 281.9], "(27, False)": [6.200000000000003, 15.409999999999997], "health_condition": [1.0, 0.0]}}