{"27": {"(5, True)": [10.07, 8.96, 10.74, 9.34, 9.08, 10.39], "(3, True)": [12.75, 14.85, 16.05, 15.5, 15.11, 15.8], "(4, True)": [335.87, 324.46, 318.79, 325.37, 330.94, 323.87], "(2, True)": [336.55, 343.95, 318.38, 323.26, 326.78, 323.79], "(1, True)": [779.28, 583.38, 1179.12, 913.14, 933.86, 1158.89], "(27, False)": [0.6800000000000068, 19.49000000000001, 0.410000000000025, 2.1100000000000136, 4.160000000000025, 0.07999999999998408], "health_condition": [1.0, 0.8, 0.6, 0.4, 0.2, 0.0]}}