{"27": {"(1, True)": [1193.42, 1207.34, 849.22, 646.03, 837.94, 1013.78, 1138.03, 1574.44, 1316.85, 1978.4, 1932.73, 1863.85, 2000.2, 1910.91, 2000.29, 1971.95, 1924.16, 1997.27, 1995.36, 1999.54, 1996.06, 1220.42, 1641.61, 2000.47, 1999.91, 1997.76, 1999.49, 1996.52], "(2, True)": [308.27, 289.04, 295.24, 298.63, 304.08, 304.2, 300.96, 292.04, 288.81, 290.2, 284.5, 283.75, 287.26, 284.12, 283.26, 283.53, 283.48, 285.39, 290.36, 287.32, 281.23, 287.66, 281.16, 284.29, 284.51, 285.44, 283.64, 277.44], "(3, True)": [13.47, 15.71, 15.49, 14.82, 15.38, 15.7, 16.07, 16.66, 16.5, 16.79, 16.8, 16.67, 16.8, 16.79, 16.79, 16.78, 16.75, 16.76, 16.78, 16.78, 16.8, 16.22, 16.59, 16.83, 16.8, 16.8, 16.79, 16.77], "(4, True)": [296.63, 289.5, 296.9, 294.6, 306.19, 300.32, 300.85, 290.19, 290.95, 287.78, 284.86, 280.45, 286.18, 282.14, 283.2, 281.25, 281.06, 284.94, 291.53, 284.44, 281.13, 284.07, 281.96, 284.47, 285.11, 285.18, 279.79, 279.7], "(5, True)": [13.37, 11.2, 8.94, 8.21, 9.25, 9.59, 10.52, 11.72, 10.65, 13.56, 14.24, 14.2, 15.1, 14.51, 17.76, 17.45, 16.34, 18.34, 16.59, 16.21, 14.27, 10.69, 12.9, 17.8, 19.59, 22.53, 22.48, 22.04], "(27, False)": [11.639999999999986, 0.45999999999997954, 1.6599999999999682, 4.029999999999973, 2.1100000000000136, 3.8799999999999955, 0.1099999999999568, 1.8500000000000227, 2.1399999999999864, 2.420000000000016, 0.36000000000001364, 3.3000000000000114, 1.079999999999984, 1.9800000000000182, 0.060000000000002274, 2.2799999999999727, 2.420000000000016, 0.44999999999998863, 1.169999999999959, 2.8799999999999955, 0.10000000000002274, 3.590000000000032, 0.7999999999999545, 0.18000000000000682, 0.6000000000000227, 0.2599999999999909, 3.849999999999966, 2.259999999999991], "health_condition": [1.0, 0.9629629629629629, 0.9259259259259259, 0.8888888888888888, 0.8518518518518519, 0.8148148148148148, 0.7777777777777778, 0.7407407407407407, 0.7037037037037037, 0.6666666666666666, 0.6296296296296297, 0.5925925925925926, 0.5555555555555556, 0.5185185185185185, 0.48148148148148145, 0.4444444444444444, 0.4074074074074074, 0.37037037037037035, 0.3333333333333333, 0.2962962962962963, 0.25925925925925924, 0.2222222222222222, 0.18518518518518517, 0.14814814814814814, 0.1111111111111111, 0.07407407407407407, 0.037037037037037035, 0.0]}}