{"27": {"(1, True)": [315.73, 922.01], "(2, True)": [273.62, 228.78], "(3, True)": [7.43, 8.98], "(4, True)": [250.66, 221.18], "(5, True)": [10.64, 18.8], "(27, False)": [22.960000000000008, 7.599999999999994], "health_condition": [1.0, 0.0]}}