{"27": {"(1, True)": [621.56, 1102.07, 1186.23], "(2, True)": [70.82, 47.33, 52.07], "(3, True)": [12.97, 14.29, 15.69], "(4, True)": [64.04, 48.48, 52.03], "(5, True)": [10.99, 14.06, 13.34], "(27, False)": [6.779999999999987, 1.1499999999999986, 0.03999999999999915], "health_condition": [1.0, 0.5, 0.0]}}