{"27": {"(2, True)": [95.69, 64.55, 75.01, 66.56, 47.49, 37.77], "(4, True)": [73.23, 61.77, 78.16, 59.21, 53.07, 73.73], "(3, True)": [10.6, 14.86, 14.27, 15.09, 15.16, 10.2], "(5, True)": [9.62, 8.32, 6.79, 8.64, 8.51, 6.07], "(1, True)": [199.65, 511.48, 299.13, 723.29, 722.53, 36.72], "(27, False)": [22.459999999999994, 2.779999999999994, 3.1499999999999915, 7.350000000000001, 5.579999999999998, 35.96], "health_condition": [1.0, 0.8, 0.6, 0.4, 0.2, 0.0]}}