{"27": {"(3, True)": [11.57, 16.75], "(5, True)": [12.08, 15.58], "(4, True)": [352.42, 345.47], "(2, True)": [353.68, 349.58], "(1, True)": [1026.61, 1804.06], "(27, False)": [1.259999999999991, 4.109999999999957], "health_condition": [1.0, 0.0]}}