{"27": {"(1, True)": [120.23, 201.48, 554.33, 567.85, 724.65, 911.2, 1549.45, 773.43, 949.89, 542.15, 641.7, 555.53, 42.96, 260.0, 168.52, 51.71, 7.76, 263.29, 860.17, 766.06, 297.29, 143.27, 295.73, 786.07, 60.17, 265.15, 47.75], "(2, True)": [69.12, 131.42, 106.76, 66.82, 65.11, 49.79, 49.24, 59.06, 56.78, 65.41, 65.89, 63.17, 334.45, 68.61, 59.94, 52.54, 83.66, 58.61, 51.99, 54.33, 63.5, 35.88, 62.25, 47.78, 50.82, 58.48, 125.11], "(3, True)": [7.51, 12.63, 14.61, 14.56, 14.95, 15.53, 16.74, 15.11, 14.98, 14.63, 14.74, 14.13, 12.22, 13.57, 12.77, 11.63, 7.41, 13.58, 15.33, 15.69, 13.55, 9.85, 8.99, 15.17, 12.41, 13.32, 11.19], "(4, True)": [90.77, 137.88, 87.02, 66.65, 64.04, 46.31, 46.9, 56.14, 62.93, 63.44, 65.91, 67.06, 331.32, 49.17, 58.71, 65.62, 92.85, 50.6, 56.24, 56.74, 65.07, 60.16, 58.4, 47.99, 58.01, 68.58, 130.17], "(5, True)": [6.28, 5.41, 7.31, 7.41, 8.2, 8.69, 11.24, 8.2, 8.66, 7.13, 7.73, 7.32, 4.34, 6.23, 5.07, 4.6, 4.6, 6.14, 8.49, 8.21, 6.45, 5.86, 5.59, 7.8, 4.64, 5.99, 4.12], "(27, False)": [21.64999999999999, 6.460000000000008, 19.74000000000001, 0.1699999999999875, 1.0699999999999932, 3.479999999999997, 2.3400000000000034, 2.9200000000000017, 6.149999999999999, 1.9699999999999989, 0.01999999999999602, 3.8900000000000006, 3.1299999999999955, 19.439999999999998, 1.2299999999999969, 13.080000000000005, 9.189999999999998, 8.009999999999998, 4.25, 2.4100000000000037, 1.5699999999999932, 24.279999999999994, 3.8500000000000014, 0.21000000000000085, 7.189999999999998, 10.100000000000001, 5.059999999999988], "health_condition": [1.0, 0.9615384615384616, 0.9230769230769231, 0.8846153846153846, 0.8461538461538461, 0.8076923076923077, 0.7692307692307693, 0.7307692307692307, 0.6923076923076923, 0.6538461538461539, 0.6153846153846154, 0.5769230769230769, 0.5384615384615384, 0.5, 0.46153846153846156, 0.4230769230769231, 0.38461538461538464, 0.34615384615384615, 0.3076923076923077, 0.2692307692307692, 0.23076923076923078, 0.19230769230769232, 0.15384615384615385, 0.11538461538461539, 0.07692307692307693, 0.038461538461538464, 0.0]}}