{"27": {"(2, True)": [172.46, 150.52, 149.32, 142.21], "(3, True)": [14.78, 16.74, 16.77, 16.76], "(1, True)": [1634.77, 1913.88, 1949.96, 1943.65], "(5, True)": [17.8, 18.67, 16.18, 14.95], "(4, True)": [156.83, 131.26, 138.05, 122.96], "(27, False)": [15.629999999999995, 19.26000000000002, 11.269999999999982, 19.250000000000014], "health_condition": [1.0, 0.6666666666666666, 0.3333333333333333, 0.0]}}