{"27": {"(1, True)": [1270.95, 1753.92, 1947.27, 1805.26, 1869.25, 1632.35, 1719.38], "(2, True)": [26.17, 22.44, 22.83, 17.59, 25.01, 26.25, 10.82], "(3, True)": [13.89, 16.64, 16.74, 16.69, 16.75, 16.64, 16.68], "(4, True)": [22.97, 21.89, 18.5, 21.24, 21.93, 22.67, 16.5], "(5, True)": [14.01, 13.83, 16.64, 15.6, 15.67, 12.59, 13.07], "(27, False)": [3.200000000000003, 0.5500000000000007, 4.329999999999998, 3.6499999999999986, 3.080000000000002, 3.5799999999999983, 5.68], "health_condition": [1.0, 0.8333333333333334, 0.6666666666666666, 0.5, 0.3333333333333333, 0.16666666666666666, 0.0]}}