{"27": {"(1, True)": [265.95, 498.78, 450.99, 665.31], "(2, True)": [15.98, 348.35, 327.42, 358.0], "(3, True)": [12.0, 15.3, 15.44, 15.84], "(4, True)": [356.96, 350.06, 343.82, 13.39], "(5, True)": [8.34, 8.5, 8.73, 9.38], "(27, False)": [19.02000000000004, 1.7099999999999795, 16.399999999999977, 15.389999999999986], "health_condition": [1.0, 0.6666666666666666, 0.3333333333333333, 0.0]}}