{"27": {"(3, True)": [4.35, 1.72, 16.79, 16.79], "(2, True)": [306.97, 274.33, 281.82, 272.86], "(5, True)": [15.54, 15.49, 15.79, 16.16], "(1, True)": [313.4, 74.87, 1952.23, 1992.99], "(4, True)": [286.22, 279.64, 270.2, 261.11], "(27, False)": [20.75, 5.310000000000002, 11.620000000000005, 11.75], "health_condition": [1.0, 0.6666666666666666, 0.3333333333333333, 0.0]}}