{"27": {"(5, True)": [12.87, 12.9], "(3, True)": [13.03, 3.96], "(4, True)": [327.89, 335.1], "(2, True)": [328.78, 329.64], "(1, True)": [1195.68, 271.42], "(27, False)": [0.8899999999999864, 5.460000000000036], "health_condition": [1.0, 0.0]}}