{"27": {"(5, True)": [6.3, 7.92, 8.03, 9.77, 10.93, 12.14, 13.39, 15.47, 15.8, 15.09, 14.64, 11.38], "(3, True)": [4.28, 14.46, 14.55, 14.69, 15.73, 16.39, 16.7, 16.67, 16.78, 16.75, 16.68, 16.15], "(4, True)": [86.08, 77.1, 111.53, 95.78, 61.35, 52.25, 55.38, 50.95, 53.28, 48.37, 47.29, 58.95], "(2, True)": [34.4, 85.77, 87.66, 110.51, 65.31, 51.16, 51.73, 47.4, 48.73, 49.16, 48.1, 53.73], "(1, True)": [65.0, 538.76, 455.56, 730.26, 1190.01, 1518.27, 1717.85, 1717.32, 1914.46, 1897.05, 1740.85, 1294.46], "(27, False)": [51.68, 8.670000000000002, 23.870000000000005, 14.730000000000004, 3.960000000000001, 1.0900000000000034, 3.6500000000000057, 3.5500000000000043, 4.550000000000004, 0.7899999999999991, 0.8100000000000023, 5.220000000000006], "health_condition": [1.0, 0.9090909090909091, 0.8181818181818182, 0.7272727272727273, 0.6363636363636364, 0.5454545454545454, 0.45454545454545453, 0.36363636363636365, 0.2727272727272727, 0.18181818181818182, 0.09090909090909091, 0.0]}}