{"27": {"(1, True)": [28.55, 1351.87], "(2, True)": [296.02, 304.1], "(3, True)": [3.37, 16.12], "(4, True)": [302.21, 300.62], "(5, True)": [9.93, 11.69], "(27, False)": [6.189999999999998, 3.480000000000018], "health_condition": [1.0, 0.0]}}