{"27": {"(2, True)": [46.33, 356.03, 359.2, 8.29, 34.45], "(4, True)": [36.18, 346.47, 357.11, 11.58, 78.08], "(3, True)": [10.6, 5.14, 11.09, 8.85, 11.59], "(5, True)": [9.75, 5.65, 6.35, 8.0, 7.44], "(1, True)": [728.07, 19.74, 185.16, 221.2, 99.35], "(27, False)": [10.149999999999999, 9.559999999999945, 2.089999999999975, 3.290000000000001, 43.629999999999995], "health_condition": [1.0, 0.75, 0.5, 0.25, 0.0]}}