{"27": {"(2, True)": [113.33, 84.6, 70.87, 80.51, 70.73, 52.55, 57.73, 58.64, 49.54, 41.27, 25.36, 28.12, 20.94, 29.07, 28.98, 20.5, 20.5, 15.59, 17.67, 31.74, 29.91, 17.21, 29.61], "(4, True)": [101.98, 74.13, 59.22, 71.55, 68.82, 49.03, 59.52, 61.64, 43.6, 37.94, 34.71, 30.43, 18.37, 27.36, 29.47, 18.46, 20.18, 15.88, 21.19, 33.26, 22.9, 15.27, 22.35], "(3, True)": [8.42, 15.05, 15.08, 15.04, 15.28, 15.57, 14.26, 14.27, 14.51, 13.85, 15.18, 16.02, 14.92, 15.55, 16.7, 16.77, 16.74, 16.67, 16.55, 15.88, 15.92, 16.73, 16.24], "(5, True)": [8.63, 7.75, 8.0, 7.98, 8.69, 8.7, 7.45, 6.9, 7.49, 6.54, 8.49, 8.96, 7.61, 8.5, 10.36, 11.71, 12.46, 10.65, 11.4, 9.41, 11.62, 14.89, 11.24], "(1, True)": [199.76, 569.95, 595.54, 531.68, 592.09, 764.84, 473.45, 315.7, 435.15, 267.42, 659.08, 768.78, 546.3, 625.99, 1106.09, 1508.97, 1651.82, 1213.04, 1396.61, 906.48, 1260.46, 1835.03, 1169.14], "(27, False)": [11.349999999999994, 10.469999999999999, 11.650000000000006, 8.960000000000008, 1.9100000000000108, 3.519999999999996, 1.7900000000000063, 3.0, 5.939999999999998, 3.3300000000000054, 9.350000000000001, 2.3099999999999987, 2.5700000000000003, 1.7100000000000009, 0.48999999999999844, 2.039999999999999, 0.3200000000000003, 0.2900000000000009, 3.5199999999999996, 1.5199999999999996, 7.010000000000002, 1.9400000000000013, 7.259999999999998], "health_condition": [1.0, 0.9545454545454546, 0.9090909090909091, 0.8636363636363636, 0.8181818181818182, 0.7727272727272727, 0.7272727272727273, 0.6818181818181818, 0.6363636363636364, 0.5909090909090909, 0.5454545454545454, 0.5, 0.45454545454545453, 0.4090909090909091, 0.36363636363636365, 0.3181818181818182, 0.2727272727272727, 0.22727272727272727, 0.18181818181818182, 0.13636363636363635, 0.09090909090909091, 0.045454545454545456, 0.0]}}