{"27": {"(2, True)": [48.37, 52.78, 57.86], "(4, True)": [54.41, 54.51, 54.94], "(3, True)": [11.84, 1.47, 14.63], "(5, True)": [10.47, 10.14, 7.92], "(1, True)": [686.21, 1.04, 679.03], "(27, False)": [6.039999999999999, 1.7299999999999969, 2.9200000000000017], "health_condition": [1.0, 0.5, 0.0]}}