{"27": {"(2, True)": [21.34, 38.48, 45.25, 37.68, 34.5, 39.74, 27.51, 27.69, 28.74, 29.61, 31.69, 29.46, 21.06, 25.17, 22.99, 27.51, 21.94, 26.38], "(4, True)": [35.95, 38.08, 33.21, 36.98, 31.3, 36.5, 30.08, 25.59, 24.47, 33.76, 31.36, 21.9, 21.6, 23.53, 24.29, 26.05, 25.01, 21.62], "(3, True)": [7.91, 16.77, 16.76, 16.76, 16.69, 16.81, 16.8, 16.8, 16.75, 16.81, 16.76, 16.78, 16.75, 16.79, 16.81, 16.77, 16.79, 14.29], "(5, True)": [18.14, 19.08, 19.18, 18.62, 17.89, 16.7, 21.41, 21.17, 23.13, 23.4, 23.0, 22.04, 19.44, 21.14, 21.34, 22.32, 19.7, 16.03], "(1, True)": [569.48, 1823.16, 1879.94, 1890.68, 1801.81, 1737.1, 1937.36, 1970.22, 1982.64, 1975.72, 1952.64, 1873.77, 1810.12, 1979.07, 1998.36, 1995.47, 1924.97, 1227.08], "(27, False)": [14.610000000000003, 0.3999999999999986, 12.04, 0.7000000000000028, 3.1999999999999993, 3.240000000000002, 2.5699999999999967, 2.1000000000000014, 4.27, 4.149999999999999, 0.33000000000000185, 7.560000000000002, 0.5400000000000027, 1.6400000000000006, 1.3000000000000007, 1.4600000000000009, 3.0700000000000003, 4.759999999999998], "health_condition": [1.0, 0.9411764705882353, 0.8823529411764706, 0.8235294117647058, 0.7647058823529411, 0.7058823529411765, 0.6470588235294118, 0.5882352941176471, 0.5294117647058824, 0.47058823529411764, 0.4117647058823529, 0.35294117647058826, 0.29411764705882354, 0.23529411764705882, 0.17647058823529413, 0.11764705882352941, 0.058823529411764705, 0.0]}}