{"27": {"(1, True)": [490.27, 560.4], "(2, True)": [283.7, 215.67], "(3, True)": [9.82, 14.92], "(4, True)": [219.58, 217.07], "(5, True)": [8.73, 7.97], "(27, False)": [64.11999999999998, 1.4000000000000057], "health_condition": [1.0, 0.0]}}