{"5": {"(1, True)": [1434.28, 1520.34, 1980.74, 1941.36, 1936.41, 1984.75, 1968.41, 1989.18, 1991.7, 1970.66, 1976.25, 1956.39, 1955.85, 1965.75, 1959.07, 1935.15, 1844.18, 1956.81, 1890.36, 1831.34, 1833.75, 1960.04, 1909.18, 1874.44, 1965.84, 1882.75, 1906.07, 1944.88, 1967.15, 1986.36, 1990.46, 1981.45], "(2, True)": [38.39, 37.91, 34.8, 34.27, 33.57, 33.2, 33.2, 33.05, 32.9, 32.9, 32.9, 33.58, 37.4, 37.25, 37.1, 37.1, 37.1, 37.29, 33.9, 36.72, 39.9, 40.05, 40.2, 39.74, 38.15, 40.2, 40.4, 37.64, 38.06, 40.2, 40.2, 42.79], "(3, True)": [12.93, 14.16, 16.57, 16.54, 16.57, 16.57, 16.57, 16.58, 16.59, 16.55, 16.59, 16.61, 16.56, 16.55, 16.57, 16.56, 16.56, 16.57, 16.58, 16.58, 16.58, 16.57, 16.59, 16.6, 16.59, 16.58, 16.57, 16.58, 16.58, 16.59, 16.59, 16.57], "(4, True)": [40.98, 38.44, 37.24, 36.5, 36.42, 33.83, 33.6, 35.27, 32.82, 32.74, 35.9, 37.79, 35.25, 37.24, 35.39, 36.11, 34.79, 35.8, 33.45, 38.87, 39.56, 42.5, 39.9, 38.57, 38.46, 35.71, 38.03, 38.56, 38.37, 39.96, 43.04, 41.05], "(5, True)": [21.36, 20.69, 22.98, 21.1, 21.63, 22.31, 22.15, 23.04, 22.99, 21.96, 22.12, 21.75, 19.83, 17.63, 17.47, 16.39, 14.88, 15.15, 14.3, 13.75, 14.4, 15.35, 14.54, 15.99, 15.84, 15.71, 14.88, 15.72, 16.16, 17.75, 18.39, 20.36], "(5, False)": [2.5899999999999963, 0.5300000000000011, 2.440000000000005, 2.229999999999997, 2.8500000000000014, 0.6299999999999955, 0.3999999999999986, 2.220000000000006, 0.0799999999999983, 0.1599999999999966, 3.0, 4.210000000000001, 2.1499999999999986, 0.00999999999999801, 1.7100000000000009, 0.990000000000002, 2.3100000000000023, 1.490000000000002, 0.44999999999999574, 2.1499999999999986, 0.3399999999999963, 2.450000000000003, 0.30000000000000426, 1.1700000000000017, 0.3100000000000023, 4.490000000000002, 2.3699999999999974, 0.9200000000000017, 0.30999999999999517, 0.240000000000002, 2.8399999999999963, 1.740000000000002], "health_condition": [1.0, 0.967741935483871, 0.9354838709677419, 0.9032258064516129, 0.8709677419354839, 0.8387096774193549, 0.8064516129032258, 0.7741935483870968, 0.7419354838709677, 0.7096774193548387, 0.6774193548387096, 0.6451612903225806, 0.6129032258064516, 0.5806451612903226, 0.5483870967741935, 0.5161290322580645, 0.4838709677419355, 0.45161290322580644, 0.41935483870967744, 0.3870967741935484, 0.3548387096774194, 0.3225806451612903, 0.2903225806451613, 0.25806451612903225, 0.22580645161290322, 0.1935483870967742, 0.16129032258064516, 0.12903225806451613, 0.0967741935483871, 0.06451612903225806, 0.03225806451612903, 0.0]}}