{"5": {"(1, True)": [818.04, 881.05, 1953.87, 1840.52, 1860.22, 1903.58, 1920.39, 1915.08, 1845.18, 1925.7, 1972.81, 1968.34, 1949.8, 1954.28, 1984.16, 1985.6, 1963.73, 1937.72, 1978.73, 1956.68, 1970.43, 1986.34, 1964.38, 1974.06, 1991.19, 1989.81, 1999.78], "(2, True)": [36.92, 42.31, 35.12, 35.18, 33.7, 32.93, 32.95, 32.42, 37.23, 36.9, 38.8, 41.15, 39.36, 41.1, 41.3, 41.3, 35.81, 33.36, 33.75, 36.95, 36.52, 38.1, 41.45, 43.9, 42.25, 42.8, 45.1], "(3, True)": [7.9, 8.41, 16.58, 16.56, 16.58, 16.58, 16.57, 16.56, 16.54, 16.57, 16.56, 16.58, 16.59, 16.57, 16.57, 16.6, 16.57, 16.62, 16.54, 16.6, 16.55, 16.6, 16.56, 16.56, 16.58, 16.63, 16.6], "(4, True)": [36.18, 37.94, 32.64, 34.71, 36.04, 31.44, 35.84, 33.76, 39.64, 39.76, 37.4, 39.99, 40.13, 38.86, 40.55, 40.65, 36.45, 33.79, 36.47, 37.85, 38.04, 40.9, 39.05, 46.35, 41.16, 43.06, 45.92], "(5, True)": [18.62, 18.0, 17.86, 14.85, 14.39, 15.42, 15.94, 15.5, 15.38, 16.34, 16.88, 16.13, 17.52, 17.54, 21.23, 20.95, 17.91, 19.81, 20.1, 19.62, 18.48, 19.74, 19.56, 16.76, 19.5, 22.66, 24.45], "(5, False)": [0.740000000000002, 4.3700000000000045, 2.479999999999997, 0.46999999999999886, 2.3399999999999963, 1.4899999999999984, 2.8900000000000006, 1.3399999999999963, 2.4100000000000037, 2.8599999999999994, 1.3999999999999986, 1.1599999999999966, 0.7700000000000031, 2.240000000000002, 0.75, 0.6499999999999986, 0.6400000000000006, 0.4299999999999997, 2.719999999999999, 0.8999999999999986, 1.519999999999996, 2.799999999999997, 2.4000000000000057, 2.450000000000003, 1.0900000000000034, 0.2600000000000051, 0.8200000000000003], "health_condition": [1.0, 0.9615384615384616, 0.9230769230769231, 0.8846153846153846, 0.8461538461538461, 0.8076923076923077, 0.7692307692307693, 0.7307692307692307, 0.6923076923076923, 0.6538461538461539, 0.6153846153846154, 0.5769230769230769, 0.5384615384615384, 0.5, 0.46153846153846156, 0.4230769230769231, 0.38461538461538464, 0.34615384615384615, 0.3076923076923077, 0.2692307692307692, 0.23076923076923078, 0.19230769230769232, 0.15384615384615385, 0.11538461538461539, 0.07692307692307693, 0.038461538461538464, 0.0]}}