{"5": {"(5, True)": [22.04, 24.05, 24.64, 24.34], "(3, True)": [13.97, 3.06, 16.55, 16.55], "(2, True)": [40.75, 46.53, 47.25, 44.53], "(4, True)": [39.74, 48.05, 41.33, 41.39], "(1, True)": [1552.17, 211.56, 1985.62, 1984.37], "(5, False)": [1.009999999999998, 1.519999999999996, 5.920000000000002, 3.1400000000000006], "health_condition": [1.0, 0.6666666666666666, 0.3333333333333333, 0.0]}}