{"5": {"(2, True)": [44.07, 44.4, 44.43, 45.4, 46.35, 45.33, 41.95, 42.3, 42.3, 38.82, 35.74, 36.13, 36.0, 35.33], "(4, True)": [43.03, 43.86, 44.59, 47.34, 43.87, 42.5, 40.49, 38.77, 38.21, 37.53, 38.32, 39.69, 40.02, 40.75], "(3, True)": [11.09, 14.78, 16.6, 7.72, 10.86, 16.6, 16.6, 16.56, 16.53, 16.56, 16.56, 16.55, 16.55, 16.51], "(5, True)": [23.07, 24.02, 24.46, 25.63, 23.03, 24.56, 23.01, 23.29, 20.7, 21.64, 22.69, 20.81, 20.22, 21.46], "(1, True)": [1226.6, 1386.98, 1994.59, 901.01, 988.77, 1995.91, 1987.58, 1988.81, 1974.78, 1978.39, 1984.64, 1959.7, 1965.62, 1975.58], "(5, False)": [1.0399999999999991, 0.5399999999999991, 0.1600000000000037, 1.9400000000000048, 2.480000000000004, 2.8299999999999983, 1.4600000000000009, 3.529999999999994, 4.089999999999996, 1.2899999999999991, 2.5799999999999983, 3.559999999999995, 4.020000000000003, 5.420000000000002], "health_condition": [1.0, 0.9230769230769231, 0.8461538461538461, 0.7692307692307693, 0.6923076923076923, 0.6153846153846154, 0.5384615384615384, 0.46153846153846156, 0.38461538461538464, 0.3076923076923077, 0.23076923076923078, 0.15384615384615385, 0.07692307692307693, 0.0]}}