{"5": {"(2, True)": [42.9, 53.87, 43.07, 49.28, 44.38, 45.13, 46.43, 41.56, 42.26, 48.11, 42.71, 39.53], "(3, True)": [16.54, 5.81, 16.58, 16.53, 16.52, 16.61, 16.59, 16.58, 16.59, 16.58, 16.59, 16.58], "(5, True)": [23.22, 19.1, 20.28, 16.16, 17.82, 19.91, 19.96, 19.45, 21.05, 19.36, 21.31, 21.34], "(1, True)": [1936.13, 534.55, 1911.81, 1865.51, 1925.46, 1951.55, 1985.22, 1948.23, 1967.42, 1926.65, 1997.95, 1947.87], "(4, True)": [42.86, 51.59, 44.64, 49.79, 43.93, 43.14, 43.79, 40.69, 45.05, 47.17, 39.75, 44.06], "(5, False)": [0.03999999999999915, 2.279999999999994, 1.5700000000000003, 0.509999999999998, 0.45000000000000284, 1.990000000000002, 2.6400000000000006, 0.8700000000000045, 2.789999999999999, 0.9399999999999977, 2.960000000000001, 4.530000000000001], "health_condition": [1.0, 0.9090909090909091, 0.8181818181818182, 0.7272727272727273, 0.6363636363636364, 0.5454545454545454, 0.45454545454545453, 0.36363636363636365, 0.2727272727272727, 0.18181818181818182, 0.09090909090909091, 0.0]}}