{"5": {"(1, True)": [9.46, 1928.18], "(2, True)": [49.41, 45.04], "(3, True)": [0.84, 16.58], "(4, True)": [49.21, 44.5], "(5, True)": [19.95, 22.53], "(5, False)": [0.19999999999999574, 0.5399999999999991], "health_condition": [1.0, 0.0]}}