{"5": {"(1, True)": [329.64, 1292.08, 1871.99, 1822.23, 1839.14, 1971.93, 1984.5, 1954.29], "(2, True)": [41.92, 43.42, 42.43, 52.85, 47.66, 40.35, 34.84, 37.4], "(3, True)": [4.24, 12.82, 16.59, 16.57, 16.53, 16.58, 16.58, 16.6], "(4, True)": [42.0, 42.59, 40.65, 48.28, 43.22, 33.61, 36.5, 35.97], "(5, True)": [19.92, 19.9, 18.92, 19.45, 19.47, 21.27, 21.12, 21.92], "(5, False)": [0.0799999999999983, 0.8299999999999983, 1.7800000000000011, 4.57, 4.439999999999998, 6.740000000000002, 1.6599999999999966, 1.4299999999999997], "health_condition": [1.0, 0.8571428571428571, 0.7142857142857143, 0.5714285714285714, 0.42857142857142855, 0.2857142857142857, 0.14285714285714285, 0.0]}}