{"5": {"(5, True)": [22.46, 20.79], "(3, True)": [1.05, 16.55], "(2, True)": [68.01, 61.25], "(4, True)": [70.82, 56.88], "(1, True)": [12.96, 1923.34], "(5, False)": [2.809999999999988, 4.369999999999997], "health_condition": [1.0, 0.0]}}