{"5": {"(1, True)": [1440.9, 806.95, 1981.21, 1986.73, 2000.35, 1987.1, 1986.29, 1982.25, 1985.66, 1985.34, 1943.2, 1978.95, 1981.99, 1965.05, 1991.03, 1973.11, 1994.64, 1984.67, 1986.29, 1999.79, 1976.06, 1992.27, 1997.98, 1982.59, 1992.62, 1978.37, 1990.55, 1995.71, 1988.62, 1981.75, 1977.56, 1993.17, 1996.57, 1970.61, 1997.97, 2001.18, 1982.96, 1979.15, 1990.12, 1973.01, 1962.9, 1962.05, 1962.5, 1972.12, 1997.58, 1966.19, 1986.02, 1966.18, 1990.69, 2000.34, 1964.82], "(2, True)": [40.06, 40.23, 37.4, 36.9, 36.03, 37.38, 34.57, 37.6, 37.8, 37.8, 37.8, 37.8, 37.8, 37.8, 37.8, 33.89, 33.56, 36.35, 36.7, 34.06, 32.05, 35.15, 35.5, 35.7, 32.58, 32.7, 34.97, 34.45, 34.3, 34.3, 34.3, 37.22, 36.15, 36.44, 35.0, 34.5, 34.85, 40.63, 41.28, 40.78, 39.98, 41.4, 43.7, 43.37, 42.5, 41.1, 40.2, 40.2, 40.9, 41.6, 39.75], "(3, True)": [13.16, 8.23, 16.58, 16.57, 16.57, 16.58, 16.58, 16.59, 16.6, 16.56, 16.57, 16.59, 16.58, 16.57, 16.59, 16.57, 16.58, 16.58, 16.6, 16.6, 16.56, 16.6, 16.59, 16.57, 16.58, 16.59, 16.55, 16.58, 16.59, 16.58, 16.57, 16.58, 16.59, 16.59, 16.57, 16.59, 16.57, 16.59, 16.57, 16.59, 16.57, 16.57, 16.59, 16.56, 16.59, 16.58, 16.59, 16.57, 16.58, 16.61, 16.57], "(4, True)": [44.3, 39.37, 37.67, 39.81, 38.98, 37.95, 36.08, 38.97, 38.94, 37.28, 34.94, 36.34, 36.55, 37.15, 36.89, 32.89, 32.74, 34.38, 35.21, 31.17, 35.29, 34.89, 34.06, 36.02, 33.53, 35.03, 36.09, 33.65, 34.09, 30.48, 36.1, 38.23, 35.45, 36.11, 35.14, 34.26, 39.16, 40.47, 39.69, 41.42, 37.96, 43.52, 42.46, 41.82, 40.66, 42.13, 37.44, 38.1, 37.23, 39.44, 36.99], "(5, True)": [24.32, 23.23, 22.12, 23.01, 23.41, 23.26, 20.98, 20.06, 20.42, 20.82, 19.21, 19.27, 18.8, 19.44, 18.84, 20.6, 20.45, 19.93, 21.25, 22.1, 21.54, 22.1, 22.77, 21.03, 20.32, 20.42, 19.84, 19.81, 17.59, 17.39, 17.81, 18.93, 19.0, 18.24, 20.76, 22.92, 21.01, 19.13, 21.61, 21.06, 19.34, 20.72, 21.34, 21.34, 21.96, 22.11, 23.31, 21.17, 20.69, 21.12, 19.98], "(5, False)": [4.239999999999995, 0.8599999999999994, 0.2700000000000031, 2.9100000000000037, 2.9499999999999957, 0.5700000000000003, 1.509999999999998, 1.3699999999999974, 1.1400000000000006, 0.519999999999996, 2.8599999999999994, 1.4599999999999937, 1.25, 0.6499999999999986, 0.9099999999999966, 1.0, 0.8200000000000003, 1.9699999999999989, 1.490000000000002, 2.8900000000000006, 3.240000000000002, 0.259999999999998, 1.4399999999999977, 0.3200000000000003, 0.9500000000000028, 2.3299999999999983, 1.1200000000000045, 0.8000000000000043, 0.20999999999999375, 3.8199999999999967, 1.8000000000000043, 1.009999999999998, 0.6999999999999957, 0.3299999999999983, 0.14000000000000057, 0.240000000000002, 4.309999999999995, 0.1600000000000037, 1.5900000000000034, 0.6400000000000006, 2.019999999999996, 2.1200000000000045, 1.240000000000002, 1.5499999999999972, 1.8400000000000034, 1.0300000000000011, 2.760000000000005, 2.1000000000000014, 3.6700000000000017, 2.1600000000000037, 2.759999999999998], "health_condition": [1.0, 0.98, 0.96, 0.94, 0.92, 0.9, 0.88, 0.86, 0.84, 0.82, 0.8, 0.78, 0.76, 0.74, 0.72, 0.7, 0.68, 0.66, 0.64, 0.62, 0.6, 0.58, 0.56, 0.54, 0.52, 0.5, 0.48, 0.46, 0.44, 0.42, 0.4, 0.38, 0.36, 0.34, 0.32, 0.3, 0.28, 0.26, 0.24, 0.22, 0.2, 0.18, 0.16, 0.14, 0.12, 0.1, 0.08, 0.06, 0.04, 0.02, 0.0]}}