{"5": {"(2, True)": [47.02, 42.15, 41.84, 42.3, 41.97, 41.45, 42.75, 42.45, 39.5, 39.5, 39.5, 39.35, 41.4, 45.97, 39.87, 42.15, 42.43, 42.5, 43.38, 44.53, 41.87, 40.05, 40.75, 40.4, 43.36, 44.6, 41.17, 39.0, 39.35, 39.5, 39.0, 37.95, 40.42, 46.12, 46.18, 46.0, 45.67], "(4, True)": [44.81, 41.57, 38.75, 42.68, 44.12, 42.61, 41.92, 41.0, 43.72, 40.46, 37.72, 36.6, 41.23, 40.25, 40.75, 40.95, 41.65, 42.28, 40.91, 41.7, 42.21, 43.05, 41.18, 43.32, 46.14, 41.91, 38.97, 43.5, 41.46, 37.46, 40.66, 42.76, 43.91, 43.64, 43.25, 43.96, 41.8], "(3, True)": [6.07, 16.55, 16.59, 16.52, 16.52, 16.53, 16.58, 16.54, 16.55, 16.53, 16.56, 16.58, 16.56, 16.57, 16.53, 16.55, 16.56, 16.55, 16.57, 16.56, 16.54, 16.55, 16.54, 16.54, 16.6, 16.54, 16.55, 16.56, 16.55, 16.55, 16.59, 16.56, 16.54, 16.56, 16.56, 16.57, 16.53], "(5, True)": [18.97, 20.48, 19.37, 18.93, 17.37, 19.89, 19.51, 19.32, 17.42, 16.21, 19.6, 20.77, 19.37, 18.58, 19.52, 18.6, 17.44, 18.48, 18.93, 19.58, 20.05, 19.42, 20.4, 20.49, 21.46, 19.1, 20.87, 20.49, 20.49, 21.53, 21.95, 20.98, 21.07, 21.95, 20.65, 21.5, 19.48], "(1, True)": [510.43, 1991.99, 1964.98, 1944.85, 1936.45, 1959.84, 1965.66, 1977.92, 1943.35, 1930.12, 1966.78, 1987.64, 1954.43, 1952.83, 1949.4, 1955.79, 1952.46, 1967.53, 1974.47, 1972.57, 1968.45, 1957.68, 1953.68, 1957.56, 1996.09, 1947.08, 1970.85, 1969.35, 1984.63, 1995.06, 1969.53, 1970.53, 1967.1, 1981.33, 1951.95, 1986.38, 1954.95], "(5, False)": [2.210000000000001, 0.5799999999999983, 3.0900000000000034, 0.38000000000000256, 2.1499999999999986, 1.1599999999999966, 0.8299999999999983, 1.4500000000000028, 4.219999999999999, 0.9600000000000009, 1.7800000000000011, 2.75, 0.1700000000000017, 5.719999999999999, 0.8800000000000026, 1.1999999999999957, 0.7800000000000011, 0.21999999999999886, 2.470000000000006, 2.8299999999999983, 0.3400000000000034, 3.0, 0.4299999999999997, 2.9200000000000017, 2.780000000000001, 2.690000000000005, 2.200000000000003, 4.5, 2.1099999999999994, 2.039999999999999, 1.6599999999999966, 4.809999999999995, 3.489999999999995, 2.479999999999997, 2.9299999999999997, 2.039999999999999, 3.8700000000000045], "health_condition": [1.0, 0.9722222222222222, 0.9444444444444444, 0.9166666666666666, 0.8888888888888888, 0.8611111111111112, 0.8333333333333334, 0.8055555555555556, 0.7777777777777778, 0.75, 0.7222222222222222, 0.6944444444444444, 0.6666666666666666, 0.6388888888888888, 0.6111111111111112, 0.5833333333333334, 0.5555555555555556, 0.5277777777777778, 0.5, 0.4722222222222222, 0.4444444444444444, 0.4166666666666667, 0.3888888888888889, 0.3611111111111111, 0.3333333333333333, 0.3055555555555556, 0.2777777777777778, 0.25, 0.2222222222222222, 0.19444444444444445, 0.16666666666666666, 0.1388888888888889, 0.1111111111111111, 0.08333333333333333, 0.05555555555555555, 0.027777777777777776, 0.0]}}