{"5": {"(5, True)": [24.96, 15.09, 16.18, 16.41, 20.57, 19.67, 18.31, 18.82, 17.66, 15.96, 17.18, 16.87, 14.74, 15.28, 15.83, 15.46, 16.71, 18.19, 16.65, 18.98, 20.06, 19.78, 19.36, 17.65, 17.28, 18.05, 19.91, 22.01, 25.92, 20.01, 19.94, 17.67, 21.77, 21.94, 21.45, 18.27, 18.41, 17.74, 17.76, 18.6, 18.53, 19.53, 18.79, 18.08, 18.86, 16.38, 18.05, 15.15, 14.33, 15.98, 16.07, 16.14, 16.63, 17.67, 19.29], "(3, True)": [13.64, 2.26, 16.59, 16.58, 16.58, 16.6, 16.61, 16.54, 16.55, 16.56, 16.58, 16.59, 16.53, 16.58, 16.59, 16.59, 16.59, 16.57, 16.59, 16.57, 16.61, 16.6, 16.6, 16.59, 16.61, 16.58, 16.6, 16.59, 10.53, 4.02, 16.59, 16.57, 16.6, 16.6, 7.93, 16.6, 16.59, 16.59, 16.61, 16.59, 16.59, 16.6, 16.57, 16.6, 16.57, 16.57, 16.6, 16.58, 16.57, 16.55, 16.57, 16.57, 16.55, 16.59, 16.57], "(2, True)": [43.73, 45.74, 38.78, 39.5, 38.93, 42.0, 39.3, 39.9, 37.6, 38.12, 41.1, 41.73, 42.33, 42.01, 37.4, 37.4, 37.4, 37.6, 37.8, 37.8, 34.4, 32.2, 32.2, 32.2, 28.96, 31.8, 34.52, 40.16, 44.92, 44.02, 46.35, 52.85, 47.97, 44.4, 45.07, 37.65, 35.0, 35.0, 35.0, 35.0, 35.0, 35.0, 36.93, 41.76, 39.2, 35.78, 42.09, 45.14, 41.62, 41.41, 53.15, 54.16, 52.4, 57.7, 57.85], "(4, True)": [47.86, 44.44, 37.67, 36.99, 40.27, 38.67, 41.44, 36.94, 35.38, 38.89, 39.8, 37.48, 40.84, 37.86, 37.19, 36.38, 36.04, 34.15, 33.88, 38.54, 33.65, 30.02, 30.87, 28.37, 29.65, 35.17, 35.6, 39.38, 45.61, 44.79, 44.62, 49.51, 44.84, 44.98, 53.22, 34.48, 36.0, 33.73, 33.34, 32.76, 33.81, 36.13, 37.15, 39.4, 37.27, 38.47, 42.43, 44.45, 38.9, 42.32, 54.02, 53.91, 52.52, 55.86, 60.32], "(1, True)": [1535.39, 136.74, 1993.29, 1973.9, 1977.39, 1932.59, 1974.67, 1979.97, 1968.31, 1888.13, 1887.76, 1947.0, 1891.62, 1932.96, 1948.47, 1943.07, 1981.87, 1973.71, 1968.06, 1980.27, 2001.41, 1991.28, 1996.97, 1974.63, 1994.36, 1993.57, 1999.86, 1998.3, 1246.19, 120.56, 1969.73, 1948.65, 1980.14, 1975.07, 921.28, 1982.17, 2000.67, 2000.55, 2000.08, 2000.35, 1999.17, 2000.79, 1983.36, 1977.86, 1989.42, 1940.82, 1935.67, 1880.24, 1939.96, 1928.17, 1966.76, 1929.46, 1974.01, 1960.71, 1975.3], "(5, False)": [4.130000000000003, 1.3000000000000043, 1.1099999999999994, 2.509999999999998, 1.3400000000000034, 3.3299999999999983, 2.1400000000000006, 2.960000000000001, 2.219999999999999, 0.7700000000000031, 1.3000000000000043, 4.25, 1.4899999999999949, 4.149999999999999, 0.21000000000000085, 1.019999999999996, 1.3599999999999994, 3.450000000000003, 3.9199999999999946, 0.740000000000002, 0.75, 2.1800000000000033, 1.3300000000000018, 3.830000000000002, 0.6899999999999977, 3.370000000000001, 1.0799999999999983, 0.779999999999994, 0.6899999999999977, 0.769999999999996, 1.730000000000004, 3.3400000000000034, 3.1299999999999955, 0.5799999999999983, 8.149999999999999, 3.1700000000000017, 1.0, 1.2700000000000031, 1.6599999999999966, 2.240000000000002, 1.1899999999999977, 1.1300000000000026, 0.21999999999999886, 2.3599999999999994, 1.9299999999999997, 2.6899999999999977, 0.3399999999999963, 0.6899999999999977, 2.719999999999999, 0.9100000000000037, 0.8700000000000045, 0.25, 0.12000000000000455, 1.8400000000000034, 2.469999999999999], "health_condition": [1.0, 0.9814814814814815, 0.9629629629629629, 0.9444444444444444, 0.9259259259259259, 0.9074074074074074, 0.8888888888888888, 0.8703703703703703, 0.8518518518518519, 0.8333333333333334, 0.8148148148148148, 0.7962962962962963, 0.7777777777777778, 0.7592592592592593, 0.7407407407407407, 0.7222222222222222, 0.7037037037037037, 0.6851851851851852, 0.6666666666666666, 0.6481481481481481, 0.6296296296296297, 0.6111111111111112, 0.5925925925925926, 0.5740740740740741, 0.5555555555555556, 0.5370370370370371, 0.5185185185185185, 0.5, 0.48148148148148145, 0.46296296296296297, 0.4444444444444444, 0.42592592592592593, 0.4074074074074074, 0.3888888888888889, 0.37037037037037035, 0.35185185185185186, 0.3333333333333333, 0.3148148148148148, 0.2962962962962963, 0.2777777777777778, 0.25925925925925924, 0.24074074074074073, 0.2222222222222222, 0.2037037037037037, 0.18518518518518517, 0.16666666666666666, 0.14814814814814814, 0.12962962962962962, 0.1111111111111111, 0.09259259259259259, 0.07407407407407407, 0.05555555555555555, 0.037037037037037035, 0.018518518518518517, 0.0]}}