{"5": {"(3, True)": [1.51, 16.5, 16.59, 16.56, 16.54, 16.58, 4.8, 15.34, 9.63], "(2, True)": [49.58, 47.52, 42.04, 38.5, 38.5, 38.5, 40.37, 45.17, 46.5], "(5, True)": [22.19, 21.72, 21.21, 21.76, 21.81, 24.56, 24.62, 24.52, 25.4], "(1, True)": [9.63, 1889.95, 1991.51, 1969.83, 1956.78, 1998.19, 551.98, 1593.1, 1139.86], "(4, True)": [48.02, 45.79, 43.1, 41.69, 39.73, 40.85, 44.0, 44.9, 42.35], "(5, False)": [1.5599999999999952, 1.730000000000004, 1.0600000000000023, 3.1899999999999977, 1.2299999999999969, 2.3500000000000014, 3.6300000000000026, 0.2700000000000031, 4.149999999999999], "health_condition": [1.0, 0.875, 0.75, 0.625, 0.5, 0.375, 0.25, 0.125, 0.0]}}