{"5": {"(2, True)": [42.3, 47.36, 44.6, 45.37, 45.58, 42.1], "(3, True)": [1.88, 15.11, 16.52, 16.48, 16.53, 16.52], "(5, True)": [19.22, 18.56, 19.25, 18.03, 18.5, 20.06], "(1, True)": [117.54, 1630.3, 1926.18, 1858.75, 1870.55, 1908.97], "(4, True)": [45.89, 43.52, 44.33, 44.27, 42.47, 43.27], "(5, False)": [3.5900000000000034, 3.8399999999999963, 0.2700000000000031, 1.0999999999999943, 3.1099999999999994, 1.1700000000000017], "health_condition": [1.0, 0.8, 0.6, 0.4, 0.2, 0.0]}}