{"5": {"(3, True)": [2.12, 14.36, 16.57, 16.58, 16.56, 16.61, 16.6, 16.61, 16.53, 16.59, 16.59, 16.56, 16.54, 16.57, 16.57, 16.58, 16.55, 16.58], "(2, True)": [44.4, 40.4, 40.2, 40.2, 40.2, 37.34, 34.6, 34.6, 37.48, 39.9, 39.9, 39.9, 39.9, 43.5, 42.95, 41.64, 38.1, 38.1], "(5, True)": [22.76, 21.64, 20.01, 19.04, 18.01, 19.17, 18.34, 19.55, 18.15, 19.54, 18.85, 19.88, 16.11, 18.71, 19.16, 18.4, 22.79, 22.7], "(1, True)": [148.04, 1563.87, 1951.55, 1940.75, 1943.9, 1999.75, 1998.4, 2000.07, 1958.33, 1937.44, 1959.89, 1979.74, 1919.56, 1927.5, 1981.88, 1945.47, 1982.59, 1981.03], "(4, True)": [43.65, 39.25, 41.47, 39.83, 38.17, 34.68, 33.89, 34.79, 40.86, 42.51, 41.06, 40.46, 38.59, 40.82, 42.79, 39.73, 39.71, 42.22], "(5, False)": [0.75, 1.1499999999999986, 1.269999999999996, 0.37000000000000455, 2.030000000000001, 2.6600000000000037, 0.7100000000000009, 0.18999999999999773, 3.3800000000000026, 2.6099999999999994, 1.1600000000000037, 0.5600000000000023, 1.3099999999999952, 2.6799999999999997, 0.1600000000000037, 1.9100000000000037, 1.6099999999999994, 4.119999999999997], "health_condition": [1.0, 0.9411764705882353, 0.8823529411764706, 0.8235294117647058, 0.7647058823529411, 0.7058823529411765, 0.6470588235294118, 0.5882352941176471, 0.5294117647058824, 0.47058823529411764, 0.4117647058823529, 0.35294117647058826, 0.29411764705882354, 0.23529411764705882, 0.17647058823529413, 0.11764705882352941, 0.058823529411764705, 0.0]}}