{"5": {"(1, True)": [30.31, 1895.7, 1811.63, 1893.58, 1996.16, 1953.49, 1942.63, 1974.5, 1990.4, 1985.65, 1993.62, 1952.84, 1968.44], "(2, True)": [52.02, 49.3, 45.0, 43.86, 48.17, 44.8, 47.4, 49.7, 46.04, 43.7, 43.7, 43.7, 43.7], "(3, True)": [1.23, 16.55, 16.51, 16.56, 16.59, 16.55, 16.6, 16.56, 16.58, 16.59, 16.58, 16.52, 16.58], "(4, True)": [52.99, 45.35, 45.11, 48.68, 46.01, 47.07, 47.55, 48.07, 45.87, 46.08, 44.05, 43.38, 41.1], "(5, True)": [16.85, 16.34, 14.6, 16.4, 17.91, 16.5, 17.18, 19.42, 19.89, 21.34, 22.22, 21.75, 22.37], "(5, False)": [0.9699999999999989, 3.9499999999999957, 0.10999999999999943, 4.82, 2.1600000000000037, 2.270000000000003, 0.14999999999999858, 1.6300000000000026, 0.1700000000000017, 2.3799999999999955, 0.3499999999999943, 0.3200000000000003, 2.6000000000000014], "health_condition": [1.0, 0.9166666666666666, 0.8333333333333334, 0.75, 0.6666666666666666, 0.5833333333333334, 0.5, 0.4166666666666667, 0.3333333333333333, 0.25, 0.16666666666666666, 0.08333333333333333, 0.0]}}