{"5": {"(5, True)": [19.68, 19.87, 19.08, 18.38, 17.36, 17.15, 17.36, 17.19, 16.45, 16.78, 17.41, 16.86, 16.98, 16.79, 15.27, 14.01, 16.36, 14.78, 14.65, 12.77, 13.43, 13.6, 13.48, 14.62, 19.22, 18.55, 19.91, 18.29, 19.67, 19.01, 19.41, 19.29, 18.7, 15.96, 17.19, 15.08, 15.96, 15.3, 15.73, 14.51, 15.38, 15.51, 13.72, 15.03, 15.65, 15.8, 13.27, 12.76, 13.17, 13.86, 15.09, 16.04, 18.19, 20.14, 20.25, 21.1, 22.17, 25.59, 20.41, 16.21, 12.49, 16.32, 19.55, 23.57], "(3, True)": [6.68, 16.55, 16.59, 16.59, 16.57, 16.54, 16.57, 16.57, 16.56, 16.58, 16.58, 16.57, 16.54, 16.57, 16.49, 16.56, 16.57, 16.59, 16.57, 16.6, 16.54, 16.59, 16.59, 16.6, 16.6, 16.6, 16.6, 16.54, 16.59, 16.57, 16.6, 16.61, 16.57, 16.58, 16.59, 16.57, 16.6, 16.59, 16.58, 16.59, 16.56, 16.6, 16.54, 16.58, 16.59, 16.59, 16.58, 16.6, 16.59, 16.59, 16.58, 16.62, 16.6, 16.59, 16.59, 16.61, 16.6, 13.85, 9.46, 16.52, 16.55, 16.56, 16.58, 16.59], "(4, True)": [44.52, 40.17, 36.99, 40.84, 40.51, 41.59, 39.12, 39.49, 37.4, 37.26, 40.66, 40.78, 38.94, 36.56, 37.35, 37.64, 38.75, 36.38, 33.93, 36.27, 37.8, 36.36, 37.58, 38.44, 32.99, 30.27, 36.77, 38.44, 34.59, 36.5, 32.98, 31.79, 33.63, 34.68, 30.14, 30.6, 30.35, 30.43, 30.86, 34.57, 33.4, 35.05, 37.8, 35.67, 39.63, 32.97, 36.11, 40.59, 38.61, 38.59, 42.11, 39.45, 42.47, 40.4, 43.62, 41.73, 43.03, 48.48, 44.76, 40.88, 47.83, 42.88, 40.25, 46.52], "(1, True)": [578.0, 1943.22, 1956.44, 1903.02, 1909.29, 1919.59, 1880.88, 1950.87, 1900.19, 1988.8, 1928.41, 1940.36, 1926.98, 1958.46, 1832.62, 1807.92, 1801.17, 1817.72, 1899.3, 1772.65, 1707.83, 1804.82, 1776.6, 1948.54, 1989.71, 1979.05, 2000.75, 1954.04, 1993.0, 1967.58, 1987.44, 1998.71, 2001.82, 1981.16, 1994.71, 1969.13, 1999.82, 1988.74, 1997.11, 1923.98, 1954.49, 1951.68, 1816.68, 1943.82, 1944.19, 1901.65, 1765.93, 1659.78, 1787.82, 1884.3, 1990.9, 1999.9, 1998.46, 2000.75, 1999.85, 2000.49, 2000.3, 1648.76, 990.91, 1897.39, 1678.34, 1968.4, 1994.47, 1990.96], "(2, True)": [43.62, 43.43, 38.24, 40.18, 44.74, 42.24, 42.14, 41.56, 37.4, 37.4, 41.28, 39.88, 40.05, 35.43, 41.95, 36.41, 37.51, 35.18, 34.76, 36.7, 39.88, 37.05, 37.8, 37.98, 35.06, 33.2, 33.2, 35.68, 34.22, 33.0, 35.7, 33.13, 31.57, 33.6, 31.34, 32.35, 33.9, 31.2, 30.19, 30.48, 32.9, 32.9, 35.58, 37.59, 40.21, 34.93, 37.2, 36.81, 38.8, 38.8, 38.8, 38.8, 42.32, 41.74, 41.56, 44.8, 44.95, 46.35, 45.97, 43.02, 45.65, 45.93, 43.4, 47.07], "(5, False)": [0.9000000000000057, 3.259999999999998, 1.25, 0.6600000000000037, 4.230000000000004, 0.6499999999999986, 3.020000000000003, 2.0700000000000003, 0.0, 0.14000000000000057, 0.6200000000000045, 0.8999999999999986, 1.1099999999999994, 1.1300000000000026, 4.600000000000001, 1.230000000000004, 1.240000000000002, 1.2000000000000028, 0.8299999999999983, 0.4299999999999997, 2.0800000000000054, 0.6899999999999977, 0.21999999999999886, 0.46000000000000085, 2.0700000000000003, 2.9300000000000033, 3.5700000000000003, 2.759999999999998, 0.37000000000000455, 3.5, 2.720000000000006, 1.3400000000000034, 2.0600000000000023, 1.0799999999999983, 1.1999999999999993, 1.75, 3.549999999999997, 0.7699999999999996, 0.6699999999999982, 4.09, 0.5, 2.1499999999999986, 2.219999999999999, 1.9200000000000017, 0.5799999999999983, 1.9600000000000009, 1.0900000000000034, 3.780000000000001, 0.18999999999999773, 0.20999999999999375, 3.3100000000000023, 0.6500000000000057, 0.14999999999999858, 1.3400000000000034, 2.059999999999995, 3.0700000000000003, 1.9200000000000017, 2.1299999999999955, 1.2100000000000009, 2.1400000000000006, 2.1799999999999997, 3.049999999999997, 3.1499999999999986, 0.5499999999999972], "health_condition": [1.0, 0.9841269841269841, 0.9682539682539683, 0.9523809523809523, 0.9365079365079365, 0.9206349206349206, 0.9047619047619048, 0.8888888888888888, 0.873015873015873, 0.8571428571428571, 0.8412698412698413, 0.8253968253968254, 0.8095238095238095, 0.7936507936507936, 0.7777777777777778, 0.7619047619047619, 0.746031746031746, 0.7301587301587301, 0.7142857142857143, 0.6984126984126984, 0.6825396825396826, 0.6666666666666666, 0.6507936507936508, 0.6349206349206349, 0.6190476190476191, 0.6031746031746031, 0.5873015873015873, 0.5714285714285714, 0.5555555555555556, 0.5396825396825397, 0.5238095238095238, 0.5079365079365079, 0.49206349206349204, 0.47619047619047616, 0.4603174603174603, 0.4444444444444444, 0.42857142857142855, 0.4126984126984127, 0.3968253968253968, 0.38095238095238093, 0.36507936507936506, 0.3492063492063492, 0.3333333333333333, 0.31746031746031744, 0.30158730158730157, 0.2857142857142857, 0.2698412698412698, 0.25396825396825395, 0.23809523809523808, 0.2222222222222222, 0.20634920634920634, 0.19047619047619047, 0.1746031746031746, 0.15873015873015872, 0.14285714285714285, 0.12698412698412698, 0.1111111111111111, 0.09523809523809523, 0.07936507936507936, 0.06349206349206349, 0.047619047619047616, 0.031746031746031744, 0.015873015873015872, 0.0]}}