{"5": {"(1, True)": [1722.78, 29.29, 1986.34, 1968.8, 1956.53], "(2, True)": [42.97, 48.45, 50.6, 42.63, 41.84], "(3, True)": [15.42, 1.4, 16.56, 16.55, 16.56], "(4, True)": [43.69, 47.75, 49.56, 42.54, 42.05], "(5, True)": [21.99, 22.4, 24.44, 22.47, 21.84], "(5, False)": [0.7199999999999989, 0.7000000000000028, 1.0399999999999991, 0.09000000000000341, 0.20999999999999375], "health_condition": [1.0, 0.75, 0.5, 0.25, 0.0]}}