{"5": {"(3, True)": [3.03, 16.59, 16.59, 16.53, 16.42, 16.48, 16.33, 16.22, 16.4, 16.54, 16.3, 16.19, 16.0, 16.45, 16.38, 16.18, 16.37, 16.46, 16.46, 16.31, 16.54, 16.4, 15.55, 15.61, 15.04, 15.83, 16.04, 15.34, 16.07, 16.31, 16.17, 15.25, 15.26, 16.45, 14.23, 12.18, 14.4, 13.97, 15.88, 16.13, 15.91, 15.22, 14.77, 14.98, 15.59, 15.46, 12.14, 12.27, 10.86, 10.96, 10.66, 9.89, 9.89, 9.89], "(2, True)": [40.1, 33.47, 34.31, 46.43, 48.37, 43.76, 50.76, 50.69, 49.18, 62.4, 56.38, 60.33, 58.67, 62.43, 53.72, 50.86, 44.2, 43.18, 49.95, 46.31, 45.4, 37.86, 46.3, 58.97, 64.82, 71.64, 66.19, 71.73, 77.16, 79.8, 82.0, 81.42, 77.7, 77.7, 78.68, 66.2, 74.05, 73.66, 78.58, 81.6, 84.16, 91.99, 92.54, 84.86, 77.92, 80.2, 87.8, 82.73, 81.58, 81.84, 79.1, 87.98, 92.95, 88.07], "(5, True)": [14.75, 16.46, 16.26, 11.5, 10.01, 11.2, 9.81, 10.07, 10.64, 9.99, 9.82, 9.89, 8.73, 9.98, 9.3, 9.64, 10.03, 10.31, 9.9, 9.42, 9.98, 9.89, 7.97, 8.09, 7.65, 8.19, 8.33, 7.76, 8.51, 8.71, 8.52, 7.6, 7.69, 8.85, 7.02, 6.06, 7.18, 7.02, 8.0, 8.38, 7.99, 7.73, 7.38, 7.46, 7.85, 7.71, 6.02, 6.08, 5.34, 5.29, 4.99, 3.48, 3.1, 3.76], "(1, True)": [212.07, 1989.26, 1969.9, 1494.15, 1179.0, 1335.72, 1040.78, 1178.63, 1357.06, 1152.65, 1046.18, 1102.85, 783.09, 1169.15, 932.41, 1056.15, 1200.11, 1272.63, 1146.59, 1011.94, 1150.81, 1137.05, 585.96, 622.67, 516.39, 673.0, 653.32, 530.82, 689.65, 712.65, 686.88, 493.38, 437.77, 724.96, 381.95, 196.28, 397.34, 380.63, 559.82, 605.36, 572.69, 492.75, 431.77, 414.92, 508.68, 510.1, 258.25, 251.32, 160.33, 168.07, 137.66, 42.71, 22.45, 29.8], "(4, True)": [40.67, 33.75, 34.6, 47.13, 49.97, 42.63, 51.56, 51.77, 49.54, 62.33, 54.2, 53.5, 66.43, 55.96, 54.02, 49.16, 44.25, 45.86, 47.9, 46.23, 41.39, 38.87, 51.02, 59.81, 66.48, 69.97, 68.93, 73.02, 80.37, 81.85, 82.71, 80.41, 77.39, 79.23, 77.8, 69.73, 78.74, 75.22, 80.4, 80.01, 85.56, 94.81, 91.68, 77.01, 80.26, 84.87, 89.93, 83.12, 82.97, 79.65, 78.18, 91.26, 89.7, 90.69], "(5, False)": [0.5700000000000003, 0.28000000000000114, 0.28999999999999915, 0.7000000000000028, 1.6000000000000014, 1.1299999999999955, 0.8000000000000043, 1.0800000000000054, 0.35999999999999943, 0.07000000000000028, 2.1799999999999997, 6.829999999999998, 7.760000000000005, 6.469999999999999, 0.30000000000000426, 1.7000000000000028, 0.04999999999999716, 2.6799999999999997, 2.0500000000000043, 0.0800000000000054, 4.009999999999998, 1.009999999999998, 4.720000000000006, 0.8400000000000034, 1.6600000000000108, 1.6700000000000017, 2.740000000000009, 1.289999999999992, 3.210000000000008, 2.049999999999997, 0.7099999999999937, 1.0100000000000051, 0.3100000000000023, 1.5300000000000011, 0.8800000000000097, 3.530000000000001, 4.689999999999998, 1.5600000000000023, 1.8200000000000074, 1.5899999999999892, 1.4000000000000057, 2.8200000000000074, 0.8599999999999994, 7.849999999999994, 2.3400000000000034, 4.670000000000002, 2.1300000000000097, 0.39000000000000057, 1.3900000000000006, 2.1899999999999977, 0.9199999999999875, 3.280000000000001, 3.25, 2.6200000000000045], "health_condition": [1.0, 0.9811320754716981, 0.9622641509433962, 0.9433962264150944, 0.9245283018867925, 0.9056603773584906, 0.8867924528301887, 0.8679245283018868, 0.8490566037735849, 0.8301886792452831, 0.8113207547169812, 0.7924528301886793, 0.7735849056603774, 0.7547169811320755, 0.7358490566037735, 0.7169811320754716, 0.6981132075471698, 0.6792452830188679, 0.660377358490566, 0.6415094339622641, 0.6226415094339622, 0.6037735849056604, 0.5849056603773585, 0.5660377358490566, 0.5471698113207547, 0.5283018867924528, 0.5094339622641509, 0.49056603773584906, 0.4716981132075472, 0.4528301886792453, 0.4339622641509434, 0.41509433962264153, 0.39622641509433965, 0.37735849056603776, 0.3584905660377358, 0.33962264150943394, 0.32075471698113206, 0.3018867924528302, 0.2830188679245283, 0.2641509433962264, 0.24528301886792453, 0.22641509433962265, 0.20754716981132076, 0.18867924528301888, 0.16981132075471697, 0.1509433962264151, 0.1320754716981132, 0.11320754716981132, 0.09433962264150944, 0.07547169811320754, 0.05660377358490566, 0.03773584905660377, 0.018867924528301886, 0.0]}}