{"5": {"(3, True)": [14.15, 2.5, 16.55, 16.54, 16.53, 16.54, 16.56, 16.57, 16.62, 16.53, 16.58, 16.57, 16.53, 16.56, 16.57, 16.6, 16.6, 16.58, 16.57, 16.57, 16.54, 16.58, 16.56, 16.59, 16.55, 16.59, 16.61, 16.58, 16.57, 16.58, 16.6, 16.56, 16.57, 16.6, 16.59, 16.58, 16.59, 16.58, 16.57, 16.61, 16.57, 16.58, 16.56, 16.56, 16.58, 16.54, 16.56, 16.55, 16.54, 16.59, 16.57, 16.56, 16.54, 16.55, 16.53, 16.53, 16.52, 16.62, 16.55, 16.56, 16.56], "(2, True)": [42.0, 43.89, 45.1, 45.1, 45.1, 42.63, 44.8, 44.8, 44.8, 44.8, 44.8, 41.5, 40.99, 38.82, 38.3, 36.48, 33.9, 33.9, 33.9, 36.2, 38.8, 38.8, 38.8, 38.8, 38.8, 38.8, 35.45, 34.9, 36.7, 36.7, 36.7, 38.99, 39.9, 39.9, 37.14, 36.74, 38.5, 38.5, 38.5, 38.5, 38.5, 38.5, 40.81, 40.72, 43.4, 43.4, 43.4, 43.4, 43.4, 40.04, 39.35, 41.6, 41.6, 41.6, 41.6, 41.6, 41.6, 41.6, 41.6, 41.6, 41.6], "(5, True)": [22.36, 20.56, 21.97, 20.67, 20.58, 19.15, 19.94, 19.74, 19.99, 19.08, 19.21, 17.82, 17.69, 18.65, 17.6, 19.01, 19.64, 19.15, 19.04, 19.04, 16.67, 17.43, 18.73, 19.15, 17.3, 20.09, 19.61, 19.13, 18.12, 19.22, 19.5, 17.7, 17.38, 20.35, 19.78, 19.62, 19.31, 18.21, 17.74, 20.4, 21.19, 19.43, 16.7, 18.76, 19.79, 18.71, 18.38, 17.28, 16.01, 17.74, 17.98, 17.74, 18.06, 18.0, 18.65, 18.9, 22.4, 22.75, 21.94, 21.09, 22.41], "(1, True)": [1573.06, 162.82, 1965.7, 1957.57, 1941.75, 1965.14, 1959.81, 1982.25, 1981.67, 1973.48, 1959.79, 1938.34, 1948.26, 1967.83, 1954.8, 1978.05, 2000.0, 1955.94, 1999.05, 1979.35, 1939.25, 1962.03, 1969.22, 1969.14, 1957.04, 1994.92, 1992.14, 1993.03, 1987.34, 1989.97, 2000.43, 1976.47, 1968.72, 2000.34, 1994.75, 1992.47, 1975.51, 1955.62, 1963.68, 1996.25, 1991.71, 1964.1, 1940.97, 1974.69, 1962.57, 1952.76, 1962.4, 1962.24, 1937.13, 1971.18, 1963.13, 1933.76, 1971.29, 1952.25, 1961.8, 1924.87, 1964.28, 1987.74, 1969.34, 1954.73, 1948.39], "(4, True)": [44.83, 43.31, 41.54, 40.94, 42.0, 42.71, 43.4, 44.3, 42.8, 45.3, 40.68, 41.64, 40.7, 38.74, 39.96, 34.47, 34.27, 37.42, 35.23, 37.91, 39.87, 37.07, 39.48, 35.79, 37.66, 35.45, 34.9, 35.98, 35.74, 34.02, 34.85, 39.24, 37.86, 35.29, 36.19, 38.92, 37.76, 42.25, 39.55, 36.6, 38.32, 40.47, 39.91, 42.4, 41.64, 41.69, 40.79, 43.09, 42.65, 39.0, 42.32, 42.96, 43.8, 43.83, 41.91, 43.92, 42.1, 40.93, 42.91, 40.02, 42.65], "(5, False)": [2.8299999999999983, 0.5799999999999983, 3.5600000000000023, 4.160000000000004, 3.1000000000000014, 0.0799999999999983, 1.3999999999999986, 0.5, 2.0, 0.5, 4.119999999999997, 0.14000000000000057, 0.28999999999999915, 0.0799999999999983, 1.6600000000000037, 2.009999999999998, 0.37000000000000455, 3.520000000000003, 1.3299999999999983, 1.7099999999999937, 1.0700000000000003, 1.7299999999999969, 0.6799999999999997, 3.009999999999998, 1.1400000000000006, 3.3499999999999943, 0.5500000000000043, 1.0799999999999983, 0.9600000000000009, 2.6799999999999997, 1.8500000000000014, 0.25, 2.039999999999999, 4.609999999999999, 0.9500000000000028, 2.1799999999999997, 0.740000000000002, 3.75, 1.0499999999999972, 1.8999999999999986, 0.17999999999999972, 1.9699999999999989, 0.9000000000000057, 1.6799999999999997, 1.759999999999998, 1.7100000000000009, 2.6099999999999994, 0.30999999999999517, 0.75, 1.0399999999999991, 2.969999999999999, 1.3599999999999994, 2.1999999999999957, 2.229999999999997, 0.30999999999999517, 2.3200000000000003, 0.5, 0.6700000000000017, 1.3099999999999952, 1.5799999999999983, 1.0499999999999972], "health_condition": [1.0, 0.9833333333333333, 0.9666666666666667, 0.95, 0.9333333333333333, 0.9166666666666666, 0.9, 0.8833333333333333, 0.8666666666666667, 0.85, 0.8333333333333334, 0.8166666666666667, 0.8, 0.7833333333333333, 0.7666666666666667, 0.75, 0.7333333333333333, 0.7166666666666667, 0.7, 0.6833333333333333, 0.6666666666666666, 0.65, 0.6333333333333333, 0.6166666666666667, 0.6, 0.5833333333333334, 0.5666666666666667, 0.55, 0.5333333333333333, 0.5166666666666667, 0.5, 0.48333333333333334, 0.4666666666666667, 0.45, 0.43333333333333335, 0.4166666666666667, 0.4, 0.38333333333333336, 0.36666666666666664, 0.35, 0.3333333333333333, 0.31666666666666665, 0.3, 0.2833333333333333, 0.26666666666666666, 0.25, 0.23333333333333334, 0.21666666666666667, 0.2, 0.18333333333333332, 0.16666666666666666, 0.15, 0.13333333333333333, 0.11666666666666667, 0.1, 0.08333333333333333, 0.06666666666666667, 0.05, 0.03333333333333333, 0.016666666666666666, 0.0]}}