{"5": {"(1, True)": [682.19, 592.87, 1705.69], "(2, True)": [40.52, 43.94, 49.2], "(3, True)": [6.61, 6.71, 14.46], "(4, True)": [42.3, 45.33, 44.25], "(5, True)": [21.74, 21.72, 25.86], "(5, False)": [1.779999999999994, 1.3900000000000006, 4.950000000000003], "health_condition": [1.0, 0.5, 0.0]}}