{"5": {"(1, True)": [465.29, 1869.24], "(2, True)": [45.74, 40.89], "(3, True)": [5.65, 16.5], "(4, True)": [45.45, 45.31], "(5, True)": [21.93, 23.04], "(5, False)": [0.28999999999999915, 4.420000000000002], "health_condition": [1.0, 0.0]}}