{"5": {"(2, True)": [37.0, 33.35, 33.56, 33.78, 35.67, 34.97, 34.45, 34.1, 33.75, 33.6, 35.38, 38.77, 42.84, 41.34, 36.94, 32.46, 31.65, 33.23, 35.32, 35.36, 40.77], "(4, True)": [39.79, 32.88, 31.47, 37.03, 33.75, 34.31, 32.41, 34.44, 33.49, 36.01, 36.12, 40.1, 39.28, 38.4, 35.15, 30.99, 34.91, 36.74, 36.08, 36.3, 41.91], "(3, True)": [16.52, 3.88, 16.58, 16.58, 16.58, 16.57, 16.57, 16.58, 16.59, 16.54, 16.55, 16.54, 16.56, 16.58, 16.55, 16.59, 16.59, 16.55, 16.58, 16.57, 16.55], "(5, True)": [21.46, 24.76, 23.41, 21.65, 22.87, 22.6, 22.49, 21.13, 20.83, 22.74, 22.47, 22.28, 23.53, 21.57, 20.07, 21.71, 22.98, 22.61, 22.12, 23.65, 22.9], "(1, True)": [1936.46, 305.05, 1998.15, 1973.88, 1993.34, 1975.33, 1988.93, 1996.16, 1946.88, 1953.52, 1987.18, 1957.95, 1966.98, 1958.45, 1983.44, 1992.77, 1993.24, 1989.23, 1976.3, 2001.54, 1974.77], "(5, False)": [2.789999999999999, 0.46999999999999886, 2.0900000000000034, 3.25, 1.9200000000000017, 0.6599999999999966, 2.0400000000000063, 0.3399999999999963, 0.259999999999998, 2.4099999999999966, 0.7399999999999949, 1.3299999999999983, 3.5600000000000023, 2.940000000000005, 1.7899999999999991, 1.4700000000000024, 3.259999999999998, 3.510000000000005, 0.759999999999998, 0.9399999999999977, 1.1399999999999935], "health_condition": [1.0, 0.95, 0.9, 0.85, 0.8, 0.75, 0.7, 0.65, 0.6, 0.55, 0.5, 0.45, 0.4, 0.35, 0.3, 0.25, 0.2, 0.15, 0.1, 0.05, 0.0]}}