{"5": {"(2, True)": [48.1, 45.51, 46.58, 48.07], "(4, True)": [42.82, 41.92, 43.48, 46.41], "(3, True)": [14.26, 16.51, 16.5, 10.06], "(5, True)": [19.37, 20.84, 22.2, 24.55], "(1, True)": [1427.39, 1967.67, 1965.69, 1180.19], "(5, False)": [5.280000000000001, 3.5899999999999963, 3.1000000000000014, 1.6600000000000037], "health_condition": [1.0, 0.6666666666666666, 0.3333333333333333, 0.0]}}