{"5": {"(1, True)": [984.89, 804.36, 1960.52, 1977.79, 1971.28, 1960.74, 1956.97, 1994.25, 1990.89, 1969.49], "(2, True)": [42.5, 44.07, 39.13, 41.05, 40.88, 39.93, 40.77, 42.5, 41.65, 39.0], "(3, True)": [9.13, 7.98, 16.57, 16.55, 16.53, 16.53, 16.51, 16.56, 16.55, 16.55], "(4, True)": [43.05, 42.71, 43.92, 41.49, 41.61, 43.5, 42.98, 44.24, 43.37, 43.37], "(5, True)": [24.19, 22.06, 23.19, 24.03, 24.18, 21.8, 21.86, 23.54, 22.57, 23.8], "(5, False)": [0.5499999999999972, 1.3599999999999994, 4.789999999999999, 0.44000000000000483, 0.7299999999999969, 3.5700000000000003, 2.2099999999999937, 1.740000000000002, 1.7199999999999989, 4.369999999999997], "health_condition": [1.0, 0.8888888888888888, 0.7777777777777778, 0.6666666666666666, 0.5555555555555556, 0.4444444444444444, 0.3333333333333333, 0.2222222222222222, 0.1111111111111111, 0.0]}}