{"5": {"(1, True)": [1060.97, 715.27, 1980.83, 1999.04, 1994.17, 2000.93, 1997.76, 1986.94, 1956.03, 1942.63, 1946.2, 1871.58, 1985.51, 1950.39, 1912.3, 1988.12, 1969.71, 1918.08, 1973.78, 1921.45, 1945.99, 1954.96, 1983.22, 1968.32, 1963.77, 1933.43, 1982.37, 1946.94], "(2, True)": [26.63, 23.4, 25.7, 28.6, 28.6, 31.35, 30.3, 30.08, 20.62, 21.25, 31.29, 59.23, 55.79, 50.16, 45.65, 44.25, 41.28, 41.34, 41.1, 35.9, 40.59, 37.04, 38.03, 37.99, 41.58, 38.62, 39.85, 41.32], "(3, True)": [9.72, 7.31, 16.59, 16.59, 16.58, 16.6, 16.59, 16.57, 16.59, 16.59, 16.58, 16.58, 16.6, 16.59, 16.58, 16.57, 16.52, 16.55, 16.59, 16.53, 16.54, 16.54, 16.57, 16.52, 16.57, 16.55, 16.57, 16.53], "(4, True)": [30.68, 20.9, 26.6, 31.34, 29.0, 33.02, 30.16, 28.73, 18.8, 24.75, 38.41, 59.03, 50.34, 48.52, 44.12, 40.05, 38.56, 41.01, 36.07, 38.49, 39.1, 36.95, 38.9, 40.64, 35.45, 37.55, 43.06, 41.63], "(5, True)": [24.41, 16.92, 16.8, 18.89, 18.2, 18.96, 18.59, 17.84, 15.53, 15.9, 15.27, 14.76, 15.55, 13.98, 15.72, 18.07, 17.16, 15.19, 18.23, 18.89, 15.73, 19.75, 21.43, 20.46, 19.55, 18.05, 21.05, 23.07], "(5, False)": [4.050000000000001, 2.5, 0.9000000000000021, 2.7399999999999984, 0.3999999999999986, 1.6700000000000017, 0.14000000000000057, 1.3499999999999979, 1.8200000000000003, 3.5, 7.119999999999997, 0.19999999999999574, 5.449999999999996, 1.6399999999999935, 1.5300000000000011, 4.200000000000003, 2.719999999999999, 0.3300000000000054, 5.030000000000001, 2.5900000000000034, 1.490000000000002, 0.0899999999999963, 0.8699999999999974, 2.6499999999999986, 6.1299999999999955, 1.0700000000000003, 3.210000000000001, 0.3100000000000023], "health_condition": [1.0, 0.9629629629629629, 0.9259259259259259, 0.8888888888888888, 0.8518518518518519, 0.8148148148148148, 0.7777777777777778, 0.7407407407407407, 0.7037037037037037, 0.6666666666666666, 0.6296296296296297, 0.5925925925925926, 0.5555555555555556, 0.5185185185185185, 0.48148148148148145, 0.4444444444444444, 0.4074074074074074, 0.37037037037037035, 0.3333333333333333, 0.2962962962962963, 0.25925925925925924, 0.2222222222222222, 0.18518518518518517, 0.14814814814814814, 0.1111111111111111, 0.07407407407407407, 0.037037037037037035, 0.0]}}