{"5": {"(1, True)": [1099.76, 1728.38, 1684.52, 1872.58], "(2, True)": [57.02, 42.09, 34.91, 44.18], "(3, True)": [12.56, 16.51, 16.54, 16.57], "(4, True)": [48.02, 42.42, 43.14, 43.63], "(5, True)": [15.02, 14.25, 13.2, 17.84], "(5, False)": [9.0, 0.3299999999999983, 8.230000000000004, 0.5499999999999972], "health_condition": [1.0, 0.6666666666666666, 0.3333333333333333, 0.0]}}