{"5": {"(1, True)": [1127.77, 1882.85, 1982.97, 1976.28, 1952.69, 1971.92, 1941.41, 1960.38, 1976.66, 1988.35, 1979.48, 1995.65], "(2, True)": [42.31, 37.96, 41.06, 37.95, 42.59, 38.07, 39.57, 42.5, 42.3, 41.42, 43.77, 41.76], "(3, True)": [11.32, 16.42, 16.62, 16.57, 16.57, 16.54, 16.61, 16.58, 16.56, 16.56, 16.55, 16.59], "(4, True)": [41.11, 38.07, 37.44, 38.01, 39.1, 39.45, 39.71, 41.18, 41.78, 40.48, 42.0, 43.03], "(5, True)": [17.94, 20.1, 20.81, 19.91, 18.03, 20.16, 22.13, 22.23, 22.06, 22.74, 20.92, 25.11], "(5, False)": [1.2000000000000028, 0.10999999999999943, 3.6200000000000045, 0.05999999999999517, 3.490000000000002, 1.3800000000000026, 0.14000000000000057, 1.3200000000000003, 0.519999999999996, 0.9400000000000048, 1.7700000000000031, 1.2700000000000031], "health_condition": [1.0, 0.9090909090909091, 0.8181818181818182, 0.7272727272727273, 0.6363636363636364, 0.5454545454545454, 0.45454545454545453, 0.36363636363636365, 0.2727272727272727, 0.18181818181818182, 0.09090909090909091, 0.0]}}