{"31": {"(2, True)": [14.68, 8.16, 15.78, 22.63, 19.7, 14.28, 12.63, 6.95, 22.87, 22.55, 28.3, 27.46, 26.1, 26.01, 23.5, 22.97, 17.42, 13.3, 17.22, 18.43, 22.4, 22.4, 20.73, 23.43, 22.1], "(3, True)": [10.45, 16.7, 16.72, 16.72, 16.74, 16.71, 16.72, 16.73, 16.73, 16.72, 16.75, 16.63, 16.69, 16.67, 16.73, 16.71, 16.74, 16.69, 16.73, 16.71, 16.71, 16.74, 16.75, 16.72, 16.76], "(5, True)": [16.71, 16.09, 16.24, 18.29, 16.2, 16.31, 14.91, 13.03, 11.13, 10.55, 10.33, 10.03, 11.26, 13.35, 15.23, 17.58, 17.98, 17.1, 16.56, 17.82, 17.62, 16.71, 15.05, 15.79, 16.63], "(1, True)": [1050.54, 1919.9, 1923.35, 1962.56, 1930.31, 1972.28, 1976.22, 1828.16, 1546.39, 1354.15, 1267.13, 1317.76, 1592.29, 1799.23, 1929.09, 1957.71, 1931.49, 1932.7, 1919.18, 1955.45, 1993.81, 1982.87, 1885.91, 1950.8, 1950.33], "(4, True)": [12.0, 8.75, 15.48, 20.72, 17.27, 12.96, 10.32, 8.95, 24.86, 27.85, 29.22, 29.8, 29.5, 23.92, 25.06, 23.49, 18.2, 14.08, 19.4, 21.69, 21.71, 22.16, 18.54, 24.48, 21.16], "(31, False)": [2.6799999999999997, 0.5899999999999999, 0.29999999999999893, 1.9100000000000001, 2.4299999999999997, 1.3199999999999985, 2.3100000000000005, 1.9999999999999991, 1.9899999999999984, 5.300000000000001, 0.9199999999999982, 2.34, 3.3999999999999986, 2.09, 1.5599999999999987, 0.5199999999999996, 0.7799999999999976, 0.7799999999999994, 2.1799999999999997, 3.2600000000000016, 0.6899999999999977, 0.23999999999999844, 2.1900000000000013, 1.0500000000000007, 0.9400000000000013], "health_condition": [1.0, 0.9583333333333334, 0.9166666666666666, 0.875, 0.8333333333333334, 0.7916666666666666, 0.75, 0.7083333333333334, 0.6666666666666666, 0.625, 0.5833333333333334, 0.5416666666666666, 0.5, 0.4583333333333333, 0.4166666666666667, 0.375, 0.3333333333333333, 0.2916666666666667, 0.25, 0.20833333333333334, 0.16666666666666666, 0.125, 0.08333333333333333, 0.041666666666666664, 0.0]}}