{"31": {"(2, True)": [21.7, 21.28, 20.18, 22.37, 20.43, 24.1, 26.39, 28.94, 27.18, 21.0, 16.95, 16.15, 9.84, 7.3, 12.21, 16.42, 31.02, 35.7, 38.18, 35.26, 26.52, 28.65, 27.62, 20.97, 25.8, 23.9, 21.26, 22.0, 16.04, 13.78, 18.04, 18.51, 21.19, 19.02, 22.27, 18.97, 15.99, 9.68, 18.47, 24.8, 19.16, 8.97, 4.93, 7.8, 21.86, 12.11, 16.94, 15.78, 13.09, 12.95, 9.06, 1.0, 14.93, 19.54, 11.04, 5.9, 7.74, 8.9, 13.63], "(4, True)": [23.32, 20.92, 20.85, 19.21, 25.91, 27.7, 26.79, 31.4, 22.39, 20.6, 19.49, 16.36, 8.29, 7.89, 9.38, 18.34, 33.6, 36.11, 39.63, 32.12, 27.81, 31.26, 25.44, 22.62, 28.0, 25.74, 20.9, 20.39, 14.09, 15.73, 18.47, 25.18, 23.04, 22.67, 22.25, 17.43, 11.26, 17.9, 21.5, 25.09, 21.05, 10.17, 3.78, 7.5, 17.99, 10.76, 15.0, 12.44, 14.16, 12.05, 6.18, 359.38, 17.79, 20.43, 6.78, 8.22, 4.9, 12.05, 14.35], "(3, True)": [12.78, 16.74, 16.71, 16.73, 16.75, 16.74, 16.74, 16.75, 16.74, 16.73, 16.7, 16.74, 16.74, 16.73, 16.71, 16.57, 16.75, 16.74, 16.5, 16.54, 16.7, 16.77, 16.75, 16.74, 16.78, 16.72, 16.6, 16.73, 16.7, 16.68, 15.03, 16.61, 16.7, 16.74, 16.74, 16.71, 16.75, 16.74, 16.73, 16.77, 16.76, 16.71, 16.12, 15.97, 16.04, 16.59, 16.51, 16.74, 16.69, 16.74, 16.74, 16.7, 16.22, 16.71, 16.73, 16.75, 16.73, 16.71, 16.73], "(5, True)": [19.41, 19.58, 16.89, 18.17, 19.49, 19.49, 19.31, 21.19, 20.36, 18.02, 18.01, 20.14, 21.67, 15.45, 12.33, 10.84, 12.29, 12.79, 9.45, 9.71, 12.09, 12.47, 14.45, 10.35, 10.81, 12.2, 11.92, 12.45, 11.06, 10.38, 8.01, 12.01, 13.08, 13.18, 15.01, 15.95, 14.53, 15.21, 16.64, 15.87, 12.97, 11.72, 9.64, 9.33, 8.96, 9.89, 10.88, 13.04, 12.07, 12.82, 15.09, 13.03, 11.25, 13.2, 13.52, 14.51, 16.69, 15.95, 16.51], "(1, True)": [1212.02, 1980.94, 1943.05, 1962.34, 1974.03, 2001.04, 1998.6, 2000.52, 1981.19, 1961.02, 1965.88, 1965.56, 1998.48, 1952.12, 1608.42, 1396.68, 1786.59, 1838.28, 972.48, 1061.77, 1722.07, 1830.45, 1992.72, 1270.51, 1415.65, 1731.49, 1508.91, 1699.58, 1466.5, 1313.12, 556.93, 1570.23, 1827.23, 1831.3, 1902.56, 1904.07, 1916.99, 1905.58, 1977.65, 1999.8, 1876.63, 1505.6, 1050.97, 1008.9, 752.84, 1074.92, 1379.21, 1833.33, 1625.46, 1739.45, 1941.94, 1767.55, 1367.53, 1837.95, 1853.86, 1854.52, 1946.63, 1865.86, 1876.81], "(31, False)": [1.620000000000001, 0.35999999999999943, 0.6700000000000017, 3.16, 5.48, 3.599999999999998, 0.3999999999999986, 2.4599999999999973, 4.789999999999999, 0.3999999999999986, 2.539999999999999, 0.21000000000000085, 1.5500000000000007, 0.5899999999999999, 2.83, 1.9199999999999982, 2.580000000000002, 0.4099999999999966, 1.4500000000000028, 3.1400000000000006, 1.2899999999999991, 2.610000000000003, 2.1799999999999997, 1.6500000000000021, 2.1999999999999993, 1.8399999999999999, 0.360000000000003, 1.6099999999999994, 1.9499999999999993, 1.950000000000001, 0.4299999999999997, 6.669999999999998, 1.8499999999999979, 3.650000000000002, 0.019999999999999574, 1.5399999999999991, 4.73, 8.219999999999999, 3.030000000000001, 0.28999999999999915, 1.8900000000000006, 1.1999999999999993, 1.15, 0.2999999999999998, 3.870000000000001, 1.3499999999999996, 1.9400000000000013, 3.34, 1.0700000000000003, 0.8999999999999986, 2.880000000000001, 1.6200000000000045, 2.8599999999999994, 0.8900000000000006, 4.259999999999999, 2.3200000000000003, 2.84, 3.1500000000000004, 0.7199999999999989], "health_condition": [1.0, 0.9827586206896551, 0.9655172413793104, 0.9482758620689655, 0.9310344827586207, 0.9137931034482759, 0.896551724137931, 0.8793103448275862, 0.8620689655172413, 0.8448275862068966, 0.8275862068965517, 0.8103448275862069, 0.7931034482758621, 0.7758620689655172, 0.7586206896551724, 0.7413793103448276, 0.7241379310344828, 0.7068965517241379, 0.6896551724137931, 0.6724137931034483, 0.6551724137931034, 0.6379310344827587, 0.6206896551724138, 0.603448275862069, 0.5862068965517241, 0.5689655172413793, 0.5517241379310345, 0.5344827586206896, 0.5172413793103449, 0.5, 0.4827586206896552, 0.46551724137931033, 0.4482758620689655, 0.43103448275862066, 0.41379310344827586, 0.39655172413793105, 0.3793103448275862, 0.3620689655172414, 0.3448275862068966, 0.3275862068965517, 0.3103448275862069, 0.29310344827586204, 0.27586206896551724, 0.25862068965517243, 0.2413793103448276, 0.22413793103448276, 0.20689655172413793, 0.1896551724137931, 0.1724137931034483, 0.15517241379310345, 0.13793103448275862, 0.1206896551724138, 0.10344827586206896, 0.08620689655172414, 0.06896551724137931, 0.05172413793103448, 0.034482758620689655, 0.017241379310344827, 0.0]}}