{"31": {"(1, True)": [1445.57, 796.56, 2000.22, 1999.97, 1996.27, 1979.36, 1996.99, 1993.88, 1999.67, 1998.85, 2000.75, 1997.8, 2000.63, 2000.83, 1996.35, 1999.73, 1997.57, 2000.86, 2001.05, 1998.55, 1995.1, 1990.31, 1998.12, 1994.85, 1994.87, 1997.08, 1986.51, 1999.26, 1997.43, 1999.54, 1996.69, 1999.99, 2000.23, 2000.28, 1997.27, 1998.35, 2000.38, 1997.2], "(2, True)": [25.82, 29.46, 31.9, 31.9, 25.47, 20.8, 19.98, 25.42, 27.15, 27.3, 30.2, 29.72, 27.0, 27.0, 27.15, 23.86, 24.48, 28.0, 30.64, 27.09, 26.25, 26.6, 25.25, 26.8, 27.0, 27.0, 24.04, 21.7, 21.7, 23.87, 24.2, 27.0, 27.0, 24.36, 22.4, 24.95, 23.37, 26.37], "(3, True)": [12.81, 7.78, 16.74, 16.75, 16.75, 16.74, 16.75, 16.74, 16.75, 16.75, 16.74, 16.73, 16.76, 16.76, 16.74, 16.74, 16.75, 16.75, 16.78, 16.74, 16.73, 16.74, 16.76, 16.76, 16.74, 16.74, 16.76, 16.74, 16.73, 16.75, 16.76, 16.76, 16.75, 16.72, 16.74, 16.76, 16.75, 16.74], "(4, True)": [26.43, 30.39, 27.64, 27.45, 23.73, 22.05, 22.88, 25.93, 24.31, 27.89, 30.8, 28.56, 28.38, 27.51, 27.25, 27.42, 27.6, 30.15, 31.16, 24.71, 27.46, 29.71, 26.97, 25.72, 25.85, 24.81, 22.9, 24.69, 25.17, 25.76, 22.86, 24.97, 24.34, 24.21, 22.78, 27.14, 24.66, 26.42], "(5, True)": [24.18, 18.37, 18.35, 19.28, 18.05, 16.51, 18.34, 20.6, 22.32, 21.49, 20.95, 19.42, 20.72, 23.37, 23.33, 23.26, 22.26, 23.42, 24.19, 23.55, 23.16, 24.55, 24.03, 22.9, 23.1, 23.77, 23.73, 23.57, 22.7, 22.01, 21.31, 21.64, 21.73, 21.36, 21.17, 22.28, 21.58, 19.7], "(31, False)": [0.6099999999999994, 0.9299999999999997, 4.259999999999998, 4.449999999999999, 1.7399999999999984, 1.25, 2.8999999999999986, 0.509999999999998, 2.84, 0.5899999999999999, 0.6000000000000014, 1.1600000000000001, 1.379999999999999, 0.5100000000000016, 0.10000000000000142, 3.5600000000000023, 3.120000000000001, 2.1499999999999986, 0.5199999999999996, 2.379999999999999, 1.2100000000000009, 3.1099999999999994, 1.7199999999999989, 1.0800000000000018, 1.1499999999999986, 2.1900000000000013, 1.1400000000000006, 2.990000000000002, 3.4700000000000024, 1.8900000000000006, 1.3399999999999999, 2.030000000000001, 2.66, 0.14999999999999858, 0.38000000000000256, 2.1900000000000013, 1.2899999999999991, 0.05000000000000071], "health_condition": [1.0, 0.972972972972973, 0.9459459459459459, 0.918918918918919, 0.8918918918918919, 0.8648648648648649, 0.8378378378378378, 0.8108108108108109, 0.7837837837837838, 0.7567567567567568, 0.7297297297297297, 0.7027027027027027, 0.6756756756756757, 0.6486486486486487, 0.6216216216216216, 0.5945945945945946, 0.5675675675675675, 0.5405405405405406, 0.5135135135135135, 0.4864864864864865, 0.4594594594594595, 0.43243243243243246, 0.40540540540540543, 0.3783783783783784, 0.35135135135135137, 0.32432432432432434, 0.2972972972972973, 0.2702702702702703, 0.24324324324324326, 0.21621621621621623, 0.1891891891891892, 0.16216216216216217, 0.13513513513513514, 0.10810810810810811, 0.08108108108108109, 0.05405405405405406, 0.02702702702702703, 0.0]}}