{"31": {"(3, True)": [9.2, 16.74, 16.73, 16.74, 16.75, 16.75, 16.75, 16.73, 16.74, 16.75, 16.75, 16.76, 16.73, 16.72, 16.71, 16.72, 16.72, 16.72, 16.72, 16.69, 16.74, 16.73, 16.73, 9.42, 9.17, 16.72, 16.68, 16.73, 16.69, 16.72, 16.71, 16.75, 16.74, 16.68, 16.69, 16.69, 16.7, 16.71, 16.72], "(2, True)": [30.38, 29.77, 29.27, 28.32, 27.95, 30.1, 30.1, 28.8, 28.33, 29.8, 27.18, 24.8, 27.46, 26.54, 27.38, 29.1, 26.07, 24.31, 24.31, 22.94, 25.19, 23.79, 21.57, 26.8, 25.05, 24.16, 23.95, 22.77, 23.51, 22.58, 19.53, 24.74, 16.37, 16.81, 17.53, 16.64, 22.83, 23.4, 19.82], "(5, True)": [14.17, 15.52, 14.85, 15.25, 17.21, 20.27, 18.23, 17.66, 18.31, 19.3, 18.76, 17.91, 19.82, 16.37, 14.78, 15.14, 16.02, 15.58, 15.06, 14.52, 13.99, 14.64, 14.15, 16.04, 16.09, 15.94, 13.76, 14.67, 13.88, 12.11, 13.16, 14.92, 15.15, 14.29, 12.92, 13.18, 16.84, 17.7, 16.57], "(1, True)": [885.59, 1980.02, 1945.72, 1987.58, 1986.16, 2001.01, 1998.79, 1978.78, 1965.56, 1997.73, 1995.97, 1971.61, 1992.48, 1955.96, 1976.46, 1956.65, 1981.01, 1967.9, 1930.21, 1918.21, 1850.29, 1943.86, 1914.68, 1076.66, 940.78, 1935.3, 1832.56, 1894.57, 1857.15, 1733.85, 1789.2, 1935.11, 1894.92, 1868.85, 1763.07, 1814.57, 1958.78, 1955.21, 1933.72], "(4, True)": [30.45, 28.95, 27.82, 28.18, 31.03, 32.91, 32.77, 27.64, 28.58, 29.69, 25.27, 26.09, 30.21, 27.88, 27.92, 26.73, 28.13, 22.24, 24.68, 23.12, 26.22, 23.06, 24.96, 26.99, 27.06, 22.21, 24.96, 22.89, 22.82, 20.52, 20.11, 23.07, 13.94, 19.12, 18.68, 19.93, 23.56, 23.86, 19.47], "(31, False)": [0.07000000000000028, 0.8200000000000003, 1.4499999999999993, 0.14000000000000057, 3.080000000000002, 2.809999999999995, 2.6700000000000017, 1.1600000000000001, 0.25, 0.10999999999999943, 1.9100000000000001, 1.2899999999999991, 2.75, 1.3399999999999999, 0.5400000000000027, 2.370000000000001, 2.0599999999999987, 2.0700000000000003, 0.370000000000001, 0.17999999999999972, 1.0299999999999976, 0.7300000000000004, 3.3900000000000006, 0.18999999999999773, 2.009999999999998, 1.9499999999999993, 1.0100000000000016, 0.120000000000001, 0.6900000000000013, 2.0599999999999987, 0.5799999999999983, 1.6699999999999982, 2.4300000000000015, 2.3100000000000023, 1.1499999999999986, 3.289999999999999, 0.7300000000000004, 0.46000000000000085, 0.3500000000000014], "health_condition": [1.0, 0.9736842105263158, 0.9473684210526315, 0.9210526315789473, 0.8947368421052632, 0.868421052631579, 0.8421052631578947, 0.8157894736842105, 0.7894736842105263, 0.7631578947368421, 0.7368421052631579, 0.7105263157894737, 0.6842105263157895, 0.6578947368421053, 0.631578947368421, 0.6052631578947368, 0.5789473684210527, 0.5526315789473685, 0.5263157894736842, 0.5, 0.47368421052631576, 0.4473684210526316, 0.42105263157894735, 0.39473684210526316, 0.3684210526315789, 0.34210526315789475, 0.3157894736842105, 0.2894736842105263, 0.2631578947368421, 0.23684210526315788, 0.21052631578947367, 0.18421052631578946, 0.15789473684210525, 0.13157894736842105, 0.10526315789473684, 0.07894736842105263, 0.05263157894736842, 0.02631578947368421, 0.0]}}