{"31": {"(3, True)": [10.06, 16.35], "(5, True)": [19.59, 19.33], "(2, True)": [21.0, 19.15], "(4, True)": [21.33, 18.8], "(1, True)": [801.63, 1724.12], "(31, False)": [0.3299999999999983, 0.34999999999999787], "health_condition": [1.0, 0.0]}}