{"31": {"(5, True)": [20.34, 19.87, 19.51, 20.21, 20.92, 20.62, 21.2, 21.44, 21.59, 21.98, 24.33, 22.71, 20.47, 19.08, 19.94, 20.74, 19.84, 19.16, 19.52, 21.08, 20.47, 18.82, 18.94, 19.09, 17.07, 17.58, 18.95, 19.38, 18.37, 18.45, 18.07, 20.11, 19.86, 19.14], "(3, True)": [14.98, 16.75, 16.72, 16.74, 16.74, 16.76, 16.75, 16.76, 16.74, 16.76, 16.75, 16.76, 16.72, 16.74, 16.73, 16.76, 16.72, 16.73, 16.76, 16.74, 16.74, 16.74, 16.71, 16.72, 16.74, 16.71, 16.73, 16.71, 16.75, 16.72, 16.72, 16.73, 16.71, 16.75], "(1, True)": [1521.32, 1994.28, 1991.97, 1987.68, 1999.63, 2001.43, 2000.37, 2000.72, 2000.79, 1998.77, 2000.38, 1999.77, 1980.72, 1989.3, 1993.14, 1998.97, 1985.8, 1984.28, 1992.2, 1992.1, 1971.09, 1931.23, 1881.11, 1938.78, 1992.85, 1976.37, 1924.5, 1948.19, 1966.92, 1966.36, 1957.26, 1956.04, 1936.51, 1926.37], "(4, True)": [24.91, 26.24, 24.47, 26.97, 29.26, 31.51, 29.24, 27.88, 26.17, 26.55, 27.21, 25.95, 21.21, 22.92, 22.08, 24.44, 21.3, 24.01, 25.4, 26.24, 19.35, 15.97, 13.95, 17.91, 25.97, 22.43, 18.83, 16.23, 20.14, 23.31, 18.91, 16.51, 17.15, 18.3], "(2, True)": [23.4, 26.35, 25.8, 25.65, 28.4, 31.34, 30.77, 28.4, 28.4, 28.4, 28.4, 24.61, 24.36, 21.5, 21.3, 21.3, 23.2, 23.4, 21.7, 24.44, 21.18, 17.04, 16.78, 16.41, 20.37, 22.86, 20.34, 19.68, 19.17, 20.87, 18.26, 19.9, 17.46, 20.6], "(31, False)": [1.5100000000000016, 0.11000000000000298, 1.3300000000000018, 1.3200000000000003, 0.860000000000003, 0.1700000000000017, 1.5300000000000011, 0.5199999999999996, 2.229999999999997, 1.8499999999999979, 1.1899999999999977, 1.3399999999999999, 3.1499999999999986, 1.4200000000000017, 0.7799999999999976, 3.1400000000000006, 1.8999999999999986, 0.610000000000003, 3.6999999999999993, 1.7999999999999972, 1.8299999999999983, 1.0699999999999985, 2.830000000000002, 1.5, 5.599999999999998, 0.4299999999999997, 1.5100000000000016, 3.4499999999999993, 0.9699999999999989, 2.4399999999999977, 0.6499999999999986, 3.389999999999997, 0.3100000000000023, 2.3000000000000007], "health_condition": [1.0, 0.9696969696969697, 0.9393939393939394, 0.9090909090909091, 0.8787878787878788, 0.8484848484848485, 0.8181818181818182, 0.7878787878787878, 0.7575757575757576, 0.7272727272727273, 0.696969696969697, 0.6666666666666666, 0.6363636363636364, 0.6060606060606061, 0.5757575757575758, 0.5454545454545454, 0.5151515151515151, 0.48484848484848486, 0.45454545454545453, 0.42424242424242425, 0.3939393939393939, 0.36363636363636365, 0.3333333333333333, 0.30303030303030304, 0.2727272727272727, 0.24242424242424243, 0.21212121212121213, 0.18181818181818182, 0.15151515151515152, 0.12121212121212122, 0.09090909090909091, 0.06060606060606061, 0.030303030303030304, 0.0]}}