{"31": {"(2, True)": [32.68, 31.98, 32.17, 39.2, 27.33, 33.0], "(4, True)": [36.11, 33.37, 34.52, 36.63, 29.66, 32.04], "(3, True)": [3.76, 15.04, 16.75, 12.88, 7.72, 16.75], "(5, True)": [23.02, 23.52, 24.05, 24.14, 19.79, 21.82], "(1, True)": [76.96, 1471.44, 1974.83, 1498.11, 758.73, 1988.5], "(31, False)": [3.4299999999999997, 1.389999999999997, 2.3500000000000014, 2.5700000000000003, 2.330000000000002, 0.9600000000000009], "health_condition": [1.0, 0.8, 0.6, 0.4, 0.2, 0.0]}}