{"31": {"(1, True)": [1408.36, 1030.49, 1882.15, 1892.5], "(2, True)": [26.6, 20.47, 17.48, 17.65], "(3, True)": [12.6, 10.42, 16.75, 16.68], "(4, True)": [27.08, 20.43, 19.31, 13.05], "(5, True)": [22.91, 17.62, 16.87, 17.26], "(31, False)": [0.4799999999999969, 0.03999999999999915, 1.8299999999999983, 4.599999999999998], "health_condition": [1.0, 0.6666666666666666, 0.3333333333333333, 0.0]}}