{"31": {"(3, True)": [8.7, 7.06, 16.72, 16.74], "(5, True)": [21.53, 19.91, 20.35, 20.29], "(2, True)": [38.32, 29.73, 21.42, 24.1], "(4, True)": [23.17, 21.65, 23.31, 22.68], "(1, True)": [1036.71, 703.95, 1973.19, 1972.54], "(31, False)": [15.149999999999999, 8.080000000000002, 1.889999999999997, 1.4200000000000017], "health_condition": [1.0, 0.6666666666666666, 0.3333333333333333, 0.0]}}