{"31": {"(2, True)": [4.93, 13.96, 12.2, 15.47, 20.13, 15.26, 9.38, 19.52, 20.47, 22.27], "(4, True)": [9.46, 13.13, 16.28, 15.4, 20.84, 15.19, 10.02, 17.6, 19.62, 23.64], "(3, True)": [7.7, 12.32, 16.67, 16.69, 16.73, 16.71, 16.71, 16.73, 16.69, 16.72], "(5, True)": [16.36, 17.5, 17.36, 16.61, 14.79, 14.79, 15.87, 16.41, 17.01, 19.38], "(1, True)": [802.92, 1200.1, 1833.39, 1834.47, 1853.98, 1872.18, 1896.16, 1933.24, 1838.67, 1981.5], "(31, False)": [4.530000000000001, 0.8300000000000001, 4.080000000000002, 0.07000000000000028, 0.7100000000000009, 0.07000000000000028, 0.6399999999999988, 1.9199999999999982, 0.8499999999999979, 1.370000000000001], "health_condition": [1.0, 0.8888888888888888, 0.7777777777777778, 0.6666666666666666, 0.5555555555555556, 0.4444444444444444, 0.3333333333333333, 0.2222222222222222, 0.1111111111111111, 0.0]}}