{"31": {"(1, True)": [1257.18, 1000.07, 1977.51, 1974.63, 1993.69, 1986.59, 1970.43, 1989.91, 1939.26, 1982.1, 1877.33, 1865.21, 1680.99, 1712.82, 1630.08, 1941.86, 1970.69, 2000.64, 1998.07, 1879.61, 1873.05, 1841.97, 1990.47, 1985.22, 1979.91, 1788.42, 1882.81, 1973.25, 1940.15, 1887.38, 1774.42, 1868.15, 1943.83, 1914.34, 1800.59, 1669.97, 1898.73, 1882.52, 1890.42, 1991.74, 1910.52, 1931.16, 1908.04, 1859.59, 1909.74, 1906.07, 1968.37, 1946.87, 1890.61, 1961.93, 1988.34, 1983.91, 1983.96, 1994.66, 1992.22, 1995.22, 1990.1, 1997.07, 1992.16, 1983.11, 1984.42, 1999.5, 2000.35], "(2, True)": [32.38, null, 25.41, 29.28, 31.9, 28.86, 29.08, 31.5, 28.64, 30.65, 33.48, 32.54, 37.31, 34.76, 34.56, 34.4, 37.29, 37.0, 33.6, 36.34, 39.2, 40.87, 41.56, 34.54, 35.38, 40.7, 37.11, 26.68, 25.35, 22.9, 26.6, 18.89, 28.52, 28.04, 25.56, 27.05, 21.89, 25.96, 24.12, 32.84, 30.19, 32.42, 23.99, 25.61, 22.27, 24.88, 28.06, 31.89, 30.62, 30.18, 33.3, 33.3, 30.31, 32.2, 32.2, 32.2, 25.83, 24.22, 23.38, 17.17, 23.02, 23.2, 22.42], "(3, True)": [11.48, 16.75, 16.74, 16.76, 16.76, 16.76, 16.75, 16.75, 16.75, 16.75, 16.73, 16.75, 16.75, 16.76, 16.76, 16.75, 16.74, 16.77, 16.75, 16.76, 16.73, 16.74, 16.75, 16.75, 16.75, 16.73, 16.75, 16.74, 16.69, 16.71, 16.7, 16.73, 16.71, 16.71, 16.72, 16.69, 16.73, 16.7, 16.73, 16.74, 16.75, 16.72, 16.73, 16.69, 16.67, 16.69, 16.68, 16.72, 16.68, 16.73, 16.79, 16.73, 16.78, 16.75, 16.76, 16.76, 16.75, 16.78, 16.74, 16.7, 16.72, 16.74, 16.74], "(4, True)": [32.54, 28.37, 26.87, 30.5, 30.27, 28.31, 30.62, 30.72, 29.69, 31.87, 34.81, 32.77, 34.72, 36.5, 36.27, 33.04, 37.28, 31.69, 31.46, 36.69, 37.93, 37.64, 39.75, 33.05, 36.69, 41.28, 35.96, 28.02, 23.72, 24.42, 27.9, 17.61, 30.1, 30.16, 27.85, 24.28, 20.4, 27.9, 28.04, 34.69, 34.19, 29.78, 27.89, 24.67, 22.39, 27.38, 29.75, 34.09, 30.58, 31.16, 35.04, 31.19, 31.32, 32.97, 29.63, 31.45, 25.71, 28.84, 24.5, 20.4, 22.78, 22.41, 25.89], "(5, True)": [21.54, 13.19, 13.83, 14.42, 13.81, 14.04, 13.43, 14.79, 12.98, 13.75, 12.7, 12.62, 11.83, 12.3, 11.33, 13.47, 14.62, 16.58, 15.62, 12.96, 12.97, 12.99, 14.96, 15.5, 16.47, 12.74, 14.87, 15.49, 16.53, 13.76, 12.6, 15.55, 15.24, 15.73, 14.32, 14.17, 17.17, 14.38, 14.66, 18.06, 17.2, 15.62, 17.09, 18.06, 17.81, 16.16, 18.56, 17.75, 16.62, 17.54, 17.48, 16.67, 16.89, 19.13, 17.17, 18.59, 17.53, 19.66, 20.46, 20.62, 21.4, 23.22, 23.5], "(31, False)": [0.1599999999999966, NaN, 1.4600000000000009, 1.2199999999999989, 1.629999999999999, 0.5500000000000007, 1.5400000000000027, 0.7800000000000011, 1.0500000000000007, 1.2200000000000024, 1.3300000000000054, 0.23000000000000398, 2.5900000000000034, 1.740000000000002, 1.7100000000000009, 1.3599999999999994, 0.00999999999999801, 5.309999999999999, 2.1400000000000006, 0.3499999999999943, 1.2700000000000031, 3.229999999999997, 1.8100000000000023, 1.490000000000002, 1.3099999999999952, 0.5799999999999983, 1.1499999999999986, 1.3399999999999999, 1.6300000000000026, 1.5200000000000031, 1.2999999999999972, 1.2800000000000011, 1.5800000000000018, 2.120000000000001, 2.2900000000000027, 2.7699999999999996, 1.490000000000002, 1.9399999999999977, 3.919999999999998, 1.8499999999999943, 3.9999999999999964, 2.6400000000000006, 3.900000000000002, 0.9399999999999977, 0.120000000000001, 2.5, 1.6900000000000013, 2.200000000000003, 0.0400000000000027, 0.9800000000000004, 1.740000000000002, 2.109999999999996, 1.0100000000000016, 0.769999999999996, 2.570000000000004, 0.7500000000000036, 0.11999999999999744, 4.620000000000001, 1.120000000000001, 3.229999999999997, 0.23999999999999844, 0.7899999999999991, 3.469999999999999], "health_condition": [1.0, 0.9838709677419355, 0.967741935483871, 0.9516129032258065, 0.9354838709677419, 0.9193548387096774, 0.9032258064516129, 0.8870967741935484, 0.8709677419354839, 0.8548387096774194, 0.8387096774193549, 0.8225806451612904, 0.8064516129032258, 0.7903225806451613, 0.7741935483870968, 0.7580645161290323, 0.7419354838709677, 0.7258064516129032, 0.7096774193548387, 0.6935483870967742, 0.6774193548387096, 0.6612903225806451, 0.6451612903225806, 0.6290322580645161, 0.6129032258064516, 0.5967741935483871, 0.5806451612903226, 0.5645161290322581, 0.5483870967741935, 0.532258064516129, 0.5161290322580645, 0.5, 0.4838709677419355, 0.46774193548387094, 0.45161290322580644, 0.43548387096774194, 0.41935483870967744, 0.4032258064516129, 0.3870967741935484, 0.3709677419354839, 0.3548387096774194, 0.3387096774193548, 0.3225806451612903, 0.3064516129032258, 0.2903225806451613, 0.27419354838709675, 0.25806451612903225, 0.24193548387096775, 0.22580645161290322, 0.20967741935483872, 0.1935483870967742, 0.1774193548387097, 0.16129032258064516, 0.14516129032258066, 0.12903225806451613, 0.11290322580645161, 0.0967741935483871, 0.08064516129032258, 0.06451612903225806, 0.04838709677419355, 0.03225806451612903, 0.016129032258064516, 0.0]}}