{"31": {"(1, True)": [776.53, 1995.57, 1958.75, 1948.39, 1934.65], "(2, True)": [28.9, 24.53, 19.55, 16.04, 15.89], "(3, True)": [7.97, 16.75, 16.73, 16.74, 16.74], "(4, True)": [28.21, 24.6, 20.98, 17.11, 15.61], "(5, True)": [21.6, 19.16, 18.29, 17.3, 18.48], "(31, False)": [0.6899999999999977, 0.07000000000000028, 1.4299999999999997, 1.0700000000000003, 0.28000000000000114], "health_condition": [1.0, 0.75, 0.5, 0.25, 0.0]}}