{"31": {"(1, True)": [599.88, 1082.06, 1500.28], "(2, True)": [22.13, 32.05, 30.17], "(3, True)": [6.05, 9.85, 12.54], "(4, True)": [22.69, 30.18, 32.61], "(5, True)": [21.82, 23.36, 25.0], "(31, False)": [0.5600000000000023, 1.8699999999999974, 2.4399999999999977], "health_condition": [1.0, 0.5, 0.0]}}