{"31": {"(1, True)": [1057.67, 1387.78, 1990.41], "(2, True)": [28.2, 25.16, 24.27], "(3, True)": [10.75, 13.16, 16.72], "(4, True)": [26.73, 24.15, 25.41], "(5, True)": [23.15, 23.71, 23.98], "(31, False)": [1.4699999999999989, 1.0100000000000016, 1.1400000000000006], "health_condition": [1.0, 0.5, 0.0]}}