{"14": {"(3, True)": [16.73, 16.7, 16.61, 16.74], "(2, True)": [30.8, 30.8, 33.91, 25.07], "(1, True)": [1881.59, 1826.88, 1382.14, 1856.28], "(5, True)": [13.07, 13.25, 11.05, 13.27], "(4, True)": [30.17, 30.12, 33.94, 24.16], "(14, False)": [0.629999999999999, 0.6799999999999997, 0.030000000000001137, 0.9100000000000001], "health_condition": [1.0, 0.6666666666666666, 0.3333333333333333, 0.0]}}