{"14": {"(1, True)": [1987.29, 1990.6, 1990.15], "(2, True)": [25.92, 28.4, 28.4], "(3, True)": [16.75, 16.75, 16.77], "(4, True)": [26.32, 25.38, 24.56], "(5, True)": [22.4, 22.41, 22.03], "(14, False)": [0.3999999999999986, 3.0199999999999996, 3.84], "health_condition": [1.0, 0.5, 0.0]}}