{"19": {"(1, True)": [2000.47, 1965.16, 1908.12, 1859.01, 1940.22, 1914.05], "(2, True)": [27.72, 20.2, 22.0, 32.76, 31.9, 41.07], "(3, True)": [16.7, 16.7, 16.71, 16.7, 16.71, 16.7], "(4, True)": [26.68, 21.91, 26.28, 30.37, 31.96, 41.78], "(5, True)": [15.3, 13.4, 13.56, 12.82, 14.19, 13.82], "(19, False)": [1.0399999999999991, 1.7100000000000009, 4.280000000000001, 2.389999999999997, 0.060000000000002274, 0.7100000000000009], "health_condition": [1.0, 0.8, 0.6, 0.4, 0.2, 0.0]}}