{"19": {"(2, True)": [5.94, 12.34, 346.44, 359.18, 349.68], "(4, True)": [18.09, 20.59, 353.01, 1.06, 355.42], "(3, True)": [12.59, 16.67, 16.69, 16.4, 16.64], "(5, True)": [18.19, 19.23, 13.59, 11.51, 13.49], "(1, True)": [1306.2, 1984.05, 1871.16, 1463.68, 1849.43], "(19, False)": [12.149999999999999, 8.25, 6.569999999999993, 1.8799999999999955, 5.740000000000009], "health_condition": [1.0, 0.75, 0.5, 0.25, 0.0]}}