{"19": {"(1, True)": [640.28, 1362.74, 1623.6], "(2, True)": [21.76, 16.96, 26.5], "(3, True)": [11.83, 16.22, 16.65], "(4, True)": [23.87, 28.78, 21.45], "(5, True)": [10.83, 11.32, 12.96], "(19, False)": [2.1099999999999994, 11.82, 5.050000000000001], "health_condition": [1.0, 0.5, 0.0]}}