{"19": {"(2, True)": [15.99, 0.97, 6.49, 13.67, 9.14, 11.9, 27.4, 14.62, 33.77, 29.81, 30.92, 28.94, 33.86, 31.39, 19.8, 30.28, 31.81, 19.02, 27.85, 27.77, 45.36], "(4, True)": [25.39, 12.26, 20.47, 12.84, 24.13, 24.36, 24.32, 30.63, 31.17, 35.5, 37.49, 32.82, 34.27, 31.81, 34.13, 30.55, 31.34, 29.31, 26.04, 24.11, 315.19], "(3, True)": [15.07, 13.15, 16.32, 16.17, 14.96, 16.04, 16.68, 16.64, 16.65, 16.7, 16.7, 16.68, 16.71, 16.72, 16.71, 16.71, 16.73, 16.69, 16.7, 16.73, 2.67], "(5, True)": [13.24, 11.12, 12.25, 11.62, 8.77, 10.22, 12.96, 14.94, 15.38, 15.57, 15.25, 15.93, 14.88, 15.4, 15.36, 19.0, 17.94, 19.59, 19.02, 20.63, 19.66], "(1, True)": [1430.59, 768.67, 1235.11, 1203.87, 644.39, 948.91, 1650.57, 1687.68, 1881.26, 1951.04, 1856.22, 1962.86, 1827.76, 1933.79, 1853.5, 1950.47, 1835.68, 1991.09, 1959.4, 1822.38, 289.99], "(19, False)": [9.4, 11.29, 13.979999999999999, 0.8300000000000001, 14.989999999999998, 12.459999999999999, 3.0799999999999983, 16.009999999999998, 2.6000000000000014, 5.690000000000001, 6.57, 3.879999999999999, 0.4100000000000037, 0.41999999999999815, 14.330000000000002, 0.2699999999999996, 0.46999999999999886, 10.29, 1.8100000000000023, 3.66, 90.17000000000002], "health_condition": [1.0, 0.95, 0.9, 0.85, 0.8, 0.75, 0.7, 0.65, 0.6, 0.55, 0.5, 0.45, 0.4, 0.35, 0.3, 0.25, 0.2, 0.15, 0.1, 0.05, 0.0]}}