{"19": {"(2, True)": [352.16, 41.08, 356.21, 17.5, 7.1, 355.08, 5.21, 5.14, 16.58, 348.22, 24.93, 35.21, 19.33, 347.72, 343.85, 354.68, 5.26, 356.47, 311.62, 321.43, 353.64, 349.53, 342.08, 341.53, 353.79, 0.81, 351.46, 344.51, 359.81, 353.77, 349.78, 338.96, 359.03, 4.49, 15.09, 17.96, 13.86, 15.0, 13.07, 1.91, 10.7, 20.43, 19.28, 16.15, 17.67, 16.51], "(4, True)": [4.31, 43.78, 7.99, 41.65, 349.25, 357.07, 352.25, 11.21, 359.53, 353.06, 24.22, 25.25, 30.01, 357.34, 348.22, 356.31, 8.09, 359.55, 303.85, 324.85, 359.34, 348.42, 344.43, 334.6, 11.06, 349.31, 352.61, 348.79, 353.94, 354.68, 352.85, 356.37, 0.13, 10.36, 15.61, 19.69, 14.85, 16.35, 15.61, 15.1, 14.1, 21.74, 22.02, 14.99, 18.6, 16.32], "(3, True)": [2.73, 8.74, 12.67, 14.07, 13.3, 12.35, 8.82, 8.53, 12.93, 10.91, 8.64, 10.82, 14.47, 12.27, 15.17, 15.79, 16.68, 16.3, 12.5, 12.24, 9.09, 12.45, 12.56, 12.53, 9.95, 14.76, 15.19, 14.42, 14.86, 14.86, 15.93, 14.23, 14.77, 15.45, 16.03, 16.41, 16.27, 16.57, 16.58, 15.98, 16.4, 16.53, 16.7, 16.68, 16.38, 16.67], "(5, True)": [15.44, 8.81, 7.95, 7.02, 6.22, 5.35, 4.34, 4.54, 5.23, 5.2, 4.97, 6.77, 7.22, 4.43, 8.1, 9.31, 9.98, 9.75, 4.9, 4.49, 4.5, 4.58, 5.01, 5.31, 6.79, 8.43, 7.89, 7.53, 7.78, 7.54, 10.37, 7.54, 8.37, 8.1, 9.66, 11.25, 11.29, 11.87, 12.93, 9.6, 10.36, 11.75, 12.63, 12.78, 11.29, 14.04], "(1, True)": [272.55, 359.39, 447.77, 455.34, 203.96, 156.3, 2.49, 7.99, 144.51, 89.22, 94.38, 460.23, 360.66, 51.96, 709.85, 1122.38, 1375.6, 1003.12, 64.79, 45.21, 7.0, 57.33, 80.77, 110.82, 187.16, 697.48, 698.57, 576.91, 549.52, 672.1, 1158.55, 501.72, 735.19, 746.9, 1029.98, 1470.72, 1472.33, 1649.04, 1707.94, 1044.66, 1271.19, 1493.51, 1880.38, 1822.7, 1423.49, 1898.88], "(19, False)": [12.149999999999977, 2.700000000000003, 11.78000000000003, 24.15, 17.850000000000023, 1.990000000000009, 12.95999999999998, 6.070000000000001, 17.05000000000001, 4.839999999999975, 0.7100000000000009, 9.96, 10.680000000000003, 9.619999999999948, 4.3700000000000045, 1.6299999999999955, 2.83, 3.079999999999984, 7.769999999999982, 3.420000000000016, 5.699999999999989, 1.1099999999999568, 2.3500000000000227, 6.92999999999995, 17.269999999999982, 11.5, 1.150000000000034, 4.28000000000003, 5.8700000000000045, 0.910000000000025, 3.07000000000005, 17.410000000000025, 1.1000000000000227, 5.869999999999999, 0.5199999999999996, 1.7300000000000004, 0.9900000000000002, 1.3500000000000014, 2.539999999999999, 13.19, 3.4000000000000004, 1.3099999999999987, 2.7399999999999984, 1.1599999999999984, 0.9299999999999997, 0.19000000000000128], "health_condition": [1.0, 0.9777777777777777, 0.9555555555555556, 0.9333333333333333, 0.9111111111111111, 0.8888888888888888, 0.8666666666666667, 0.8444444444444444, 0.8222222222222222, 0.8, 0.7777777777777778, 0.7555555555555555, 0.7333333333333333, 0.7111111111111111, 0.6888888888888889, 0.6666666666666666, 0.6444444444444445, 0.6222222222222222, 0.6, 0.5777777777777777, 0.5555555555555556, 0.5333333333333333, 0.5111111111111111, 0.4888888888888889, 0.4666666666666667, 0.4444444444444444, 0.4222222222222222, 0.4, 0.37777777777777777, 0.35555555555555557, 0.3333333333333333, 0.3111111111111111, 0.28888888888888886, 0.26666666666666666, 0.24444444444444444, 0.2222222222222222, 0.2, 0.17777777777777778, 0.15555555555555556, 0.13333333333333333, 0.1111111111111111, 0.08888888888888889, 0.06666666666666667, 0.044444444444444446, 0.022222222222222223, 0.0]}}