{"18": {"(2, True)": [22.13, 12.24, 17.26, 12.41, 12.41, 4.56, 12.37, 9.73, 12.3, 356.33, 352.95, 359.4, 0.63, 354.93, 0.08, 352.16, 3.97, 359.58, 353.05, 3.2], "(4, True)": [10.57, 14.97, 12.58, 12.54, 13.86, 11.27, 12.03, 10.25, 11.18, 359.92, 357.06, 5.5, 356.21, 3.14, 3.96, 0.59, 4.35, 2.15, 359.87, 13.59], "(3, True)": [13.77, 16.73, 16.7, 16.7, 16.69, 16.73, 16.72, 16.68, 16.69, 16.46, 13.27, 16.67, 14.19, 16.52, 16.75, 16.69, 16.7, 16.75, 16.7, 16.72], "(5, True)": [14.91, 21.7, 20.24, 21.44, 21.86, 20.61, 21.06, 21.9, 22.32, 18.93, 17.11, 17.36, 17.91, 15.43, 19.73, 18.66, 20.45, 18.47, 16.44, 17.66], "(1, True)": [1361.53, 1963.54, 1996.22, 1999.15, 2000.26, 1990.33, 1994.82, 1972.48, 1979.04, 1903.92, 1424.73, 1894.71, 1537.47, 1716.24, 1996.13, 1984.85, 1996.46, 1978.38, 1943.4, 1978.66], "(18, False)": [11.559999999999999, 2.7300000000000004, 4.6800000000000015, 0.129999999999999, 1.4499999999999993, 6.71, 0.33999999999999986, 0.5199999999999996, 1.120000000000001, 3.590000000000032, 4.110000000000014, 6.100000000000023, 4.420000000000016, 8.20999999999998, 3.88, 8.42999999999995, 0.37999999999999945, 2.569999999999993, 6.819999999999993, 10.39], "health_condition": [1.0, 0.9473684210526315, 0.8947368421052632, 0.8421052631578947, 0.7894736842105263, 0.7368421052631579, 0.6842105263157895, 0.631578947368421, 0.5789473684210527, 0.5263157894736842, 0.47368421052631576, 0.42105263157894735, 0.3684210526315789, 0.3157894736842105, 0.2631578947368421, 0.21052631578947367, 0.15789473684210525, 0.10526315789473684, 0.05263157894736842, 0.0]}}