{"18": {"(2, True)": [291.84, 292.6, 298.7, 298.62, 309.18], "(4, True)": [292.09, 287.93, 297.91, 295.56, 308.87], "(3, True)": [14.36, 15.54, 16.32, 16.67, 15.87], "(5, True)": [22.0, 19.63, 12.31, 11.95, 10.77], "(1, True)": [1311.5, 1581.88, 824.52, 1265.23, 1157.63], "(18, False)": [0.25, 4.670000000000016, 0.7899999999999636, 3.0600000000000023, 0.3100000000000023], "health_condition": [1.0, 0.75, 0.5, 0.25, 0.0]}}