{"18": {"(3, True)": [13.77, 16.69], "(2, True)": [242.78, 239.03], "(5, True)": [21.78, 19.69], "(1, True)": [1480.69, 1997.33], "(4, True)": [239.08, 238.76], "(18, False)": [3.6999999999999886, 0.27000000000001023], "health_condition": [1.0, 0.0]}}