{"18": {"(3, True)": [15.43, 15.58, 16.69, 16.73, 16.69, 16.72, 16.72, 16.71], "(4, True)": [174.15, 175.84, 162.82, 168.47, 168.84, 162.79, 160.75, 159.85], "(2, True)": [181.9, 175.48, 155.86, 168.17, 169.34, 166.29, 161.46, 161.58], "(5, True)": [17.98, 16.39, 15.11, 19.23, 20.06, 18.23, 19.29, 20.29], "(1, True)": [1808.59, 1708.17, 1935.27, 1994.03, 1998.76, 1989.31, 1998.93, 1997.97], "(18, False)": [7.75, 0.36000000000001364, 6.9599999999999795, 0.30000000000001137, 0.5, 3.5, 0.710000000000008, 1.7300000000000182], "health_condition": [1.0, 0.8571428571428571, 0.7142857142857143, 0.5714285714285714, 0.42857142857142855, 0.2857142857142857, 0.14285714285714285, 0.0]}}