{"18": {"(5, True)": [13.19, 12.57, 11.9, 11.3, 12.86, 12.39, 13.59, 15.52, 15.13, 15.53, 18.21, 16.79, 17.52, 16.15, 16.17], "(3, True)": [7.94, 16.52, 16.64, 16.55, 16.7, 16.62, 16.56, 16.7, 16.69, 16.71, 16.72, 16.72, 16.74, 16.7, 16.7], "(4, True)": [22.53, 7.88, 17.72, 43.46, 17.86, 17.79, 39.35, 41.0, 37.45, 46.36, 41.98, 40.05, 36.42, 38.95, 39.06], "(2, True)": [20.76, 7.53, 17.29, 36.79, 10.64, 12.76, 36.33, 43.33, 42.09, 45.01, 41.45, 36.85, 33.46, 35.53, 35.2], "(1, True)": [744.55, 1503.95, 1518.41, 1496.47, 1707.01, 1639.54, 1716.82, 1950.04, 1798.96, 1887.52, 1989.58, 1991.47, 1991.63, 1978.64, 1916.96], "(18, False)": [1.7699999999999996, 0.34999999999999964, 0.4299999999999997, 6.670000000000002, 7.219999999999999, 5.029999999999999, 3.020000000000003, 2.3299999999999983, 4.640000000000001, 1.3500000000000014, 0.529999999999994, 3.1999999999999957, 2.960000000000001, 3.4200000000000017, 3.8599999999999994], "health_condition": [1.0, 0.9285714285714286, 0.8571428571428571, 0.7857142857142857, 0.7142857142857143, 0.6428571428571429, 0.5714285714285714, 0.5, 0.42857142857142855, 0.35714285714285715, 0.2857142857142857, 0.21428571428571427, 0.14285714285714285, 0.07142857142857142, 0.0]}}