{"18": {"(2, True)": [40.41, 33.63, 30.59], "(4, True)": [28.02, 37.11, 34.66], "(3, True)": [14.2, 15.86, 16.72], "(5, True)": [12.5, 15.92, 17.11], "(1, True)": [1264.18, 1614.31, 1860.85], "(18, False)": [12.389999999999997, 3.479999999999997, 4.069999999999997], "health_condition": [1.0, 0.5, 0.0]}}