{"18": {"(1, True)": [870.99, 1193.94], "(2, True)": [10.74, 357.13], "(3, True)": [8.94, 11.9], "(4, True)": [11.67, 2.08], "(5, True)": [20.21, 18.61], "(18, False)": [0.9299999999999997, 4.949999999999989], "health_condition": [1.0, 0.0]}}