{"18": {"(1, True)": [741.76, 65.71, 2000.63, 1999.96, 2000.15, 1998.77, 1997.97, 1997.0, 1993.37, 1997.97, 1996.98, 1997.7, 1999.8, 1998.86, 1998.47, 1999.13, 1998.48, 1312.05, 745.16, 1999.53], "(2, True)": [310.54, 289.96, 282.25, 283.15, 282.95, 285.03, 287.04, 285.08, 285.82, 285.75, 281.62, 280.45, 281.65, 279.93, 283.32, 279.86, 277.56, 282.04, 281.01, 280.28], "(3, True)": [8.08, 1.78, 16.71, 16.69, 16.71, 16.7, 16.72, 16.72, 16.68, 16.72, 16.74, 16.7, 16.73, 16.71, 16.74, 16.76, 16.71, 11.19, 7.54, 16.72], "(4, True)": [283.49, 278.99, 284.74, 282.88, 282.77, 280.26, 281.13, 283.22, 282.59, 284.33, 279.39, 279.81, 279.08, 277.27, 278.64, 274.33, 277.2, 278.5, 282.74, 274.49], "(5, True)": [16.47, 22.61, 22.15, 22.38, 23.0, 22.65, 21.44, 21.19, 20.4, 20.79, 21.52, 22.4, 23.32, 24.19, 23.72, 24.76, 25.27, 25.92, 24.05, 25.69], "(18, False)": [27.05000000000001, 10.96999999999997, 2.490000000000009, 0.2699999999999818, 0.18000000000000682, 4.769999999999982, 5.910000000000025, 1.8599999999999568, 3.230000000000018, 1.420000000000016, 2.230000000000018, 0.6399999999999864, 2.569999999999993, 2.660000000000025, 4.680000000000007, 5.53000000000003, 0.36000000000001364, 3.5400000000000205, 1.7300000000000182, 5.789999999999964], "health_condition": [1.0, 0.9473684210526315, 0.8947368421052632, 0.8421052631578947, 0.7894736842105263, 0.7368421052631579, 0.6842105263157895, 0.631578947368421, 0.5789473684210527, 0.5263157894736842, 0.47368421052631576, 0.42105263157894735, 0.3684210526315789, 0.3157894736842105, 0.2631578947368421, 0.21052631578947367, 0.15789473684210525, 0.10526315789473684, 0.05263157894736842, 0.0]}}