{"18": {"(1, True)": [1227.82, 1998.84, 1994.98, 1794.59, 1552.14, 1948.07, 1981.88, 1909.22, 1912.65, 1907.45, 1963.9, 1983.55, 1997.4, 1975.6, 1898.83, 1878.25], "(2, True)": [20.51, 15.93, 17.4, 11.96, 13.69, 8.96, 8.69, 14.87, 19.57, 16.67, 22.18, 30.63, 30.23, 35.91, 12.02, 24.29], "(3, True)": [11.9, 16.67, 16.7, 16.08, 14.36, 16.7, 16.68, 16.7, 16.72, 16.71, 16.69, 16.74, 16.7, 16.72, 16.66, 16.64], "(4, True)": [18.03, 18.72, 17.67, 13.35, 15.95, 13.57, 15.93, 15.41, 21.16, 18.1, 21.63, 30.56, 34.53, 37.62, 18.3, 17.91], "(5, True)": [20.76, 25.35, 20.13, 15.21, 17.31, 17.62, 18.49, 15.76, 14.28, 15.49, 17.1, 19.39, 20.01, 18.87, 15.21, 14.98], "(18, False)": [2.4800000000000004, 2.789999999999999, 0.2700000000000031, 1.3899999999999988, 2.26, 4.609999999999999, 7.24, 0.5400000000000009, 1.5899999999999999, 1.4299999999999997, 0.5500000000000007, 0.07000000000000028, 4.300000000000001, 1.7100000000000009, 6.280000000000001, 6.379999999999999], "health_condition": [1.0, 0.9333333333333333, 0.8666666666666667, 0.8, 0.7333333333333333, 0.6666666666666666, 0.6, 0.5333333333333333, 0.4666666666666667, 0.4, 0.3333333333333333, 0.26666666666666666, 0.2, 0.13333333333333333, 0.06666666666666667, 0.0]}}