{"18": {"(1, True)": [1370.24, 618.03, 898.47, 1552.49, 1854.86, 1981.84, 1994.62, 1963.74, 1982.12, 1914.85, 1952.41, 1990.54, 1954.86, 1982.17, 1565.8, 1639.29, 1652.98, 1858.16, 1760.91, 1758.98, 1711.12, 1818.78, 1549.96, 1560.64, 1127.47, 871.2, 539.87, 855.71, 377.78, 714.67, 747.5, 488.56], "(2, True)": [283.13, 278.19, 282.14, 277.93, 282.58, 283.79, 287.58, 292.48, 292.9, 296.69, 296.69, 296.69, 292.66, 292.42, 299.96, 297.82, 300.71, 299.83, 298.65, 296.82, 303.52, 300.28, 302.2, 291.2, 293.82, 280.4, 280.23, 283.42, 286.33, 262.47, 285.56, 238.63], "(3, True)": [16.54, 10.86, 16.4, 16.61, 16.73, 16.71, 16.72, 16.71, 16.71, 16.71, 16.72, 16.71, 16.7, 16.71, 16.68, 16.69, 16.64, 16.71, 16.7, 16.68, 16.69, 16.7, 16.71, 16.58, 16.37, 15.98, 15.11, 15.69, 11.11, 15.6, 15.14, 14.97], "(4, True)": [284.95, 286.48, 285.33, 285.8, 285.36, 285.73, 286.89, 292.88, 293.62, 297.5, 294.37, 292.5, 293.89, 293.94, 301.4, 297.56, 298.7, 298.09, 304.7, 297.38, 308.13, 301.35, 301.36, 295.23, 291.7, 291.36, 285.02, 291.41, 277.05, 280.41, 290.71, 235.15], "(5, True)": [11.71, 11.92, 10.28, 13.58, 16.19, 16.17, 15.29, 14.22, 15.74, 13.41, 14.23, 15.22, 13.96, 14.07, 11.93, 12.04, 12.25, 13.24, 13.27, 14.43, 13.06, 13.61, 12.41, 12.95, 11.02, 9.96, 8.73, 9.84, 9.15, 9.72, 8.96, 8.79], "(18, False)": [1.8199999999999932, 8.29000000000002, 3.1899999999999977, 7.8700000000000045, 2.7800000000000296, 1.9399999999999977, 0.6899999999999977, 0.39999999999997726, 0.7200000000000273, 0.8100000000000023, 2.319999999999993, 4.189999999999998, 1.2299999999999613, 1.5199999999999818, 1.4399999999999977, 0.2599999999999909, 2.009999999999991, 1.740000000000009, 6.050000000000011, 0.5600000000000023, 4.610000000000014, 1.07000000000005, 0.839999999999975, 4.03000000000003, 2.1200000000000045, 10.960000000000036, 4.789999999999964, 7.990000000000009, 9.279999999999973, 17.939999999999998, 5.149999999999977, 3.4799999999999898], "health_condition": [1.0, 0.967741935483871, 0.9354838709677419, 0.9032258064516129, 0.8709677419354839, 0.8387096774193549, 0.8064516129032258, 0.7741935483870968, 0.7419354838709677, 0.7096774193548387, 0.6774193548387096, 0.6451612903225806, 0.6129032258064516, 0.5806451612903226, 0.5483870967741935, 0.5161290322580645, 0.4838709677419355, 0.45161290322580644, 0.41935483870967744, 0.3870967741935484, 0.3548387096774194, 0.3225806451612903, 0.2903225806451613, 0.25806451612903225, 0.22580645161290322, 0.1935483870967742, 0.16129032258064516, 0.12903225806451613, 0.0967741935483871, 0.06451612903225806, 0.03225806451612903, 0.0]}}