{"18": {"(1, True)": [3.27, 146.97, 1998.53, 1997.51, 1997.94, 1995.97, 1998.61], "(2, True)": [332.44, 323.73, 325.97, 327.16, 316.23, 307.3, 301.9], "(3, True)": [0.25, 2.48, 16.7, 16.71, 16.73, 16.71, 16.72], "(4, True)": [318.18, 323.54, 324.61, 315.33, 307.71, 299.49, 294.98], "(5, True)": [23.75, 22.98, 23.53, 22.49, 22.31, 20.48, 22.51], "(18, False)": [14.259999999999991, 0.18999999999999773, 1.3600000000000136, 11.830000000000041, 8.520000000000039, 7.810000000000002, 6.919999999999959], "health_condition": [1.0, 0.8333333333333334, 0.6666666666666666, 0.5, 0.3333333333333333, 0.16666666666666666, 0.0]}}