{"18": {"(1, True)": [1322.53, 1988.9, 1984.68, 1990.39], "(2, True)": [28.09, 37.22, 76.07, 135.5], "(3, True)": [12.87, 16.72, 16.7, 16.72], "(4, True)": [29.56, 39.4, 80.21, 137.2], "(5, True)": [19.49, 19.93, 19.03, 17.43], "(18, False)": [1.4699999999999989, 2.1799999999999997, 4.140000000000001, 1.6999999999999886], "health_condition": [1.0, 0.6666666666666666, 0.3333333333333333, 0.0]}}