{"18": {"(2, True)": [2.52, 18.48, 8.99, 16.27, 19.16, 28.82, 31.57, 23.64, 20.94, 34.37, 30.05, 30.74], "(4, True)": [16.36, 17.88, 19.13, 22.28, 25.61, 38.44, 34.17, 31.61, 27.93, 28.07, 32.94, 31.7], "(3, True)": [14.57, 16.7, 16.72, 16.68, 16.72, 16.71, 16.72, 16.7, 16.71, 16.69, 16.71, 16.71], "(5, True)": [16.6, 17.56, 17.71, 16.86, 17.35, 20.22, 19.52, 18.07, 15.88, 15.46, 17.05, 16.98], "(1, True)": [1496.89, 1944.11, 1965.81, 1982.76, 1944.96, 1994.29, 1987.69, 1967.75, 1979.23, 1955.9, 1982.34, 1991.46], "(18, False)": [13.84, 0.6000000000000014, 10.139999999999999, 6.010000000000002, 6.449999999999999, 9.619999999999997, 2.6000000000000014, 7.969999999999999, 6.989999999999998, 6.299999999999997, 2.889999999999997, 0.9600000000000009], "health_condition": [1.0, 0.9090909090909091, 0.8181818181818182, 0.7272727272727273, 0.6363636363636364, 0.5454545454545454, 0.45454545454545453, 0.36363636363636365, 0.2727272727272727, 0.18181818181818182, 0.09090909090909091, 0.0]}}