{"18": {"(3, True)": [9.51, 13.7, 16.39, 16.72, 16.69], "(4, True)": [44.84, 37.4, 38.75, 40.01, 35.49], "(2, True)": [49.38, 45.77, 35.02, 32.59, 31.58], "(5, True)": [19.22, 18.21, 15.01, 16.25, 14.03], "(1, True)": [1059.6, 1442.44, 1782.92, 1983.53, 1786.23], "(18, False)": [4.539999999999999, 8.370000000000005, 3.729999999999997, 7.419999999999995, 3.9100000000000037], "health_condition": [1.0, 0.75, 0.5, 0.25, 0.0]}}