{"18": {"(1, True)": [1483.28, 1590.7], "(2, True)": [3.49, 320.41], "(3, True)": [14.13, 16.46], "(4, True)": [357.83, 328.12], "(5, True)": [15.17, 12.66], "(18, False)": [5.660000000000025, 7.7099999999999795], "health_condition": [1.0, 0.0]}}