{"18": {"(1, True)": [716.28, 1233.47, 1950.13, 1816.04, 1732.69], "(2, True)": [20.81, 29.67, 19.46, 22.93, 13.1], "(3, True)": [10.08, 12.26, 16.71, 16.66, 16.68], "(4, True)": [26.44, 33.72, 29.88, 26.73, 11.95], "(5, True)": [15.6, 19.22, 19.48, 17.27, 16.35], "(18, False)": [5.630000000000003, 4.049999999999997, 10.419999999999998, 3.8000000000000007, 1.1500000000000004], "health_condition": [1.0, 0.75, 0.5, 0.25, 0.0]}}