{"18": {"(5, True)": [22.09, 22.04], "(3, True)": [12.1, 16.71], "(4, True)": [169.16, 172.11], "(2, True)": [190.24, 184.02], "(1, True)": [1133.8, 1999.74], "(18, False)": [21.080000000000013, 11.909999999999997], "health_condition": [1.0, 0.0]}}