{"18": {"(1, True)": [681.17, 1258.54, 897.33, 304.55, 255.09, 271.37, 11.68, 6.92, 4.38, 9.8, 140.3, 312.95, 1357.54, 812.4, 820.5, 945.98, 813.91, 1113.87, 1770.92, 1844.41, 1723.24, 1613.82, 1844.67, 1744.41, 1953.9, 1967.02, 1951.38, 1986.29, 1973.1, 1527.13], "(2, True)": [157.72, 155.68, 170.24, 170.35, 175.29, 187.34, 200.95, 213.7, 149.91, 151.25, 186.62, 200.88, 186.64, 183.73, 192.28, 191.23, 192.93, 181.07, 160.85, 151.66, 164.71, 153.65, 166.7, 164.0, 167.64, 162.18, 152.49, 150.93, 153.65, 140.27], "(3, True)": [15.38, 16.31, 15.96, 13.73, 13.3, 13.33, 8.61, 10.17, 8.14, 9.3, 12.7, 12.85, 16.35, 16.25, 16.0, 15.95, 15.53, 15.61, 16.69, 16.7, 16.69, 16.66, 16.7, 16.69, 16.71, 16.71, 16.7, 16.73, 16.72, 14.01], "(4, True)": [166.37, 143.97, 170.14, 173.67, 173.69, 196.43, 205.99, 222.34, 137.25, 154.66, 188.14, 200.75, 186.59, 181.33, 193.24, 191.47, 193.4, 180.95, 159.3, 152.72, 167.41, 154.75, 164.52, 162.1, 164.84, 157.61, 150.08, 147.88, 150.06, 125.8], "(5, True)": [8.16, 10.76, 9.34, 6.4, 6.06, 6.2, 3.6, 3.8, 3.44, 3.69, 5.07, 6.44, 11.31, 8.94, 9.11, 9.44, 8.96, 9.85, 13.82, 13.67, 13.7, 12.61, 14.8, 12.75, 15.49, 15.96, 15.45, 17.81, 16.09, 21.18], "(18, False)": [8.650000000000006, 11.710000000000008, 0.10000000000002274, 3.319999999999993, 1.5999999999999943, 9.090000000000003, 5.0400000000000205, 8.640000000000015, 12.659999999999997, 3.4099999999999966, 1.5199999999999818, 0.12999999999999545, 0.04999999999998295, 2.3999999999999773, 0.960000000000008, 0.2400000000000091, 0.46999999999999886, 0.12000000000000455, 1.549999999999983, 1.0600000000000023, 2.6999999999999886, 1.0999999999999943, 2.1799999999999784, 1.9000000000000057, 2.799999999999983, 4.569999999999993, 2.4099999999999966, 3.0500000000000114, 3.5900000000000034, 14.470000000000013], "health_condition": [1.0, 0.9655172413793104, 0.9310344827586207, 0.896551724137931, 0.8620689655172413, 0.8275862068965517, 0.7931034482758621, 0.7586206896551724, 0.7241379310344828, 0.6896551724137931, 0.6551724137931034, 0.6206896551724138, 0.5862068965517241, 0.5517241379310345, 0.5172413793103449, 0.4827586206896552, 0.4482758620689655, 0.41379310344827586, 0.3793103448275862, 0.3448275862068966, 0.3103448275862069, 0.27586206896551724, 0.2413793103448276, 0.20689655172413793, 0.1724137931034483, 0.13793103448275862, 0.10344827586206896, 0.06896551724137931, 0.034482758620689655, 0.0]}}