{"18": {"(3, True)": [14.22, 1.2, 11.08, 6.01, 16.71, 16.74, 16.7, 16.69, 16.74, 16.73, 16.73, 16.72], "(2, True)": [216.0, 118.74, 120.37, 126.79, 120.35, 125.63, 122.91, 124.05, 123.88, 121.46, 119.8, 116.07], "(1, True)": [1501.0, 9.95, 1277.99, 573.43, 1987.15, 1999.76, 1984.54, 1999.09, 2000.16, 1999.62, 1999.57, 1998.55], "(5, True)": [24.66, 25.72, 25.72, 23.04, 21.3, 23.47, 22.92, 22.45, 22.76, 20.52, 21.64, 22.87], "(4, True)": [198.96, 120.26, 117.57, 124.8, 122.1, 123.58, 124.85, 124.44, 124.0, 117.7, 115.07, 114.3], "(18, False)": [17.039999999999992, 1.5200000000000102, 2.8000000000000114, 1.990000000000009, 1.75, 2.049999999999997, 1.9399999999999977, 0.39000000000000057, 0.12000000000000455, 3.759999999999991, 4.730000000000004, 1.769999999999996], "health_condition": [1.0, 0.9090909090909091, 0.8181818181818182, 0.7272727272727273, 0.6363636363636364, 0.5454545454545454, 0.45454545454545453, 0.36363636363636365, 0.2727272727272727, 0.18181818181818182, 0.09090909090909091, 0.0]}}