{"18": {"(1, True)": [751.99, 1167.86, 686.3, 950.93, 511.03, 706.42, 679.23, 217.54, 389.68, 586.01, 1180.12, 1213.54, 911.68, 1379.79], "(2, True)": [23.73, 46.17, 33.88, 52.86, 40.39, 10.65, 10.61, 5.01, 21.44, 356.98, 33.34, 36.17, 40.37, 39.15], "(3, True)": [12.68, 16.16, 15.54, 15.7, 14.75, 14.83, 15.56, 13.5, 14.23, 15.23, 16.2, 16.07, 16.19, 16.57], "(4, True)": [34.42, 49.06, 42.84, 46.48, 33.48, 11.56, 11.77, 5.42, 12.81, 8.4, 36.74, 39.33, 42.44, 44.09], "(5, True)": [9.49, 10.79, 8.34, 9.54, 7.98, 8.61, 9.5, 6.23, 7.33, 8.37, 10.95, 11.11, 10.29, 11.94], "(18, False)": [10.690000000000001, 2.8900000000000006, 8.96, 6.380000000000003, 6.910000000000004, 0.9100000000000001, 1.1600000000000001, 0.41000000000000014, 8.63, 11.419999999999959, 3.3999999999999986, 3.1599999999999966, 2.0700000000000003, 4.940000000000005], "health_condition": [1.0, 0.9230769230769231, 0.8461538461538461, 0.7692307692307693, 0.6923076923076923, 0.6153846153846154, 0.5384615384615384, 0.46153846153846156, 0.38461538461538464, 0.3076923076923077, 0.23076923076923078, 0.15384615384615385, 0.07692307692307693, 0.0]}}