{"18": {"(1, True)": [1041.3, 1032.14, 1115.55, 105.69, 400.41, 212.5, 719.92, 875.53, 77.97, 67.8, 572.47, 785.68, 868.12, 458.47, 361.1, 505.16, 1469.87, 1667.35, 1738.59, 760.25, 42.77, 61.67, 39.52, 71.59, 13.56, 725.9, 1160.62, 1431.09, 1244.55, 1147.14, 1147.24, 1776.81, 1240.1, 1027.44, 1421.46, 1085.64, 1168.33, 1235.53, 1709.06, 1591.51, 1692.74, 1701.2, 1324.8, 1549.5, 1172.09, 1063.17], "(2, True)": [355.93, 340.21, 335.24, 16.24, 345.09, 334.11, 319.87, 326.5, 333.08, 324.57, 332.04, 313.71, 324.88, 333.26, 358.02, 315.19, 324.82, 325.13, 333.5, 339.71, 277.33, 313.92, 317.36, 320.21, 335.68, 323.11, 331.88, 326.27, 337.1, 326.65, 322.99, 317.47, 336.79, 333.64, 335.31, 350.27, 333.77, 342.79, 340.46, 338.4, 329.59, 326.8, 333.66, 357.05, 342.37, 332.72], "(3, True)": [12.21, 12.3, 9.88, 3.37, 14.67, 13.46, 15.15, 16.33, 8.64, 12.72, 14.82, 15.59, 16.16, 14.57, 14.49, 14.36, 16.67, 16.65, 16.7, 15.74, 11.95, 9.47, 10.8, 12.48, 1.98, 15.15, 16.15, 16.42, 16.19, 16.34, 16.12, 16.63, 16.23, 16.22, 16.61, 15.89, 16.35, 16.61, 16.67, 16.53, 16.52, 16.39, 16.35, 16.54, 16.05, 16.19], "(4, True)": [353.97, 342.69, 343.4, 349.65, 317.36, 331.75, 326.33, 327.58, 336.4, 332.73, 325.59, 319.43, 327.89, 342.92, 0.54, 324.61, 322.82, 333.73, 332.94, 337.21, 295.75, 324.58, 326.11, 318.33, 292.39, 337.61, 331.2, 327.32, 332.82, 325.1, 329.83, 328.23, 335.77, 332.17, 331.21, 338.32, 334.98, 342.32, 342.09, 336.05, 332.71, 330.59, 353.15, 359.11, 341.78, 325.78], "(5, True)": [17.33, 15.25, 18.08, 5.91, 7.61, 6.4, 8.35, 9.2, 5.81, 5.37, 7.55, 8.57, 9.59, 7.37, 7.25, 7.26, 11.05, 12.22, 11.76, 8.51, 4.57, 5.18, 4.79, 4.79, 4.0, 7.98, 9.63, 10.63, 10.68, 9.68, 10.16, 13.4, 10.74, 9.67, 10.93, 9.9, 10.48, 10.71, 12.27, 12.33, 13.01, 12.84, 10.97, 12.38, 10.08, 9.76], "(18, False)": [1.9599999999999795, 2.480000000000018, 8.159999999999968, 26.590000000000032, 27.72999999999996, 2.3600000000000136, 6.4599999999999795, 1.079999999999984, 3.319999999999993, 8.160000000000025, 6.4500000000000455, 5.720000000000027, 3.009999999999991, 9.660000000000025, 2.5200000000000387, 9.420000000000016, 2.0, 8.600000000000023, 0.5600000000000023, 2.5, 18.420000000000016, 10.659999999999968, 8.75, 1.8799999999999955, 43.29000000000002, 14.5, 0.6800000000000068, 1.0500000000000114, 4.28000000000003, 1.5499999999999545, 6.839999999999975, 10.759999999999991, 1.0200000000000387, 1.4699999999999704, 4.100000000000023, 11.949999999999989, 1.2100000000000364, 0.4700000000000273, 1.6299999999999955, 2.349999999999966, 3.1200000000000045, 3.7899999999999636, 19.489999999999952, 2.0600000000000023, 0.5900000000000318, 6.940000000000055], "health_condition": [1.0, 0.9777777777777777, 0.9555555555555556, 0.9333333333333333, 0.9111111111111111, 0.8888888888888888, 0.8666666666666667, 0.8444444444444444, 0.8222222222222222, 0.8, 0.7777777777777778, 0.7555555555555555, 0.7333333333333333, 0.7111111111111111, 0.6888888888888889, 0.6666666666666666, 0.6444444444444445, 0.6222222222222222, 0.6, 0.5777777777777777, 0.5555555555555556, 0.5333333333333333, 0.5111111111111111, 0.4888888888888889, 0.4666666666666667, 0.4444444444444444, 0.4222222222222222, 0.4, 0.37777777777777777, 0.35555555555555557, 0.3333333333333333, 0.3111111111111111, 0.28888888888888886, 0.26666666666666666, 0.24444444444444444, 0.2222222222222222, 0.2, 0.17777777777777778, 0.15555555555555556, 0.13333333333333333, 0.1111111111111111, 0.08888888888888889, 0.06666666666666667, 0.044444444444444446, 0.022222222222222223, 0.0]}}