{"18": {"(1, True)": [1540.99, 530.94, 1113.36, 1215.47, 855.77, 801.54, 1383.94, 1701.17, 1266.46, 1864.87, 1145.64, 1561.12, 1855.66, 1570.94, 1645.97, 1744.39, 1525.03, 1179.04, 1160.19, 1178.79, 1874.18, 1983.41, 1991.21, 1970.01, 1642.13, 1982.66, 1980.71, 1971.87, 1968.7, 1983.49, 1884.25, 1908.25], "(2, True)": [291.38, 301.04, 298.6, 287.09, 290.05, 287.09, 280.89, 292.37, 287.24, 279.04, 280.41, 280.1, 285.24, 281.67, 288.14, 288.87, 284.02, 271.66, 271.2, 272.51, 279.24, 287.93, 291.55, 288.52, 278.03, 288.09, 285.82, 283.28, 282.71, 284.53, 286.94, 282.49], "(3, True)": [15.51, 8.34, 16.33, 16.43, 16.04, 16.05, 16.48, 16.68, 16.58, 16.69, 16.37, 16.61, 16.72, 16.63, 16.65, 16.71, 16.53, 16.25, 16.56, 16.4, 16.7, 16.71, 16.71, 16.72, 16.69, 16.73, 16.69, 16.7, 16.72, 16.72, 16.69, 16.73], "(4, True)": [289.58, 299.23, 292.93, 288.32, 297.38, 281.32, 284.7, 290.94, 292.68, 283.16, 281.73, 288.46, 282.64, 282.16, 287.33, 288.41, 278.19, 268.73, 263.05, 272.81, 282.96, 289.46, 290.2, 283.17, 283.25, 287.59, 288.7, 281.47, 287.04, 286.84, 286.03, 289.03], "(5, True)": [14.96, 10.02, 9.93, 10.92, 9.11, 8.99, 11.24, 13.13, 10.98, 13.6, 10.79, 12.62, 14.06, 12.16, 12.15, 13.07, 12.33, 10.44, 10.96, 11.42, 15.04, 16.1, 17.33, 15.26, 13.2, 15.44, 16.44, 16.0, 17.2, 17.46, 17.56, 17.64], "(18, False)": [1.8000000000000114, 1.8100000000000023, 5.670000000000016, 1.2300000000000182, 7.329999999999984, 5.769999999999982, 3.8100000000000023, 1.4300000000000068, 5.439999999999998, 4.1200000000000045, 1.3199999999999932, 8.359999999999957, 2.6000000000000227, 0.4900000000000091, 0.8100000000000023, 0.45999999999997954, 5.829999999999984, 2.930000000000007, 8.149999999999977, 0.30000000000001137, 3.7199999999999704, 1.5299999999999727, 1.3500000000000227, 5.349999999999966, 5.220000000000027, 0.5, 2.8799999999999955, 1.8099999999999454, 4.330000000000041, 2.3100000000000023, 0.910000000000025, 6.539999999999964], "health_condition": [1.0, 0.967741935483871, 0.9354838709677419, 0.9032258064516129, 0.8709677419354839, 0.8387096774193549, 0.8064516129032258, 0.7741935483870968, 0.7419354838709677, 0.7096774193548387, 0.6774193548387096, 0.6451612903225806, 0.6129032258064516, 0.5806451612903226, 0.5483870967741935, 0.5161290322580645, 0.4838709677419355, 0.45161290322580644, 0.41935483870967744, 0.3870967741935484, 0.3548387096774194, 0.3225806451612903, 0.2903225806451613, 0.25806451612903225, 0.22580645161290322, 0.1935483870967742, 0.16129032258064516, 0.12903225806451613, 0.0967741935483871, 0.06451612903225806, 0.03225806451612903, 0.0]}}