{"18": {"(1, True)": [1293.36, 1691.91, 1818.77, 1810.36, 1841.52, 1121.68, 1465.16, 1686.56, 1932.32, 1894.01, 1889.01, 1875.7, 1972.12, 1938.65], "(2, True)": [32.49, 24.4, 23.42, 35.28, 30.76, 34.36, 37.17, 30.86, 31.04, 30.88, 39.07, 27.22, 26.43, 26.46], "(3, True)": [13.59, 16.66, 16.65, 16.59, 16.65, 15.61, 16.43, 16.45, 16.69, 16.71, 16.67, 16.64, 16.72, 16.71], "(4, True)": [32.89, 29.31, 30.89, 31.35, 38.39, 32.75, 30.82, 34.33, 28.47, 32.32, 27.0, 25.52, 26.97, 31.22], "(5, True)": [12.53, 12.94, 13.74, 14.44, 13.95, 10.93, 13.27, 14.87, 16.38, 15.51, 15.86, 15.06, 16.72, 15.81], "(18, False)": [0.3999999999999986, 4.91, 7.469999999999999, 3.9299999999999997, 7.629999999999999, 1.6099999999999994, 6.350000000000001, 3.469999999999999, 2.5700000000000003, 1.4400000000000013, 12.07, 1.6999999999999993, 0.5399999999999991, 4.759999999999998], "health_condition": [1.0, 0.9230769230769231, 0.8461538461538461, 0.7692307692307693, 0.6923076923076923, 0.6153846153846154, 0.5384615384615384, 0.46153846153846156, 0.38461538461538464, 0.3076923076923077, 0.23076923076923078, 0.15384615384615385, 0.07692307692307693, 0.0]}}