{"18": {"(3, True)": [8.24, 16.7, 16.7], "(2, True)": [38.42, 34.13, 32.85], "(1, True)": [813.64, 1993.71, 1924.56], "(5, True)": [19.47, 21.93, 17.27], "(4, True)": [35.39, 28.85, 27.52], "(18, False)": [3.030000000000001, 5.280000000000001, 5.330000000000002], "health_condition": [1.0, 0.5, 0.0]}}