{"18": {"(3, True)": [9.98, 16.69, 16.75, 16.66, 16.73, 16.6], "(4, True)": [89.11, 94.82, 99.0, 92.22, 98.79, 95.49], "(2, True)": [83.59, 90.61, 98.1, 94.27, 94.78, 83.8], "(5, True)": [12.22, 13.8, 17.39, 17.1, 17.78, 13.41], "(1, True)": [466.87, 1864.12, 1947.79, 1906.15, 1968.34, 1681.16], "(18, False)": [5.519999999999996, 4.209999999999994, 0.9000000000000057, 2.049999999999997, 4.010000000000005, 11.689999999999998], "health_condition": [1.0, 0.8, 0.6, 0.4, 0.2, 0.0]}}