{"18": {"(1, True)": [1454.79, 1898.68, 1867.87, 2.22], "(2, True)": [349.61, 344.91, 344.76, 285.23], "(3, True)": [14.2, 16.71, 16.25, 1.09], "(4, True)": [347.27, 343.61, 338.56, 291.52], "(5, True)": [22.2, 22.32, 22.99, 22.69], "(18, False)": [2.340000000000032, 1.3000000000000114, 6.199999999999989, 6.289999999999964], "health_condition": [1.0, 0.6666666666666666, 0.3333333333333333, 0.0]}}