{"18": {"(1, True)": [1826.62, 1711.77, 1988.01, 1933.03, 1979.59, 1968.47, 2000.37, 1999.36, 1999.35, 1996.65, 1992.78, 833.44, 1651.44], "(2, True)": [37.05, 29.45, 28.82, 29.12, 18.79, 358.7, 352.15, 352.08, 356.9, 352.15, 354.08, 338.23, 343.66], "(3, True)": [15.58, 15.45, 16.69, 16.7, 16.73, 16.69, 16.74, 16.72, 16.69, 16.74, 16.73, 7.28, 15.22], "(4, True)": [37.86, 29.13, 26.46, 23.89, 13.89, 357.26, 356.18, 355.83, 354.6, 351.99, 346.93, 343.63, 339.74], "(5, True)": [18.62, 19.27, 19.74, 18.5, 19.09, 18.42, 21.19, 22.7, 23.18, 22.2, 23.43, 26.18, 23.43], "(18, False)": [0.8100000000000023, 0.3200000000000003, 2.3599999999999994, 5.23, 4.899999999999999, 1.4399999999999977, 4.03000000000003, 3.75, 2.2999999999999545, 0.15999999999996817, 7.149999999999977, 5.399999999999977, 3.920000000000016], "health_condition": [1.0, 0.9166666666666666, 0.8333333333333334, 0.75, 0.6666666666666666, 0.5833333333333334, 0.5, 0.4166666666666667, 0.3333333333333333, 0.25, 0.16666666666666666, 0.08333333333333333, 0.0]}}