{"18": {"(1, True)": [1359.04, 1858.28, 1988.07, 1960.51], "(2, True)": [278.01, 268.39, 259.32, 243.36], "(3, True)": [13.6, 16.7, 16.74, 16.71], "(4, True)": [268.9, 262.69, 251.27, 238.42], "(5, True)": [15.69, 16.4, 20.92, 19.01], "(18, False)": [9.110000000000014, 5.699999999999989, 8.049999999999983, 4.940000000000026], "health_condition": [1.0, 0.6666666666666666, 0.3333333333333333, 0.0]}}