{"18": {"(3, True)": [7.78, 16.72], "(4, True)": [237.81, 218.89], "(2, True)": [254.55, 222.3], "(5, True)": [18.33, 16.29], "(1, True)": [773.55, 1964.9], "(18, False)": [16.74000000000001, 3.410000000000025], "health_condition": [1.0, 0.0]}}