{"18": {"(3, True)": [14.85, 15.68], "(2, True)": [274.74, 279.13], "(5, True)": [19.03, 17.08], "(1, True)": [1755.33, 1661.9], "(4, True)": [277.42, 275.1], "(18, False)": [2.680000000000007, 4.029999999999973], "health_condition": [1.0, 0.0]}}