{"18": {"(3, True)": [9.85, 15.3, 16.7, 16.68, 16.72, 16.72, 16.7, 16.72, 16.71, 16.71, 16.71, 16.73, 16.71, 16.7, 16.71, 16.66, 16.7, 16.72, 16.71, 16.71], "(2, True)": [270.33, 242.18, 239.53, 251.35, 239.64, 249.55, 248.27, 250.5, 248.6, 252.56, 250.7, 249.88, 244.94, 238.04, 245.34, 245.45, 243.63, 245.13, 245.34, 240.15], "(5, True)": [17.05, 15.63, 17.88, 17.97, 21.07, 18.03, 20.53, 20.52, 18.73, 22.88, 18.84, 20.04, 18.91, 18.69, 20.08, 20.29, 19.18, 20.43, 20.2, 19.6], "(1, True)": [775.08, 1660.52, 1983.79, 1976.64, 1994.62, 1990.0, 1984.12, 1978.85, 1983.3, 1998.09, 1983.49, 1993.24, 1992.03, 1996.38, 1982.69, 1996.88, 1998.2, 1995.77, 1988.41, 1985.58], "(4, True)": [274.94, 251.28, 253.04, 246.42, 244.45, 251.32, 251.38, 251.49, 245.15, 250.78, 249.13, 248.33, 248.36, 245.95, 244.26, 247.42, 242.6, 247.42, 248.05, 247.92], "(18, False)": [4.610000000000014, 9.099999999999994, 13.509999999999991, 4.930000000000007, 4.810000000000002, 1.7699999999999818, 3.109999999999985, 0.9900000000000091, 3.4499999999999886, 1.7800000000000011, 1.5699999999999932, 1.549999999999983, 3.420000000000016, 7.909999999999997, 1.0800000000000125, 1.9699999999999989, 1.0300000000000011, 2.289999999999992, 2.710000000000008, 7.769999999999982], "health_condition": [1.0, 0.9473684210526315, 0.8947368421052632, 0.8421052631578947, 0.7894736842105263, 0.7368421052631579, 0.6842105263157895, 0.631578947368421, 0.5789473684210527, 0.5263157894736842, 0.47368421052631576, 0.42105263157894735, 0.3684210526315789, 0.3157894736842105, 0.2631578947368421, 0.21052631578947367, 0.15789473684210525, 0.10526315789473684, 0.05263157894736842, 0.0]}}