{"18": {"(1, True)": [238.51, 1160.95, 1178.21, 1586.51], "(2, True)": [279.82, 306.68, 293.91, 287.31], "(3, True)": [5.95, 16.12, 16.28, 16.64], "(4, True)": [279.49, 300.0, 294.18, 293.12], "(5, True)": [7.7, 11.21, 11.2, 13.45], "(18, False)": [0.3299999999999841, 6.680000000000007, 0.2699999999999818, 5.810000000000002], "health_condition": [1.0, 0.6666666666666666, 0.3333333333333333, 0.0]}}