{"8": {"(3, True)": [9.75, 16.45, 16.61], "(2, True)": [37.82, 34.01, 39.71], "(5, True)": [13.98, 12.16, 15.04], "(1, True)": [883.41, 1546.29, 1834.39], "(4, True)": [37.33, 36.39, 34.48], "(8, False)": [0.490000000000002, 2.3800000000000026, 5.230000000000004], "health_condition": [1.0, 0.5, 0.0]}}