{"8": {"(1, True)": [503.33, 209.32, 187.27, 536.82], "(2, True)": [39.02, 24.31, 10.92, 28.32], "(3, True)": [6.14, 4.84, 3.05, 15.22], "(4, True)": [41.25, 20.64, 9.93, 31.86], "(5, True)": [13.49, 12.98, 11.22, 7.97], "(8, False)": [2.229999999999997, 3.669999999999998, 0.9900000000000002, 3.539999999999999], "health_condition": [1.0, 0.6666666666666666, 0.3333333333333333, 0.0]}}