{"8": {"(1, True)": [1072.97, 1034.92, 1996.84, 1992.57, 2000.33, 2001.24, 1998.51, 1976.02, 1987.85, 1969.95, 1982.45, 1990.2, 1999.23, 1984.67, 2000.47, 1997.51, 1995.69, 2000.02, 1992.56, 1988.82, 1962.29, 1990.72, 1994.95, 1979.47, 1998.78, 1997.25], "(2, True)": [66.32, 43.15, 43.56, 42.78, 40.5, 40.5, 40.47, 37.82, 38.03, 40.83, 40.51, 39.56, 42.68, 40.37, 50.12, 41.65, 38.4, 38.4, 35.5, 41.65, 49.1, 45.54, 41.17, 46.55, 43.69, 46.04], "(3, True)": [10.4, 9.88, 16.76, 16.76, 16.77, 16.75, 16.74, 16.74, 16.77, 16.73, 16.74, 16.74, 16.76, 16.75, 16.74, 16.75, 16.73, 16.75, 16.73, 16.77, 16.73, 16.75, 16.76, 16.76, 16.73, 16.74], "(4, True)": [46.94, 43.04, 43.25, 40.5, 42.9, 38.03, 38.17, 36.72, 39.45, 39.85, 36.65, 41.67, 39.8, 39.82, 36.89, 39.39, 36.38, 37.87, 38.25, 41.34, 40.12, 39.9, 40.51, 40.43, 42.47, 43.38], "(5, True)": [24.16, 17.87, 18.68, 20.11, 20.74, 20.54, 18.66, 16.32, 16.29, 16.12, 17.87, 17.75, 19.84, 20.45, 22.02, 19.91, 17.81, 17.23, 16.82, 17.45, 18.36, 19.11, 19.82, 20.94, 22.51, 22.61], "(8, False)": [19.379999999999995, 0.10999999999999943, 0.3100000000000023, 2.280000000000001, 2.3999999999999986, 2.469999999999999, 2.299999999999997, 1.1000000000000014, 1.4200000000000017, 0.9799999999999969, 3.8599999999999994, 2.1099999999999994, 2.8800000000000026, 0.5499999999999972, 13.229999999999997, 2.259999999999998, 2.019999999999996, 0.5300000000000011, 2.75, 0.30999999999999517, 8.980000000000004, 5.640000000000001, 0.6600000000000037, 6.119999999999997, 1.2199999999999989, 2.6599999999999966], "health_condition": [1.0, 0.96, 0.92, 0.88, 0.84, 0.8, 0.76, 0.72, 0.68, 0.64, 0.6, 0.56, 0.52, 0.48, 0.44, 0.4, 0.36, 0.32, 0.28, 0.24, 0.2, 0.16, 0.12, 0.08, 0.04, 0.0]}}