{"8": {"(2, True)": [46.25, 46.4, 46.4, 46.4, 46.4, 43.12, 40.5], "(3, True)": [16.43, 16.73, 16.76, 16.75, 16.77, 16.74, 16.73], "(1, True)": [1816.11, 2000.94, 2000.56, 2000.14, 2001.66, 2000.83, 2001.38], "(5, True)": [23.88, 23.29, 22.46, 22.26, 23.58, 24.94, 23.06], "(4, True)": [45.88, 44.63, 45.71, 43.68, 44.46, 41.66, 43.69], "(8, False)": [0.36999999999999744, 1.769999999999996, 0.6899999999999977, 2.719999999999999, 1.9399999999999977, 1.4600000000000009, 3.1899999999999977], "health_condition": [1.0, 0.8333333333333334, 0.6666666666666666, 0.5, 0.3333333333333333, 0.16666666666666666, 0.0]}}