{"8": {"(2, True)": [42.1, 42.39, 41.94], "(4, True)": [43.29, 42.38, 44.01], "(3, True)": [9.66, 1.94, 16.69], "(5, True)": [13.04, 13.93, 13.14], "(1, True)": [863.4, 16.11, 1732.69], "(8, False)": [1.1899999999999977, 0.00999999999999801, 2.0700000000000003], "health_condition": [1.0, 0.5, 0.0]}}