{"8": {"(2, True)": [36.1, 46.54, 40.25, 39.55, 38.47, 37.93, 37.56, 42.64, 41.02, 40.9, 40.54, 39.35, 41.5, 41.5, 41.5, 41.5], "(3, True)": [13.03, 2.62, 16.74, 16.69, 16.75, 16.75, 16.74, 16.75, 16.74, 16.75, 16.71, 16.76, 16.75, 16.74, 16.74, 16.75], "(1, True)": [1443.3, 123.82, 1996.48, 1971.3, 1997.47, 2000.3, 1986.67, 1996.52, 1995.99, 2001.37, 1994.19, 1997.05, 1998.75, 1999.51, 1998.25, 2001.41], "(5, True)": [19.01, 22.06, 20.97, 22.43, 20.48, 22.71, 23.57, 24.86, 23.22, 23.86, 21.68, 23.75, 23.7, 23.94, 23.45, 23.6], "(4, True)": [39.13, 44.18, 38.36, 37.73, 38.37, 37.07, 42.07, 44.41, 40.99, 44.08, 40.16, 44.0, 44.44, 44.31, 44.06, 40.64], "(8, False)": [3.030000000000001, 2.3599999999999994, 1.8900000000000006, 1.8200000000000003, 0.10000000000000142, 0.8599999999999994, 4.509999999999998, 1.769999999999996, 0.030000000000001137, 3.1799999999999997, 0.38000000000000256, 4.649999999999999, 2.9399999999999977, 2.8100000000000023, 2.5600000000000023, 0.8599999999999994], "health_condition": [1.0, 0.9333333333333333, 0.8666666666666667, 0.8, 0.7333333333333333, 0.6666666666666666, 0.6, 0.5333333333333333, 0.4666666666666667, 0.4, 0.3333333333333333, 0.26666666666666666, 0.2, 0.13333333333333333, 0.06666666666666667, 0.0]}}