{"8": {"(5, True)": [18.67, 20.28], "(3, True)": [4.36, 12.97], "(2, True)": [38.1, 35.69], "(4, True)": [38.91, 32.77], "(1, True)": [391.95, 1313.6], "(8, False)": [0.8099999999999952, 2.9199999999999946], "health_condition": [1.0, 0.0]}}