{"8": {"(2, True)": [41.5, 44.38], "(3, True)": [16.75, 0.96], "(1, True)": [1987.62, 8.78], "(5, True)": [23.98, 24.78], "(4, True)": [42.47, 47.07], "(8, False)": [0.9699999999999989, 2.6899999999999977], "health_condition": [1.0, 0.0]}}