{"8": {"(1, True)": [307.9, 1465.77, 1999.26], "(2, True)": [37.91, 37.23, 33.8], "(3, True)": [3.54, 13.58, 16.74], "(4, True)": [37.14, 35.47, 35.14], "(5, True)": [22.22, 23.44, 23.07], "(8, False)": [0.769999999999996, 1.759999999999998, 1.3400000000000034], "health_condition": [1.0, 0.5, 0.0]}}