{"8": {"(3, True)": [10.55, 16.73, 4.18, 13.34], "(2, True)": [41.7, 41.9, 41.9, 44.22], "(1, True)": [1080.24, 1997.09, 393.27, 1475.93], "(5, True)": [24.78, 25.36, 24.21, 23.92], "(4, True)": [42.26, 40.19, 39.77, 41.02], "(8, False)": [0.5599999999999952, 1.7100000000000009, 2.1299999999999955, 3.1999999999999957], "health_condition": [1.0, 0.6666666666666666, 0.3333333333333333, 0.0]}}