{"8": {"(5, True)": [20.86, 22.57, 21.79, 21.62], "(3, True)": [2.15, 3.16, 16.75, 16.75], "(4, True)": [45.52, 41.09, 34.99, 36.43], "(2, True)": [66.04, 38.9, 36.28, 37.43], "(1, True)": [171.71, 231.76, 2001.43, 1995.16], "(8, False)": [20.520000000000003, 2.190000000000005, 1.2899999999999991, 1.0], "health_condition": [1.0, 0.6666666666666666, 0.3333333333333333, 0.0]}}