{"8": {"(5, True)": [10.1, 17.67, 14.17, 12.84, 13.59, 13.9, 13.36, 13.48, 10.63, 10.62, 12.13, 10.8, 11.23, 11.79, 11.51, 14.06, 11.79, 13.38, 15.46, 12.59, 11.42, 10.41, 12.22, 12.8, 15.5, 15.82, 15.96, 15.76, 16.26, 18.11, 17.92, 17.22, 18.82, 17.68, 17.89, 18.73], "(3, True)": [10.67, 5.68, 16.72, 16.7, 16.74, 16.72, 16.71, 16.59, 16.49, 16.5, 16.71, 16.72, 16.75, 16.74, 16.75, 16.74, 16.72, 16.73, 16.74, 16.73, 16.7, 16.58, 16.7, 16.72, 16.74, 16.76, 16.76, 16.76, 16.78, 16.76, 16.75, 16.75, 16.75, 16.7, 1.45, 3.53], "(2, True)": [39.46, 44.04, 38.1, 34.9, 37.21, 36.12, 39.37, 31.57, 34.02, 39.35, 35.11, 41.91, 38.2, 38.0, 38.0, 38.0, 33.48, 35.4, 35.6, 37.52, 36.31, 34.08, 34.38, 34.02, 34.95, 34.5, 33.16, 34.22, 40.38, 42.9, 39.25, 32.24, 25.38, 22.64, 18.2, 33.68], "(4, True)": [41.96, 39.75, 36.96, 36.31, 38.66, 36.79, 39.19, 34.26, 37.11, 39.87, 40.27, 39.15, 35.45, 35.13, 39.0, 40.5, 34.92, 35.73, 34.48, 33.83, 34.59, 34.28, 33.12, 33.9, 35.87, 36.54, 33.72, 36.17, 38.93, 42.74, 34.39, 28.84, 26.43, 24.3, 37.29, 39.78], "(1, True)": [570.99, 492.05, 1926.33, 1862.91, 1906.6, 1922.36, 1846.78, 1726.15, 1446.76, 1462.24, 1769.33, 1429.52, 1692.86, 1769.39, 1706.94, 1976.89, 1720.39, 1847.25, 1969.26, 1898.46, 1626.46, 1327.59, 1773.87, 1905.02, 1987.72, 1983.9, 1980.08, 1992.65, 1999.26, 2000.82, 2000.1, 1982.34, 1939.93, 1936.71, 144.06, 210.42], "(8, False)": [2.5, 4.289999999999999, 1.1400000000000006, 1.4100000000000037, 1.4499999999999957, 0.6700000000000017, 0.17999999999999972, 2.6899999999999977, 3.0899999999999963, 0.519999999999996, 5.160000000000004, 2.759999999999998, 2.75, 2.8699999999999974, 1.0, 2.5, 1.4400000000000048, 0.3299999999999983, 1.1200000000000045, 3.690000000000005, 1.7199999999999989, 0.20000000000000284, 1.2600000000000051, 0.12000000000000455, 0.9199999999999946, 2.039999999999999, 0.5600000000000023, 1.9500000000000028, 1.4500000000000028, 0.1599999999999966, 4.859999999999999, 3.400000000000002, 1.0500000000000007, 1.6600000000000001, 19.09, 6.100000000000001], "health_condition": [1.0, 0.9714285714285714, 0.9428571428571428, 0.9142857142857143, 0.8857142857142857, 0.8571428571428571, 0.8285714285714286, 0.8, 0.7714285714285715, 0.7428571428571429, 0.7142857142857143, 0.6857142857142857, 0.6571428571428571, 0.6285714285714286, 0.6, 0.5714285714285714, 0.5428571428571428, 0.5142857142857142, 0.4857142857142857, 0.45714285714285713, 0.42857142857142855, 0.4, 0.37142857142857144, 0.34285714285714286, 0.3142857142857143, 0.2857142857142857, 0.2571428571428571, 0.22857142857142856, 0.2, 0.17142857142857143, 0.14285714285714285, 0.11428571428571428, 0.08571428571428572, 0.05714285714285714, 0.02857142857142857, 0.0]}}