{"8": {"(3, True)": [2.08, 16.74, 16.75, 16.75, 16.74, 16.77, 16.76, 16.74, 16.76, 16.76, 16.77, 16.73, 16.73, 16.74, 16.75, 16.75, 16.75, 16.73], "(2, True)": [43.1, 39.13, 36.3, 36.3, 36.3, 36.3, 36.3, 36.3, 32.22, 29.6, 29.6, 29.6, 29.6, 29.6, 29.6, 32.77, 35.2, 38.34], "(1, True)": [78.45, 1968.0, 1992.71, 2000.59, 2000.73, 2000.98, 2000.61, 2000.56, 1999.5, 1999.59, 2001.63, 2000.88, 2000.74, 2001.08, 1999.36, 1997.02, 1998.44, 2000.74], "(5, True)": [22.51, 19.89, 19.61, 21.03, 20.87, 20.38, 21.35, 20.61, 20.25, 20.69, 22.55, 22.8, 21.94, 22.46, 22.58, 22.89, 21.55, 22.55], "(4, True)": [41.82, 36.31, 38.29, 35.15, 36.71, 37.34, 36.29, 35.66, 32.25, 31.04, 31.75, 32.69, 32.65, 32.66, 34.04, 34.98, 33.73, 38.52], "(8, False)": [1.2800000000000011, 2.8200000000000003, 1.990000000000002, 1.1499999999999986, 0.4100000000000037, 1.0400000000000063, 0.00999999999999801, 0.6400000000000006, 0.030000000000001137, 1.4399999999999977, 2.1499999999999986, 3.0899999999999963, 3.049999999999997, 3.059999999999995, 4.439999999999998, 2.2099999999999937, 1.470000000000006, 0.17999999999999972], "health_condition": [1.0, 0.9411764705882353, 0.8823529411764706, 0.8235294117647058, 0.7647058823529411, 0.7058823529411765, 0.6470588235294118, 0.5882352941176471, 0.5294117647058824, 0.47058823529411764, 0.4117647058823529, 0.35294117647058826, 0.29411764705882354, 0.23529411764705882, 0.17647058823529413, 0.11764705882352941, 0.058823529411764705, 0.0]}}