{"8": {"(1, True)": [593.5, 1539.98, 1536.24, 1779.15, 725.78, 118.76, 267.96, 874.25, 1991.48], "(2, True)": [196.52, 181.63, 207.03, 209.94, 234.5, 250.67, 293.26, 251.57, 278.28], "(3, True)": [7.05, 14.14, 16.57, 16.72, 15.75, 10.69, 12.92, 14.26, 16.72], "(4, True)": [184.93, 184.81, 204.62, 215.05, 235.38, 251.39, 294.51, 246.65, 273.14], "(5, True)": [19.3, 19.77, 14.03, 13.12, 8.74, 4.5, 6.38, 11.29, 21.41], "(8, False)": [11.590000000000003, 3.180000000000007, 2.4099999999999966, 5.110000000000014, 0.8799999999999955, 0.7199999999999989, 1.25, 4.9199999999999875, 5.139999999999986], "health_condition": [1.0, 0.875, 0.75, 0.625, 0.5, 0.375, 0.25, 0.125, 0.0]}}