{"8": {"(1, True)": [131.0, 37.39, 1980.06, 1994.24, 1983.94, 1983.14, 1947.14], "(2, True)": [58.06, 45.55, 42.45, 40.5, 40.5, 38.38, 44.52], "(3, True)": [2.84, 1.38, 16.75, 16.73, 16.74, 16.73, 16.73], "(4, True)": [52.6, 47.62, 40.55, 39.46, 37.94, 37.03, 36.32], "(5, True)": [11.53, 17.33, 16.6, 15.76, 14.57, 14.9, 14.62], "(8, False)": [5.460000000000001, 2.0700000000000003, 1.9000000000000057, 1.0399999999999991, 2.5600000000000023, 1.3500000000000014, 8.200000000000003], "health_condition": [1.0, 0.8333333333333334, 0.6666666666666666, 0.5, 0.3333333333333333, 0.16666666666666666, 0.0]}}