{"8": {"(2, True)": [17.38, 355.62, 9.5, 9.69, 9.65, 31.52, 36.88, 44.39, 30.93, 9.85, 1.47, 14.88, 16.05, 354.02, 342.14, 5.03, 14.53, 10.34, 11.88, 4.66, 352.86, 359.26, 2.43, 5.53, 22.96, 47.2, 24.5, 7.42, 13.57, 29.88, 40.19], "(3, True)": [8.79, 9.88, 13.36, 15.32, 16.14, 14.28, 15.65, 14.27, 12.97, 14.19, 13.43, 14.0, 15.02, 15.09, 12.41, 14.51, 12.65, 15.82, 15.28, 12.81, 15.44, 15.69, 14.98, 15.5, 14.15, 16.0, 11.76, 10.45, 9.36, 15.55, 16.27], "(1, True)": [765.77, 348.09, 268.78, 634.52, 885.99, 389.82, 733.73, 343.25, 287.47, 375.54, 371.14, 354.84, 461.89, 601.0, 214.96, 445.88, 254.12, 1033.89, 762.24, 488.3, 731.86, 747.5, 670.78, 895.83, 383.14, 1119.35, 1009.17, 744.28, 545.81, 713.86, 1314.13], "(5, True)": [12.22, 8.26, 6.55, 8.38, 9.09, 7.18, 8.63, 6.9, 6.74, 7.04, 7.05, 7.1, 8.01, 8.0, 6.19, 7.45, 6.32, 10.56, 8.49, 7.66, 8.31, 8.74, 8.37, 8.69, 7.46, 10.65, 11.81, 11.46, 9.24, 9.01, 10.58], "(4, True)": [16.0, 356.07, 10.36, 9.33, 11.64, 29.76, 37.01, 45.04, 29.89, 6.71, 4.49, 16.89, 10.66, 356.99, 348.08, 4.81, 16.05, 9.09, 11.87, 5.16, 354.06, 355.49, 4.62, 1.59, 18.23, 46.17, 26.33, 8.81, 13.33, 37.51, 42.98], "(8, False)": [1.379999999999999, 0.44999999999998863, 0.8599999999999994, 0.35999999999999943, 1.9900000000000002, 1.759999999999998, 0.12999999999999545, 0.6499999999999986, 1.0399999999999991, 3.1399999999999997, 3.0200000000000005, 2.01, 5.390000000000001, 2.9700000000000273, 5.939999999999998, 0.22000000000000064, 1.5200000000000014, 1.25, 0.010000000000001563, 0.5, 1.1999999999999886, 3.769999999999982, 2.19, 3.9400000000000004, 4.73, 1.0300000000000011, 1.8299999999999983, 1.3900000000000006, 0.2400000000000002, 7.629999999999999, 2.789999999999999], "health_condition": [1.0, 0.9666666666666667, 0.9333333333333333, 0.9, 0.8666666666666667, 0.8333333333333334, 0.8, 0.7666666666666667, 0.7333333333333333, 0.7, 0.6666666666666666, 0.6333333333333333, 0.6, 0.5666666666666667, 0.5333333333333333, 0.5, 0.4666666666666667, 0.43333333333333335, 0.4, 0.36666666666666664, 0.3333333333333333, 0.3, 0.26666666666666666, 0.23333333333333334, 0.2, 0.16666666666666666, 0.13333333333333333, 0.1, 0.06666666666666667, 0.03333333333333333, 0.0]}}