{"8": {"(2, True)": [32.94, 29.93], "(3, True)": [5.69, 13.41], "(1, True)": [563.7, 1216.54], "(5, True)": [22.36, 16.82], "(4, True)": [38.58, 30.85], "(8, False)": [5.640000000000001, 0.9200000000000017], "health_condition": [1.0, 0.0]}}