{"8": {"(2, True)": [43.27, 16.58, 24.8, 31.64, 26.04, 31.49, 35.32, 27.75, 22.46, 32.06, 39.7, 42.9, 44.68, 38.78, 37.88, 36.9, 33.52, 36.0, 39.8, 39.8, 37.1, 34.9, 34.9, 34.9, 37.96, 40.1, 40.1, 40.1, 36.69, 37.52], "(3, True)": [14.0, 13.72, 16.45, 16.35, 16.68, 16.7, 16.59, 16.16, 15.68, 16.34, 16.76, 16.76, 16.75, 16.75, 16.75, 16.71, 16.63, 16.7, 16.74, 16.76, 16.74, 16.72, 16.72, 16.71, 16.72, 16.74, 16.76, 16.74, 16.75, 16.7], "(1, True)": [1260.04, 829.55, 1094.52, 1284.11, 1781.06, 1646.09, 1354.9, 1136.92, 997.66, 1200.15, 1914.64, 1993.09, 1996.06, 1991.48, 1989.03, 1898.86, 1482.58, 1786.45, 2000.42, 1990.16, 1996.96, 1983.3, 2001.7, 1940.23, 1973.9, 2000.21, 2000.79, 1996.67, 1995.46, 1989.68], "(5, True)": [14.2, 10.21, 10.11, 10.91, 13.01, 12.58, 11.09, 10.59, 9.35, 10.33, 14.65, 15.35, 15.2, 16.01, 16.29, 15.15, 12.11, 13.98, 16.96, 18.57, 18.79, 17.04, 18.23, 17.68, 16.82, 19.02, 19.64, 20.18, 20.61, 22.34], "(4, True)": [41.14, 16.78, 25.9, 31.82, 28.51, 32.17, 38.05, 20.03, 24.73, 33.31, 43.36, 38.8, 44.97, 38.67, 41.63, 36.85, 33.39, 39.39, 41.29, 40.0, 32.82, 35.9, 38.27, 37.49, 39.6, 43.26, 38.28, 35.85, 39.08, 36.14], "(8, False)": [2.1300000000000026, 0.20000000000000284, 1.0999999999999979, 0.17999999999999972, 2.4700000000000024, 0.6800000000000033, 2.729999999999997, 7.719999999999999, 2.2699999999999996, 1.25, 3.6599999999999966, 4.100000000000001, 0.28999999999999915, 0.10999999999999943, 3.75, 0.04999999999999716, 0.13000000000000256, 3.3900000000000006, 1.490000000000002, 0.20000000000000284, 4.280000000000001, 1.0, 3.3700000000000045, 2.5900000000000034, 1.6400000000000006, 3.1599999999999966, 1.8200000000000003, 4.25, 2.3900000000000006, 1.3800000000000026], "health_condition": [1.0, 0.9655172413793104, 0.9310344827586207, 0.896551724137931, 0.8620689655172413, 0.8275862068965517, 0.7931034482758621, 0.7586206896551724, 0.7241379310344828, 0.6896551724137931, 0.6551724137931034, 0.6206896551724138, 0.5862068965517241, 0.5517241379310345, 0.5172413793103449, 0.4827586206896552, 0.4482758620689655, 0.41379310344827586, 0.3793103448275862, 0.3448275862068966, 0.3103448275862069, 0.27586206896551724, 0.2413793103448276, 0.20689655172413793, 0.1724137931034483, 0.13793103448275862, 0.10344827586206896, 0.06896551724137931, 0.034482758620689655, 0.0]}}