{"8": {"(1, True)": [553.05, 714.85, 1979.94, 1994.57, 1939.51, 1977.31, 1978.15, 1959.42, 1989.52, 1976.36, 1945.7], "(2, True)": [40.41, 45.67, 41.9, 41.9, 45.6, 48.2, 40.4, 38.83, 39.95, 40.1, 40.1], "(3, True)": [5.77, 8.3, 16.75, 16.75, 16.73, 16.75, 16.74, 16.73, 16.74, 16.73, 16.73], "(4, True)": [42.45, 46.53, 40.46, 45.1, 50.76, 44.97, 37.82, 41.45, 38.75, 39.93, 38.36], "(5, True)": [14.86, 11.96, 13.77, 14.68, 13.31, 13.69, 13.82, 13.27, 13.78, 13.91, 14.55], "(8, False)": [2.0400000000000063, 0.8599999999999994, 1.4399999999999977, 3.200000000000003, 5.159999999999997, 3.230000000000004, 2.5799999999999983, 2.6200000000000045, 1.2000000000000028, 0.1700000000000017, 1.740000000000002], "health_condition": [1.0, 0.9, 0.8, 0.7, 0.6, 0.5, 0.4, 0.3, 0.2, 0.1, 0.0]}}