{"8": {"(5, True)": [15.13, 11.27], "(3, True)": [2.02, 14.75], "(4, True)": [44.36, 50.36], "(2, True)": [45.9, 53.28], "(1, True)": [111.89, 1227.99], "(8, False)": [1.5399999999999991, 2.9200000000000017], "health_condition": [1.0, 0.0]}}