{"8": {"(3, True)": [16.76, 16.75, 8.1], "(2, True)": [42.2, 39.0, 38.58], "(1, True)": [1986.35, 1999.26, 859.83], "(5, True)": [23.82, 23.66, 26.64], "(4, True)": [39.47, 39.28, 44.7], "(8, False)": [2.730000000000004, 0.28000000000000114, 6.1200000000000045], "health_condition": [1.0, 0.5, 0.0]}}