{"8": {"(2, True)": [30.79, 39.2, 38.03, 32.63], "(4, True)": [29.26, 39.17, 35.34, 32.35], "(3, True)": [16.39, 15.89, 16.73, 16.69], "(5, True)": [16.12, 12.7, 17.5, 17.31], "(1, True)": [1757.54, 1291.47, 1973.76, 1910.5], "(8, False)": [1.5299999999999976, 0.030000000000001137, 2.6899999999999977, 0.28000000000000114], "health_condition": [1.0, 0.6666666666666666, 0.3333333333333333, 0.0]}}