{"8": {"(1, True)": [165.06, 1227.88, 2001.4, 1998.41, 1996.91, 1994.63, 1998.99, 2000.23, 1999.68, 1998.11, 2000.47, 1997.16, 2000.25, 2000.95, 1997.48, 1982.14, 2001.84, 2000.12, 1997.36], "(2, True)": [37.35, 39.7, 34.54, 35.0, 33.45, 37.12, 35.3, 34.77, 35.47, 38.56, 39.5, 36.45, 35.93, 37.57, 44.07, 39.42, 45.52, 52.54, 43.22], "(3, True)": [2.38, 11.3, 16.75, 16.74, 16.74, 16.75, 16.73, 16.76, 16.73, 16.75, 16.74, 16.76, 16.75, 16.75, 16.74, 16.73, 16.72, 16.74, 16.76], "(4, True)": [38.79, 34.33, 34.41, 31.42, 35.43, 38.09, 35.09, 37.85, 37.5, 40.2, 38.77, 39.58, 41.52, 41.72, 37.12, 37.66, 37.9, 43.23, 39.15], "(5, True)": [21.02, 20.95, 20.9, 21.34, 21.71, 19.35, 19.87, 22.51, 22.49, 21.74, 20.39, 21.19, 22.47, 23.64, 24.74, 24.33, 25.44, 26.48, 24.91], "(8, False)": [1.4399999999999977, 5.3700000000000045, 0.13000000000000256, 3.5799999999999983, 1.9799999999999969, 0.970000000000006, 0.20999999999999375, 3.0799999999999983, 2.030000000000001, 1.6400000000000006, 0.7299999999999969, 3.1299999999999955, 5.590000000000003, 4.149999999999999, 6.950000000000003, 1.7600000000000051, 7.6200000000000045, 9.310000000000002, 4.07], "health_condition": [1.0, 0.9444444444444444, 0.8888888888888888, 0.8333333333333334, 0.7777777777777778, 0.7222222222222222, 0.6666666666666666, 0.6111111111111112, 0.5555555555555556, 0.5, 0.4444444444444444, 0.3888888888888889, 0.3333333333333333, 0.2777777777777778, 0.2222222222222222, 0.16666666666666666, 0.1111111111111111, 0.05555555555555555, 0.0]}}