{"29": {"(3, True)": [3.53, 16.76, 13.36], "(2, True)": [30.25, 26.94, 24.5], "(5, True)": [21.83, 23.58, 25.07], "(1, True)": [284.15, 1995.41, 1565.47], "(4, True)": [30.47, 25.3, 25.82], "(29, False)": [0.21999999999999886, 1.6400000000000006, 1.3200000000000003], "health_condition": [1.0, 0.5, 0.0]}}