{"29": {"(1, True)": [191.39, 412.35, 290.49, 355.34, 518.6, 1865.76], "(2, True)": [35.7, 33.19, 38.84, 46.24, 44.5, 34.21], "(3, True)": [12.51, 14.17, 13.11, 13.75, 14.55, 16.75], "(4, True)": [34.38, 34.12, 39.49, 45.12, 43.86, 28.79], "(5, True)": [5.73, 7.63, 6.89, 7.23, 8.2, 18.18], "(29, False)": [1.3200000000000003, 0.9299999999999997, 0.6499999999999986, 1.1200000000000045, 0.6400000000000006, 5.420000000000002], "health_condition": [1.0, 0.8, 0.6, 0.4, 0.2, 0.0]}}