{"29": {"(2, True)": [16.45, 10.68, 7.96, 7.48, 14.08, 13.39, 16.7, 14.16, 10.56, 10.87, 16.4, 25.22, 30.16, 29.86, 28.6, 26.75, 27.92, 16.23, 19.1, 24.65, 22.0, 22.0, 22.0, 22.0, 22.0, 24.54, 26.9, 26.9, 26.9, 23.84, 25.2, 25.35], "(3, True)": [16.71, 1.22, 13.62, 16.72, 16.75, 16.76, 16.74, 16.75, 16.73, 16.75, 16.72, 16.75, 16.74, 16.75, 16.75, 16.75, 16.76, 16.72, 16.74, 16.72, 16.75, 16.77, 16.75, 16.73, 16.74, 16.74, 16.72, 16.77, 16.75, 16.76, 16.74, 13.68], "(5, True)": [20.47, 18.75, 14.85, 15.06, 15.73, 17.42, 17.94, 18.49, 15.28, 16.57, 16.77, 15.08, 14.91, 15.89, 17.4, 18.86, 18.16, 16.02, 16.62, 16.45, 18.73, 21.39, 20.95, 21.9, 19.8, 20.36, 19.2, 20.3, 21.94, 22.95, 24.03, 25.09], "(1, True)": [1968.4, 43.82, 1294.99, 1898.66, 1941.28, 1985.72, 1983.64, 1983.91, 1816.31, 1869.31, 1925.71, 1858.4, 1918.39, 1959.43, 1993.9, 1998.13, 1982.62, 1855.3, 1935.03, 1984.61, 1985.88, 2001.17, 2000.18, 1999.12, 1990.31, 1995.36, 1990.54, 1998.38, 1999.88, 1991.43, 1996.05, 1603.23], "(4, True)": [15.9, 11.06, 8.73, 13.41, 14.49, 16.18, 13.74, 15.43, 8.96, 12.13, 15.77, 29.69, 28.43, 32.51, 29.01, 29.35, 23.47, 18.16, 23.39, 22.79, 26.14, 23.72, 20.63, 24.87, 22.72, 25.26, 25.24, 26.44, 24.57, 23.64, 25.93, 23.22], "(29, False)": [0.5499999999999989, 0.3800000000000008, 0.7700000000000005, 5.93, 0.41000000000000014, 2.789999999999999, 2.959999999999999, 1.2699999999999996, 1.5999999999999996, 1.2600000000000016, 0.629999999999999, 4.470000000000002, 1.7300000000000004, 2.6499999999999986, 0.41000000000000014, 2.6000000000000014, 4.450000000000003, 1.9299999999999997, 4.289999999999999, 1.8599999999999994, 4.140000000000001, 1.7199999999999989, 1.370000000000001, 2.870000000000001, 0.7199999999999989, 0.7200000000000024, 1.6600000000000001, 0.4599999999999973, 2.3299999999999983, 0.1999999999999993, 0.7300000000000004, 2.1300000000000026], "health_condition": [1.0, 0.967741935483871, 0.9354838709677419, 0.9032258064516129, 0.8709677419354839, 0.8387096774193549, 0.8064516129032258, 0.7741935483870968, 0.7419354838709677, 0.7096774193548387, 0.6774193548387096, 0.6451612903225806, 0.6129032258064516, 0.5806451612903226, 0.5483870967741935, 0.5161290322580645, 0.4838709677419355, 0.45161290322580644, 0.41935483870967744, 0.3870967741935484, 0.3548387096774194, 0.3225806451612903, 0.2903225806451613, 0.25806451612903225, 0.22580645161290322, 0.1935483870967742, 0.16129032258064516, 0.12903225806451613, 0.0967741935483871, 0.06451612903225806, 0.03225806451612903, 0.0]}}