{"11": {"(5, True)": [21.75, 20.54, 22.45, 24.36, 22.75, 21.55, 18.6, 21.95, 24.34, 23.37, 20.54, 21.54, 24.4], "(3, True)": [13.46, 5.42, 16.57, 16.58, 16.58, 16.6, 16.62, 16.6, 16.59, 16.58, 16.57, 16.58, 16.57], "(4, True)": [31.12, 33.26, 27.52, 28.31, 28.31, 30.03, 31.15, 26.6, 26.88, 29.8, 34.09, 32.64, 31.36], "(2, True)": [26.92, 33.55, 30.83, 27.62, 30.8, 30.8, 30.8, 27.98, 25.5, 25.5, 29.08, 31.1, 31.1], "(1, True)": [1482.81, 445.52, 1999.76, 2001.09, 1992.25, 1993.56, 1991.66, 1992.97, 2001.42, 1998.78, 1983.35, 1988.69, 1998.87], "(11, False)": [4.199999999999999, 0.28999999999999915, 3.3099999999999987, 0.6899999999999977, 2.490000000000002, 0.7699999999999996, 0.34999999999999787, 1.379999999999999, 1.379999999999999, 4.300000000000001, 5.010000000000005, 1.5399999999999991, 0.259999999999998], "health_condition": [1.0, 0.9166666666666666, 0.8333333333333334, 0.75, 0.6666666666666666, 0.5833333333333334, 0.5, 0.4166666666666667, 0.3333333333333333, 0.25, 0.16666666666666666, 0.08333333333333333, 0.0]}}