{"11": {"(3, True)": [3.08, 13.63, 16.54, 16.57, 16.55, 16.57, 16.6, 16.51], "(5, True)": [21.69, 22.28, 22.55, 24.46, 22.9, 21.31, 21.57, 21.79], "(4, True)": [48.33, 44.66, 42.92, 47.74, 43.83, 48.17, 43.45, 42.61], "(2, True)": [45.02, 46.05, 43.42, 44.07, 46.9, 46.9, 46.9, 44.7], "(1, True)": [252.33, 1445.52, 1980.56, 1992.27, 1975.88, 1977.88, 1994.22, 1972.66], "(11, False)": [3.309999999999995, 1.3900000000000006, 0.5, 3.6700000000000017, 3.0700000000000003, 1.2700000000000031, 3.4499999999999957, 2.0900000000000034], "health_condition": [1.0, 0.8571428571428571, 0.7142857142857143, 0.5714285714285714, 0.42857142857142855, 0.2857142857142857, 0.14285714285714285, 0.0]}}