{"11": {"(1, True)": [1970.37, 1794.25, 1979.75, 1979.86, 1997.46, 1990.21, 1969.63, 1981.29, 1985.52, 1991.67, 1989.92, 1984.54, 1997.67, 1990.59, 1992.06, 1989.51, 2000.8, 1997.2, 1978.74, 1927.18, 1991.22, 1977.15, 1978.55, 1990.61, 1998.52, 1999.67, 1999.23, 1979.71, 2001.01, 1995.82, 1978.93, 1849.49, 1517.44, 1536.98, 1969.45, 1983.44], "(2, True)": [53.98, 50.08, 49.32, 52.2, 55.67, 51.02, 48.29, 46.2, 43.53, 46.2, 46.2, 46.2, 43.18, 40.85, 43.88, 52.8, 58.0, 56.25, 53.33, 45.77, 48.98, 39.03, 39.29, 40.92, 40.69, 39.02, 38.74, 46.81, 55.27, 60.36, 60.66, 65.58, 71.72, 61.43, 44.67, 39.57], "(3, True)": [16.55, 16.21, 16.61, 16.56, 16.58, 16.57, 16.61, 16.58, 16.61, 16.58, 16.58, 16.58, 16.61, 16.58, 16.58, 16.57, 16.59, 16.6, 16.6, 16.58, 16.59, 16.56, 16.57, 16.6, 16.59, 16.61, 16.6, 16.56, 16.58, 16.58, 16.56, 16.55, 16.56, 16.56, 16.57, 16.6], "(4, True)": [55.79, 49.87, 51.91, 54.01, 54.74, 48.3, 48.92, 48.43, 46.5, 44.5, 48.58, 50.52, 41.54, 41.57, 48.08, 54.54, 58.56, 48.75, 54.68, 46.06, 43.82, 38.56, 40.62, 45.8, 40.66, 38.98, 41.31, 52.73, 57.37, 62.85, 60.37, 68.05, 71.41, 61.0, 40.35, 43.53], "(5, True)": [21.26, 20.1, 20.2, 17.28, 18.82, 18.54, 17.63, 17.29, 19.73, 17.78, 17.92, 19.06, 21.29, 19.61, 18.9, 18.78, 17.63, 17.05, 16.76, 17.34, 16.91, 19.52, 18.57, 21.39, 21.1, 22.69, 21.11, 17.14, 17.18, 16.55, 15.42, 13.45, 11.96, 11.97, 16.47, 15.56], "(11, False)": [1.8100000000000023, 0.21000000000000085, 2.5899999999999963, 1.8099999999999952, 0.9299999999999997, 2.720000000000006, 0.6300000000000026, 2.229999999999997, 2.969999999999999, 1.7000000000000028, 2.3799999999999955, 4.32, 1.6400000000000006, 0.7199999999999989, 4.199999999999996, 1.740000000000002, 0.5600000000000023, 7.5, 1.3500000000000014, 0.28999999999999915, 5.159999999999997, 0.46999999999999886, 1.3299999999999983, 4.8799999999999955, 0.030000000000001137, 0.04000000000000625, 2.5700000000000003, 5.919999999999995, 2.0999999999999943, 2.490000000000002, 0.28999999999999915, 2.469999999999999, 0.3100000000000023, 0.4299999999999997, 4.32, 3.960000000000001], "health_condition": [1.0, 0.9714285714285714, 0.9428571428571428, 0.9142857142857143, 0.8857142857142857, 0.8571428571428571, 0.8285714285714286, 0.8, 0.7714285714285715, 0.7428571428571429, 0.7142857142857143, 0.6857142857142857, 0.6571428571428571, 0.6285714285714286, 0.6, 0.5714285714285714, 0.5428571428571428, 0.5142857142857142, 0.4857142857142857, 0.45714285714285713, 0.42857142857142855, 0.4, 0.37142857142857144, 0.34285714285714286, 0.3142857142857143, 0.2857142857142857, 0.2571428571428571, 0.22857142857142856, 0.2, 0.17142857142857143, 0.14285714285714285, 0.11428571428571428, 0.08571428571428572, 0.05714285714285714, 0.02857142857142857, 0.0]}}