{"11": {"(2, True)": [10.02, 40.57, 13.88, 46.52, 58.42, 76.14, 70.49, 68.4, 68.12, 62.78, 64.51, 67.86, 73.77, 62.64], "(3, True)": [15.38, 15.09, 14.97, 14.41, 15.21, 15.57, 16.24, 16.56, 16.57, 16.55, 16.55, 16.55, 15.46, 15.59], "(1, True)": [1027.64, 512.99, 798.58, 652.4, 590.06, 661.36, 1174.67, 1451.32, 1562.66, 1443.52, 1518.93, 1592.11, 874.75, 616.2], "(5, True)": [11.38, 8.24, 9.4, 9.04, 8.27, 8.66, 10.66, 11.83, 12.2, 12.07, 12.28, 12.55, 9.49, 8.91], "(4, True)": [9.33, 40.63, 15.66, 54.84, 64.85, 76.61, 67.4, 67.88, 65.55, 66.08, 68.15, 67.07, 71.74, 60.55], "(11, False)": [0.6899999999999995, 0.060000000000002274, 1.7799999999999994, 8.32, 6.429999999999993, 0.46999999999999886, 3.089999999999989, 0.5200000000000102, 2.5700000000000074, 3.299999999999997, 3.6400000000000006, 0.7900000000000063, 2.030000000000001, 2.0900000000000034], "health_condition": [1.0, 0.9230769230769231, 0.8461538461538461, 0.7692307692307693, 0.6923076923076923, 0.6153846153846154, 0.5384615384615384, 0.46153846153846156, 0.38461538461538464, 0.3076923076923077, 0.23076923076923078, 0.15384615384615385, 0.07692307692307693, 0.0]}}