{"11": {"(1, True)": [716.91, 89.6, 1937.43, 1957.65, 1960.35], "(2, True)": [37.4, 42.63, 39.9, 41.27, 38.21], "(3, True)": [6.98, 2.38, 16.56, 16.57, 16.58], "(4, True)": [41.11, 41.48, 37.43, 42.93, 40.5], "(5, True)": [21.52, 22.39, 21.12, 18.62, 18.74], "(11, False)": [3.710000000000001, 1.1500000000000057, 2.469999999999999, 1.6599999999999966, 2.289999999999999], "health_condition": [1.0, 0.75, 0.5, 0.25, 0.0]}}