{"11": {"(3, True)": [16.53, 16.55, 16.61, 16.58, 8.59, 8.01, 5.38, 11.58, 16.47, 12.64, 7.85], "(2, True)": [40.3, 36.98, 36.33, 38.5, 41.96, 44.02, 42.78, 43.8, 40.36, 39.9, 38.47], "(1, True)": [1996.2, 1991.32, 2000.09, 1990.25, 909.25, 784.14, 532.5, 1231.18, 1904.83, 1160.84, 835.29], "(5, True)": [20.68, 19.99, 21.59, 21.83, 22.53, 22.25, 21.9, 22.65, 22.1, 23.06, 22.68], "(4, True)": [37.06, 37.23, 35.96, 41.99, 41.45, 43.11, 43.91, 40.92, 36.1, 39.36, 38.58], "(11, False)": [3.239999999999995, 0.25, 0.36999999999999744, 3.490000000000002, 0.509999999999998, 0.9100000000000037, 1.1299999999999955, 2.8799999999999955, 4.259999999999998, 0.5399999999999991, 0.10999999999999943], "health_condition": [1.0, 0.9, 0.8, 0.7, 0.6, 0.5, 0.4, 0.3, 0.2, 0.1, 0.0]}}