{"11": {"(1, True)": [531.72, 344.5, 1923.84, 1947.56, 1954.01, 1964.81, 1959.16], "(2, True)": [47.99, 46.05, 43.08, 44.8, 48.06, 45.77, 43.1], "(3, True)": [5.57, 4.04, 16.54, 16.59, 16.53, 16.56, 16.58], "(4, True)": [51.7, 46.77, 43.11, 42.05, 46.96, 41.34, 42.52], "(5, True)": [16.88, 20.13, 19.85, 18.37, 17.51, 18.0, 18.82], "(11, False)": [3.710000000000001, 0.720000000000006, 0.030000000000001137, 2.75, 1.1000000000000014, 4.43, 0.5799999999999983], "health_condition": [1.0, 0.8333333333333334, 0.6666666666666666, 0.5, 0.3333333333333333, 0.16666666666666666, 0.0]}}