{"11": {"(1, True)": [1166.02, 1505.74, 949.08, 1505.89, 1839.32, 1736.94, 1648.05, 1708.38, 1878.71, 1622.78, 1746.76, 1584.63, 1649.5, 1947.07, 1987.59, 1994.84, 1982.37, 1991.94, 1998.65, 1204.44], "(2, True)": [35.73, 37.73, 30.33, 43.48, 49.46, 51.06, 51.89, 52.36, 56.88, 47.81, 54.3, 47.26, 46.61, 36.97, 33.9, 29.46, 28.3, 34.39, 34.76, 27.67], "(3, True)": [13.86, 16.49, 15.59, 16.49, 16.53, 16.57, 16.54, 16.54, 16.56, 16.55, 16.56, 16.55, 16.57, 16.58, 16.6, 16.58, 16.57, 16.6, 16.58, 10.28], "(4, True)": [39.58, 39.65, 35.65, 46.28, 50.3, 53.59, 46.7, 55.94, 57.08, 48.23, 55.82, 49.67, 49.74, 37.54, 35.52, 31.21, 28.65, 32.81, 28.91, 30.43], "(5, True)": [14.23, 13.26, 10.19, 12.96, 14.54, 14.4, 14.46, 14.35, 16.3, 12.88, 14.11, 12.93, 12.88, 15.39, 16.53, 17.13, 19.35, 21.41, 20.5, 25.4], "(11, False)": [3.8500000000000014, 1.9200000000000017, 5.32, 2.8000000000000043, 0.8399999999999963, 2.530000000000001, 5.189999999999998, 3.5799999999999983, 0.19999999999999574, 0.4199999999999946, 1.5200000000000031, 2.4100000000000037, 3.1300000000000026, 0.5700000000000003, 1.6200000000000045, 1.75, 0.34999999999999787, 1.5799999999999983, 5.849999999999998, 2.759999999999998], "health_condition": [1.0, 0.9473684210526315, 0.8947368421052632, 0.8421052631578947, 0.7894736842105263, 0.7368421052631579, 0.6842105263157895, 0.631578947368421, 0.5789473684210527, 0.5263157894736842, 0.47368421052631576, 0.42105263157894735, 0.3684210526315789, 0.3157894736842105, 0.2631578947368421, 0.21052631578947367, 0.15789473684210525, 0.10526315789473684, 0.05263157894736842, 0.0]}}