{"11": {"(3, True)": [6.91, 16.58, 16.42, 16.48, 16.57, 16.56, 16.58, 16.55, 16.52, 16.55, 16.56, 16.58, 16.57, 16.55, 16.49, 15.6, 16.27, 16.48, 16.35, 16.57, 16.35, 16.56, 16.57, 16.57, 16.57, 16.54, 16.53, 16.57, 16.57, 16.56, 16.58, 16.58, 16.55, 16.55, 16.56, 16.59, 16.58, 16.57, 16.59, 16.57, 16.57, 16.59, 16.58, 16.56, 16.58, 16.57, 16.55, 16.58, 16.54, 16.58, 16.58, 16.55, 16.6, 16.56, 16.59, 16.59, 16.56], "(2, True)": [44.24, 27.45, 29.27, 36.34, 52.75, 54.11, 56.72, 56.34, 48.78, 48.01, 52.63, 45.51, 40.95, 43.95, 41.38, 45.11, 48.79, 44.11, 24.78, 18.8, 21.18, 21.88, 21.82, 22.31, 23.64, 24.89, 32.28, 28.49, 22.05, 25.2, 20.79, 21.76, 20.17, 19.85, 18.39, 18.47, 21.7, 29.3, 30.79, 20.32, 24.98, 25.04, 22.0, 24.45, 26.9, 26.9, 24.11, 21.2, 17.8, 17.8, 21.72, 21.22, 22.7, 25.18, 27.6, 24.12, 23.17], "(5, True)": [11.35, 17.08, 14.09, 10.88, 12.81, 12.16, 14.03, 14.38, 14.87, 13.06, 12.45, 14.28, 15.12, 13.89, 11.94, 8.67, 9.45, 10.59, 11.31, 13.97, 11.19, 14.2, 15.63, 13.23, 15.44, 14.95, 12.28, 14.56, 13.82, 13.84, 12.59, 14.63, 14.68, 15.27, 17.17, 16.36, 17.76, 16.26, 16.0, 17.14, 19.36, 20.54, 20.06, 20.32, 20.77, 19.64, 17.91, 19.19, 16.32, 17.34, 18.13, 16.61, 20.4, 21.87, 20.27, 21.13, 20.75], "(1, True)": [531.01, 1909.65, 1725.7, 1336.32, 1734.91, 1624.26, 1914.77, 1944.47, 1900.24, 1761.13, 1690.98, 1783.44, 1874.2, 1716.59, 1440.16, 745.84, 908.44, 1175.25, 1482.96, 1893.67, 1368.8, 1878.9, 1945.28, 1761.64, 1939.37, 1960.15, 1587.96, 1767.04, 1894.29, 1858.41, 1742.53, 1958.22, 1932.48, 1963.41, 1983.05, 1985.97, 1990.38, 1968.29, 1990.01, 1950.49, 1988.76, 1987.56, 1999.19, 1988.17, 1996.91, 1980.24, 1963.87, 1974.07, 1969.61, 1967.76, 1985.83, 1983.42, 1967.84, 1992.54, 1975.11, 1976.69, 1982.41], "(4, True)": [48.84, 25.96, 30.93, 36.5, 51.57, 55.3, 56.33, 55.67, 48.47, 48.63, 51.46, 48.41, 42.68, 43.65, 43.24, 47.97, 52.23, 42.2, 20.38, 17.37, 19.3, 23.53, 18.75, 21.08, 24.16, 28.16, 35.15, 23.34, 22.06, 22.21, 23.31, 21.04, 21.58, 19.65, 21.55, 18.85, 20.7, 28.36, 25.77, 18.89, 26.2, 22.68, 26.17, 25.86, 25.77, 24.71, 24.02, 22.82, 19.48, 18.61, 22.07, 21.22, 27.54, 25.51, 25.65, 22.66, 24.11], "(11, False)": [4.600000000000001, 1.4899999999999984, 1.6600000000000001, 0.1599999999999966, 1.1799999999999997, 1.1899999999999977, 0.39000000000000057, 0.6700000000000017, 0.3100000000000023, 0.6200000000000045, 1.1700000000000017, 2.8999999999999986, 1.7299999999999969, 0.30000000000000426, 1.8599999999999994, 2.8599999999999994, 3.4399999999999977, 1.9099999999999966, 4.400000000000002, 1.4299999999999997, 1.879999999999999, 1.6500000000000021, 3.0700000000000003, 1.2300000000000004, 0.5199999999999996, 3.2699999999999996, 2.8699999999999974, 5.149999999999999, 0.00999999999999801, 2.9899999999999984, 2.5199999999999996, 0.7200000000000024, 1.4099999999999966, 0.20000000000000284, 3.16, 0.38000000000000256, 1.0, 0.9400000000000013, 5.02, 1.4299999999999997, 1.2199999999999989, 2.3599999999999994, 4.170000000000002, 1.4100000000000001, 1.129999999999999, 2.1899999999999977, 0.08999999999999986, 1.620000000000001, 1.6799999999999997, 0.8099999999999987, 0.3500000000000014, 0.0, 4.84, 0.33000000000000185, 1.9500000000000028, 1.4600000000000009, 0.9399999999999977], "health_condition": [1.0, 0.9821428571428571, 0.9642857142857143, 0.9464285714285714, 0.9285714285714286, 0.9107142857142857, 0.8928571428571429, 0.875, 0.8571428571428571, 0.8392857142857143, 0.8214285714285714, 0.8035714285714286, 0.7857142857142857, 0.7678571428571429, 0.75, 0.7321428571428571, 0.7142857142857143, 0.6964285714285714, 0.6785714285714286, 0.6607142857142857, 0.6428571428571429, 0.625, 0.6071428571428571, 0.5892857142857143, 0.5714285714285714, 0.5535714285714286, 0.5357142857142857, 0.5178571428571429, 0.5, 0.48214285714285715, 0.4642857142857143, 0.44642857142857145, 0.42857142857142855, 0.4107142857142857, 0.39285714285714285, 0.375, 0.35714285714285715, 0.3392857142857143, 0.32142857142857145, 0.30357142857142855, 0.2857142857142857, 0.26785714285714285, 0.25, 0.23214285714285715, 0.21428571428571427, 0.19642857142857142, 0.17857142857142858, 0.16071428571428573, 0.14285714285714285, 0.125, 0.10714285714285714, 0.08928571428571429, 0.07142857142857142, 0.05357142857142857, 0.03571428571428571, 0.017857142857142856, 0.0]}}