{"11": {"(2, True)": [52.94, 55.93, 50.21, 56.35, 58.8, 58.8, 61.69, 58.93, 58.2, 57.3, 54.11, 59.28, 59.1, 62.94, 62.21, 60.2, 63.32, 62.86, 64.8, 62.31, 68.41, 68.29, 63.58, 69.08, 70.96, 98.93, 211.85, 268.24, 268.52, 98.37, 74.28, 89.15, 105.86, 127.58, 109.56, 72.74, 63.67, 54.34, 50.95, 50.8, 50.8, 54.0, 54.45, 52.07, 44.14, 52.8, 61.45, 61.6, 58.74, 52.26, 51.2, 46.3, 50.92, 45.98, 43.49, 45.2, 45.2, 45.2, 40.63], "(4, True)": [51.37, 56.38, 51.91, 58.26, 57.58, 59.29, 61.62, 56.73, 61.21, 55.29, 58.01, 58.68, 62.29, 62.58, 61.63, 63.72, 65.84, 63.0, 64.89, 63.99, 72.69, 68.81, 63.31, 78.66, 80.41, 102.52, 252.13, 273.06, 268.15, 98.78, 75.05, 98.77, 112.96, 134.28, 99.05, 71.02, 58.24, 50.82, 50.68, 54.12, 48.81, 58.29, 54.7, 46.71, 41.81, 59.19, 60.33, 62.24, 57.29, 53.87, 46.71, 48.76, 51.35, 49.18, 43.75, 43.56, 46.0, 46.47, 33.39], "(3, True)": [15.69, 1.02, 16.53, 16.56, 16.57, 16.56, 16.57, 16.56, 16.58, 16.54, 16.57, 16.56, 16.57, 16.59, 16.59, 16.6, 16.6, 16.6, 16.51, 15.8, 14.16, 11.62, 11.51, 10.23, 8.59, 9.89, 5.64, 9.88, 8.45, 5.92, 10.72, 8.13, 9.97, 10.06, 9.93, 12.55, 16.11, 16.52, 16.61, 16.59, 16.61, 16.43, 16.6, 16.6, 16.6, 16.55, 16.6, 16.61, 16.54, 15.37, 14.96, 15.16, 16.57, 16.59, 16.58, 16.57, 16.58, 16.59, 16.58], "(5, True)": [19.54, 13.98, 14.31, 14.85, 13.46, 12.86, 13.24, 13.67, 14.64, 13.83, 12.54, 13.21, 13.4, 13.46, 11.91, 11.9, 11.31, 11.01, 10.24, 8.91, 7.06, 5.59, 5.47, 4.52, 4.26, 3.72, 4.23, 3.7, 3.35, 4.78, 4.51, 3.94, 4.12, 4.33, 3.95, 6.2, 8.38, 9.87, 10.45, 9.57, 10.03, 8.93, 10.77, 12.49, 10.67, 9.66, 10.46, 10.06, 9.45, 8.03, 7.48, 8.01, 10.31, 11.14, 13.49, 16.38, 15.53, 17.4, 21.24], "(1, True)": [1784.35, 3.59, 1883.77, 1983.44, 1904.48, 1815.04, 1884.61, 1924.5, 1951.7, 1890.93, 1777.06, 1901.13, 1911.88, 1881.3, 1676.09, 1610.55, 1455.16, 1447.38, 1149.36, 787.25, 379.1, 178.08, 128.37, 51.64, 27.81, 11.97, 12.58, 32.01, 10.42, 65.91, 83.8, 26.45, 53.86, 54.54, 25.82, 282.79, 634.05, 1053.55, 1295.62, 1042.46, 1158.27, 822.97, 1360.58, 1794.99, 1234.9, 977.01, 1208.1, 1060.01, 898.2, 505.78, 473.18, 541.84, 1185.49, 1427.71, 1875.78, 1983.07, 1997.55, 1994.97, 1983.39], "(11, False)": [1.5700000000000003, 0.45000000000000284, 1.6999999999999957, 1.9099999999999966, 1.2199999999999989, 0.490000000000002, 0.07000000000000028, 2.200000000000003, 3.009999999999998, 2.009999999999998, 3.8999999999999986, 0.6000000000000014, 3.1899999999999977, 0.35999999999999943, 0.5799999999999983, 3.519999999999996, 2.520000000000003, 0.14000000000000057, 0.09000000000000341, 1.6799999999999997, 4.280000000000001, 0.519999999999996, 0.269999999999996, 9.579999999999998, 9.450000000000003, 3.589999999999989, 40.28, 4.819999999999993, 0.37000000000000455, 0.4099999999999966, 0.769999999999996, 9.61999999999999, 7.099999999999994, 6.700000000000003, 10.510000000000005, 1.7199999999999989, 5.43, 3.520000000000003, 0.2700000000000031, 3.3200000000000003, 1.9899999999999949, 4.289999999999999, 0.25, 5.359999999999999, 2.3299999999999983, 6.390000000000001, 1.1200000000000045, 0.6400000000000006, 1.4500000000000028, 1.6099999999999994, 4.490000000000002, 2.460000000000001, 0.4299999999999997, 3.200000000000003, 0.259999999999998, 1.6400000000000006, 0.7999999999999972, 1.269999999999996, 7.240000000000002], "health_condition": [1.0, 0.9827586206896551, 0.9655172413793104, 0.9482758620689655, 0.9310344827586207, 0.9137931034482759, 0.896551724137931, 0.8793103448275862, 0.8620689655172413, 0.8448275862068966, 0.8275862068965517, 0.8103448275862069, 0.7931034482758621, 0.7758620689655172, 0.7586206896551724, 0.7413793103448276, 0.7241379310344828, 0.7068965517241379, 0.6896551724137931, 0.6724137931034483, 0.6551724137931034, 0.6379310344827587, 0.6206896551724138, 0.603448275862069, 0.5862068965517241, 0.5689655172413793, 0.5517241379310345, 0.5344827586206896, 0.5172413793103449, 0.5, 0.4827586206896552, 0.46551724137931033, 0.4482758620689655, 0.43103448275862066, 0.41379310344827586, 0.39655172413793105, 0.3793103448275862, 0.3620689655172414, 0.3448275862068966, 0.3275862068965517, 0.3103448275862069, 0.29310344827586204, 0.27586206896551724, 0.25862068965517243, 0.2413793103448276, 0.22413793103448276, 0.20689655172413793, 0.1896551724137931, 0.1724137931034483, 0.15517241379310345, 0.13793103448275862, 0.1206896551724138, 0.10344827586206896, 0.08620689655172414, 0.06896551724137931, 0.05172413793103448, 0.034482758620689655, 0.017241379310344827, 0.0]}}