{"11": {"(1, True)": [1687.93, 83.86, 1969.48, 1975.96, 1962.74, 1967.0, 1972.44, 1993.66, 1956.42], "(2, True)": [39.11, 42.32, 31.92, 35.89, 32.03, 31.25, 43.21, 52.5, 52.5], "(3, True)": [15.11, 2.07, 16.58, 16.58, 16.56, 16.58, 16.58, 16.61, 16.55], "(4, True)": [40.58, 34.8, 34.75, 35.45, 30.11, 27.89, 48.48, 51.12, 51.84], "(5, True)": [17.44, 16.28, 16.17, 16.67, 17.05, 17.03, 16.24, 17.32, 16.43], "(11, False)": [1.4699999999999989, 7.520000000000003, 2.8299999999999983, 0.4399999999999977, 1.9200000000000017, 3.3599999999999994, 5.269999999999996, 1.3800000000000026, 0.6599999999999966], "health_condition": [1.0, 0.875, 0.75, 0.625, 0.5, 0.375, 0.25, 0.125, 0.0]}}