{"11": {"(1, True)": [507.28, 370.98, 1919.12, 1988.19, 1985.29, 2000.32, 2000.83, 2000.21, 2000.4, 2001.04, 1995.73, 2000.1, 2000.76, 1985.35, 1965.56, 1876.49, 1781.89, 1847.63, 1997.11, 1921.09, 1986.29, 1973.81, 1912.62], "(2, True)": [36.42, 64.6, 53.96, 50.07, 44.42, 37.91, 30.8, 22.94, 22.62, 28.52, 33.99, 31.6, 33.45, 36.85, 42.95, 40.82, 43.62, 47.19, 29.74, 25.24, 24.83, 27.06, 38.33], "(3, True)": [6.03, 4.39, 16.55, 16.57, 16.6, 16.6, 16.59, 16.6, 16.61, 16.57, 16.58, 16.59, 16.57, 16.59, 16.56, 16.56, 16.54, 16.56, 16.59, 16.58, 16.56, 16.58, 16.57], "(4, True)": [34.09, 68.01, 53.28, 51.75, 45.31, 37.84, 28.96, 22.77, 27.74, 33.59, 32.9, 33.42, 33.97, 38.99, 40.62, 42.24, 44.71, 40.06, 20.71, 25.79, 22.53, 28.98, 38.92], "(5, True)": [21.73, 14.81, 15.47, 15.7, 16.54, 19.64, 21.99, 24.23, 24.9, 25.35, 24.6, 24.81, 22.19, 20.35, 18.11, 14.2, 14.02, 14.89, 19.68, 18.17, 20.92, 21.32, 17.02], "(11, False)": [2.3299999999999983, 3.410000000000011, 0.6799999999999997, 1.6799999999999997, 0.8900000000000006, 0.06999999999999318, 1.8399999999999999, 0.1700000000000017, 5.119999999999997, 5.070000000000004, 1.0900000000000034, 1.8200000000000003, 0.519999999999996, 2.1400000000000006, 2.3300000000000054, 1.4200000000000017, 1.0900000000000034, 7.1299999999999955, 9.029999999999998, 0.5500000000000007, 2.299999999999997, 1.9200000000000017, 0.5900000000000034], "health_condition": [1.0, 0.9545454545454546, 0.9090909090909091, 0.8636363636363636, 0.8181818181818182, 0.7727272727272727, 0.7272727272727273, 0.6818181818181818, 0.6363636363636364, 0.5909090909090909, 0.5454545454545454, 0.5, 0.45454545454545453, 0.4090909090909091, 0.36363636363636365, 0.3181818181818182, 0.2727272727272727, 0.22727272727272727, 0.18181818181818182, 0.13636363636363635, 0.09090909090909091, 0.045454545454545456, 0.0]}}