{"11": {"(2, True)": [24.73, 24.45, 23.02, 25.9, 29.63, 31.3, 37.8, 33.93, 27.98, 29.7, 29.7, 29.7, 31.61, 30.62, 28.96, 34.18], "(4, True)": [24.59, 24.83, 26.35, 25.96, 28.11, 32.04, 37.16, 32.33, 28.03, 30.71, 31.44, 30.8, 30.99, 29.97, 30.02, 36.07], "(3, True)": [15.55, 16.38, 16.59, 16.6, 16.56, 16.57, 16.59, 16.59, 16.61, 16.59, 16.57, 16.6, 16.62, 16.58, 16.61, 16.6], "(5, True)": [21.86, 19.51, 20.36, 23.39, 22.65, 19.45, 18.59, 17.88, 21.49, 23.71, 22.83, 21.02, 18.88, 20.33, 19.04, 17.18], "(1, True)": [1702.66, 1785.68, 1984.56, 1992.95, 1985.01, 1983.17, 1999.2, 1992.16, 1991.76, 2001.16, 1991.23, 1995.82, 2000.51, 1996.06, 1996.14, 1985.94], "(11, False)": [0.14000000000000057, 0.379999999999999, 3.330000000000002, 0.060000000000002274, 1.5199999999999996, 0.7399999999999984, 0.6400000000000006, 1.6000000000000014, 0.05000000000000071, 1.0100000000000016, 1.740000000000002, 1.1000000000000014, 0.620000000000001, 0.6500000000000021, 1.0599999999999987, 1.8900000000000006], "health_condition": [1.0, 0.9333333333333333, 0.8666666666666667, 0.8, 0.7333333333333333, 0.6666666666666666, 0.6, 0.5333333333333333, 0.4666666666666667, 0.4, 0.3333333333333333, 0.26666666666666666, 0.2, 0.13333333333333333, 0.06666666666666667, 0.0]}}