{"11": {"(1, True)": [1938.79, 1984.3, 23.11, 630.91], "(2, True)": [42.13, 41.32, 44.5, 41.33], "(3, True)": [16.54, 16.57, 1.19, 7.19], "(4, True)": [39.94, 43.17, 44.76, 42.61], "(5, True)": [20.91, 21.34, 21.58, 22.24], "(11, False)": [2.190000000000005, 1.8500000000000014, 0.259999999999998, 1.2800000000000011], "health_condition": [1.0, 0.6666666666666666, 0.3333333333333333, 0.0]}}