{"11": {"(1, True)": [1268.31, 704.17, 1907.05, 1803.72, 1737.9], "(2, True)": [43.82, 56.55, 54.15, 53.45, 44.29], "(3, True)": [12.46, 7.81, 16.56, 16.52, 16.54], "(4, True)": [46.23, 57.22, 54.27, 53.35, 44.19], "(5, True)": [18.36, 16.28, 17.13, 17.35, 17.07], "(11, False)": [2.4099999999999966, 0.6700000000000017, 0.12000000000000455, 0.10000000000000142, 0.10000000000000142], "health_condition": [1.0, 0.75, 0.5, 0.25, 0.0]}}