{"11": {"(5, True)": [14.76, 16.97, 17.7, 17.11, 15.87, 14.88, 15.61, 15.08, 14.01, 14.72, 13.53, 16.13, 16.26, 14.77, 12.97, 13.95, 14.25, 12.72, 14.91, 15.16, 14.95, 14.48, 13.61, 14.47, 15.3, 14.89, 15.15, 14.91], "(3, True)": [2.39, 9.62, 16.53, 16.55, 16.53, 16.54, 16.54, 16.54, 16.59, 16.53, 16.56, 16.56, 16.54, 16.57, 16.55, 16.55, 16.57, 16.53, 16.56, 16.59, 16.52, 16.55, 16.53, 16.53, 16.53, 16.54, 16.53, 16.55], "(4, True)": [55.34, 56.27, 47.06, 54.01, 55.08, 55.19, 56.35, 44.22, 56.12, 61.72, 58.26, 50.48, 48.87, 53.11, 53.93, 58.36, 49.71, 58.79, 47.47, 49.45, 46.45, 54.16, 52.87, 49.8, 55.01, 53.27, 60.89, 57.52], "(2, True)": [53.57, 56.44, 48.63, 53.71, 55.35, 56.03, 54.57, 47.43, 51.53, 60.7, 57.1, 51.61, 47.1, 53.83, 55.95, 55.79, 50.43, 58.65, 50.34, 47.06, 47.68, 48.23, 54.11, 49.8, 54.4, 53.26, 60.2, 61.62], "(1, True)": [76.05, 998.31, 1956.41, 1933.99, 1929.27, 1923.78, 1890.76, 1899.54, 1900.84, 1914.39, 1882.15, 1956.1, 1964.96, 1929.58, 1797.38, 1840.85, 1869.32, 1725.35, 1845.18, 1859.36, 1794.91, 1823.88, 1765.21, 1749.05, 1861.81, 1860.96, 1878.06, 1915.16], "(11, False)": [1.7700000000000031, 0.1699999999999946, 1.5700000000000003, 0.29999999999999716, 0.2700000000000031, 0.8400000000000034, 1.7800000000000011, 3.210000000000001, 4.589999999999996, 1.019999999999996, 1.1599999999999966, 1.1300000000000026, 1.769999999999996, 0.7199999999999989, 2.020000000000003, 2.5700000000000003, 0.7199999999999989, 0.14000000000000057, 2.8700000000000045, 2.3900000000000006, 1.2299999999999969, 5.93, 1.240000000000002, 0.0, 0.6099999999999994, 0.010000000000005116, 0.6899999999999977, 4.099999999999994], "health_condition": [1.0, 0.9629629629629629, 0.9259259259259259, 0.8888888888888888, 0.8518518518518519, 0.8148148148148148, 0.7777777777777778, 0.7407407407407407, 0.7037037037037037, 0.6666666666666666, 0.6296296296296297, 0.5925925925925926, 0.5555555555555556, 0.5185185185185185, 0.48148148148148145, 0.4444444444444444, 0.4074074074074074, 0.37037037037037035, 0.3333333333333333, 0.2962962962962963, 0.25925925925925924, 0.2222222222222222, 0.18518518518518517, 0.14814814814814814, 0.1111111111111111, 0.07407407407407407, 0.037037037037037035, 0.0]}}