{"11": {"(3, True)": [12.2, 16.54, 16.54, 16.55, 16.6, 16.54, 16.55, 16.57, 16.56, 16.58, 16.55, 16.55, 16.56, 16.53, 16.55, 16.57, 16.56, 16.59, 16.56, 16.57], "(5, True)": [18.56, 20.21, 19.99, 19.34, 19.12, 18.34, 18.76, 18.29, 19.05, 18.65, 19.97, 20.45, 20.3, 18.93, 19.81, 19.15, 19.26, 20.01, 19.81, 19.55], "(4, True)": [52.91, 54.64, 52.27, 53.06, 48.87, 48.79, 45.8, 49.61, 54.0, 50.14, 53.61, 52.34, 51.31, 51.03, 48.48, 52.15, 53.73, 56.08, 51.87, 57.05], "(2, True)": [54.8, 55.0, 55.0, 52.59, 50.25, 50.66, 44.96, 48.48, 54.46, 53.79, 53.86, 53.36, 52.72, 51.56, 50.77, 50.0, 52.2, 52.2, 52.9, 53.22], "(1, True)": [1225.73, 1991.25, 1991.07, 1980.52, 1965.02, 1963.69, 1961.3, 1959.21, 1984.86, 1977.6, 1976.3, 1989.49, 1978.01, 1968.65, 1960.85, 1980.35, 1991.22, 1991.64, 1978.22, 1993.52], "(11, False)": [1.8900000000000006, 0.35999999999999943, 2.729999999999997, 0.46999999999999886, 1.3800000000000026, 1.8699999999999974, 0.8399999999999963, 1.1300000000000026, 0.46000000000000085, 3.6499999999999986, 0.25, 1.019999999999996, 1.4099999999999966, 0.5300000000000011, 2.2900000000000063, 2.1499999999999986, 1.529999999999994, 3.8799999999999955, 1.0300000000000011, 3.8299999999999983], "health_condition": [1.0, 0.9473684210526315, 0.8947368421052632, 0.8421052631578947, 0.7894736842105263, 0.7368421052631579, 0.6842105263157895, 0.631578947368421, 0.5789473684210527, 0.5263157894736842, 0.47368421052631576, 0.42105263157894735, 0.3684210526315789, 0.3157894736842105, 0.2631578947368421, 0.21052631578947367, 0.15789473684210525, 0.10526315789473684, 0.05263157894736842, 0.0]}}