{"11": {"(2, True)": [52.32, 50.6, 53.2, 49.58, 50.23, 49.78, 41.88], "(3, True)": [11.35, 10.51, 16.58, 16.61, 16.59, 16.6, 16.6], "(1, True)": [1255.68, 1117.28, 1999.86, 1993.1, 1987.06, 1998.27, 1996.08], "(5, True)": [19.05, 17.49, 20.03, 19.79, 21.1, 21.04, 22.96], "(4, True)": [53.02, 53.8, 51.08, 48.35, 50.14, 48.14, 44.68], "(11, False)": [0.7000000000000028, 3.1999999999999957, 2.1200000000000045, 1.2299999999999969, 0.0899999999999963, 1.6400000000000006, 2.799999999999997], "health_condition": [1.0, 0.8333333333333334, 0.6666666666666666, 0.5, 0.3333333333333333, 0.16666666666666666, 0.0]}}