{"11": {"(2, True)": [30.74, 23.58, 20.3, 20.3, 22.11, 19.2, 19.2, 15.9, 15.8, 21.74, 24.5, 26.8, 26.02, 32.34, 38.75, 39.0, 31.25, 29.49, 29.12, 33.84, 32.48, 39.69, 46.35, 43.4, 39.58, 32.46, 31.36, 38.1, 33.43, 29.58, 19.1, 20.81, 20.1, 27.02], "(4, True)": [29.21, 21.44, 18.89, 20.5, 22.14, 20.03, 16.27, 14.33, 17.61, 25.59, 25.93, 26.91, 29.18, 32.82, 44.07, 35.21, 29.03, 29.23, 29.71, 34.97, 30.52, 44.55, 43.36, 45.57, 38.91, 29.59, 32.58, 35.52, 30.2, 32.11, 14.67, 20.92, 19.01, 29.14], "(3, True)": [14.76, 16.58, 16.59, 16.58, 16.58, 16.59, 16.57, 16.6, 16.58, 16.58, 16.59, 16.61, 16.59, 16.58, 16.58, 16.6, 16.57, 16.58, 16.59, 16.59, 16.58, 16.59, 16.56, 16.58, 16.57, 16.61, 16.57, 16.59, 16.59, 16.58, 16.58, 16.59, 16.58, 16.57], "(5, True)": [21.09, 22.29, 21.98, 22.03, 21.74, 19.98, 17.28, 16.75, 15.9, 16.41, 16.92, 17.04, 18.26, 16.55, 13.82, 17.47, 17.69, 18.88, 18.44, 17.01, 17.07, 15.36, 15.36, 16.44, 16.15, 17.01, 15.97, 14.27, 16.13, 13.8, 17.49, 16.56, 18.85, 22.01], "(1, True)": [1493.75, 2000.27, 1993.61, 1993.29, 2001.02, 1999.1, 1988.45, 1993.48, 1971.65, 1985.65, 1994.54, 1987.33, 1994.35, 1968.32, 1899.09, 1991.74, 1978.33, 1979.62, 1971.4, 1982.92, 1978.17, 1968.06, 1989.64, 1975.08, 1989.52, 1989.99, 1970.42, 1949.3, 1984.33, 1841.3, 1968.91, 1985.03, 1990.77, 1993.28], "(11, False)": [1.5299999999999976, 2.139999999999997, 1.4100000000000001, 0.1999999999999993, 0.030000000000001137, 0.8300000000000018, 2.9299999999999997, 1.5700000000000003, 1.8099999999999987, 3.8500000000000014, 1.4299999999999997, 0.10999999999999943, 3.16, 0.4799999999999969, 5.32, 3.789999999999999, 2.219999999999999, 0.259999999999998, 0.5899999999999999, 1.1299999999999955, 1.9599999999999973, 4.859999999999999, 2.990000000000002, 2.1700000000000017, 0.6700000000000017, 2.870000000000001, 1.2199999999999989, 2.5799999999999983, 3.2300000000000004, 2.530000000000001, 4.4300000000000015, 0.11000000000000298, 1.0899999999999999, 2.120000000000001], "health_condition": [1.0, 0.9696969696969697, 0.9393939393939394, 0.9090909090909091, 0.8787878787878788, 0.8484848484848485, 0.8181818181818182, 0.7878787878787878, 0.7575757575757576, 0.7272727272727273, 0.696969696969697, 0.6666666666666666, 0.6363636363636364, 0.6060606060606061, 0.5757575757575758, 0.5454545454545454, 0.5151515151515151, 0.48484848484848486, 0.45454545454545453, 0.42424242424242425, 0.3939393939393939, 0.36363636363636365, 0.3333333333333333, 0.30303030303030304, 0.2727272727272727, 0.24242424242424243, 0.21212121212121213, 0.18181818181818182, 0.15151515151515152, 0.12121212121212122, 0.09090909090909091, 0.06060606060606061, 0.030303030303030304, 0.0]}}