{"12": {"(1, True)": [828.56, 809.06, 1787.99, 1953.07, 1926.64], "(2, True)": [40.4, 37.65, 29.41, 33.74, 29.18], "(3, True)": [8.4, 8.23, 16.55, 16.56, 16.57], "(4, True)": [41.52, 38.12, 25.47, 38.35, 30.85], "(5, True)": [21.31, 16.12, 16.97, 19.05, 16.64], "(12, False)": [1.1200000000000045, 0.46999999999999886, 3.9400000000000013, 4.609999999999999, 1.6700000000000017], "health_condition": [1.0, 0.75, 0.5, 0.25, 0.0]}}