{"12": {"(3, True)": [12.02, 14.56, 16.62], "(5, True)": [22.27, 24.56, 24.72], "(4, True)": [39.64, 36.87, 36.57], "(2, True)": [41.39, 40.65, 38.4], "(1, True)": [1337.99, 1461.7, 1996.78], "(12, False)": [1.75, 3.780000000000001, 1.8299999999999983], "health_condition": [1.0, 0.5, 0.0]}}