{"12": {"(1, True)": [361.11, 1984.66, 2001.29, 1999.94, 1980.36, 1784.1, 135.08, 2001.12, 2000.11], "(2, True)": [21.28, 15.53, 12.97, 14.5, 14.5, 11.8, 18.9, 15.45, 11.4], "(3, True)": [4.06, 16.59, 16.62, 16.59, 16.55, 14.96, 2.39, 16.59, 16.58], "(4, True)": [19.21, 16.58, 13.39, 17.44, 10.99, 10.74, 16.39, 12.37, 13.71], "(5, True)": [23.5, 24.38, 25.54, 25.52, 24.57, 26.0, 22.54, 24.87, 24.92], "(12, False)": [2.0700000000000003, 1.049999999999999, 0.41999999999999993, 2.9400000000000013, 3.51, 1.0600000000000005, 2.509999999999998, 3.08, 2.3100000000000005], "health_condition": [1.0, 0.875, 0.75, 0.625, 0.5, 0.375, 0.25, 0.125, 0.0]}}