{"12": {"(3, True)": [7.93, 16.43, 16.58, 16.61, 16.58, 16.56, 16.55, 16.61, 16.59, 16.61, 16.57, 16.59, 16.6, 16.6, 16.58, 16.59, 16.61, 16.59, 5.72, 2.81, 16.58], "(5, True)": [24.7, 21.99, 20.99, 22.94, 23.2, 20.36, 22.03, 19.36, 19.04, 21.21, 22.47, 24.01, 24.02, 23.13, 23.0, 21.8, 23.56, 24.41, 26.52, 23.12, 25.02], "(4, True)": [28.92, 24.51, 18.34, 20.05, 23.25, 21.7, 23.14, 32.98, 27.32, 25.71, 25.6, 23.51, 26.11, 23.2, 27.06, 30.46, 26.43, 21.63, 22.73, 31.77, 28.92], "(2, True)": [26.4, 21.94, 21.5, 18.7, 18.7, 22.27, 21.88, 27.39, 31.74, 27.5, 27.5, 27.5, 27.3, 27.1, 27.1, 29.98, 29.06, 25.4, 25.4, 32.0, 34.5], "(1, True)": [847.0, 1840.47, 1994.94, 1987.91, 2000.16, 1987.84, 2000.14, 2000.18, 1996.52, 2000.47, 1999.24, 1998.1, 1994.43, 2000.11, 2001.29, 2000.77, 2000.89, 1999.53, 657.55, 226.91, 2001.43], "(12, False)": [2.520000000000003, 2.5700000000000003, 3.16, 1.3500000000000014, 4.550000000000001, 0.5700000000000003, 1.2600000000000016, 5.589999999999996, 4.419999999999998, 1.7899999999999991, 1.8999999999999986, 3.9899999999999984, 1.1900000000000013, 3.900000000000002, 0.0400000000000027, 0.4800000000000004, 2.629999999999999, 3.7699999999999996, 2.669999999999998, 0.23000000000000043, 5.579999999999998], "health_condition": [1.0, 0.95, 0.9, 0.85, 0.8, 0.75, 0.7, 0.65, 0.6, 0.55, 0.5, 0.45, 0.4, 0.35, 0.3, 0.25, 0.2, 0.15, 0.1, 0.05, 0.0]}}