{"12": {"(3, True)": [16.58, 1.42, 15.73, 16.58, 16.6, 16.59, 16.58, 16.6, 16.56, 16.59, 16.59, 16.62, 16.56, 16.59, 16.58, 16.58, 16.63, 16.6, 16.52, 16.55, 16.58, 16.62, 16.57, 16.56, 16.59, 16.61, 16.61, 16.59, 16.6, 16.61, 16.59, 16.56, 16.62, 16.56, 12.64, 16.58, 16.57], "(2, True)": [13.12, 15.98, 17.51, 14.5, 14.5, 11.05, 13.1, 10.1, 15.45, 19.1, 15.7, 15.63, 17.1, 13.05, 16.42, 16.53, 16.97, 18.16, 24.27, 28.2, 24.28, 21.2, 21.2, 18.08, 19.22, 18.03, 14.9, 14.9, 14.9, 20.07, 18.0, 18.0, 20.54, 22.6, 25.48, 25.55, 25.7], "(5, True)": [23.06, 24.69, 22.0, 21.28, 22.15, 21.33, 20.33, 20.19, 22.39, 21.14, 21.66, 20.23, 19.35, 19.77, 19.23, 19.89, 18.18, 17.5, 12.65, 12.85, 16.23, 17.12, 15.04, 17.43, 17.78, 18.62, 19.09, 20.36, 20.63, 19.7, 22.39, 21.98, 24.47, 26.0, 26.84, 24.91, 21.35], "(1, True)": [1998.09, 52.11, 1759.16, 1998.91, 1986.65, 1993.86, 1995.91, 1995.31, 2000.77, 1995.84, 1997.18, 1997.63, 1982.21, 1992.26, 2000.29, 1994.03, 2002.0, 1993.87, 1792.71, 1754.39, 1994.01, 1983.11, 1946.57, 1981.22, 1985.89, 1978.5, 1999.94, 1997.24, 2000.94, 1991.84, 1994.51, 1996.11, 1998.94, 1994.46, 1493.62, 1973.55, 1991.38], "(4, True)": [12.87, 18.7, 17.89, 13.56, 15.61, 12.14, 11.36, 12.55, 16.21, 19.27, 15.31, 19.82, 17.99, 13.0, 19.82, 15.5, 15.29, 18.71, 26.51, 26.77, 21.73, 17.87, 20.13, 16.19, 17.84, 17.54, 15.57, 17.56, 16.42, 21.99, 19.72, 20.56, 23.49, 24.03, 25.08, 21.99, 24.34], "(12, False)": [0.25, 2.719999999999999, 0.379999999999999, 0.9399999999999995, 1.1099999999999994, 1.0899999999999999, 1.7400000000000002, 2.450000000000001, 0.7600000000000016, 0.16999999999999815, 0.3899999999999988, 4.1899999999999995, 0.889999999999997, 0.05000000000000071, 3.3999999999999986, 1.0300000000000011, 1.6799999999999997, 0.5500000000000007, 2.240000000000002, 1.4299999999999997, 2.5500000000000007, 3.3299999999999983, 1.0700000000000003, 1.889999999999997, 1.379999999999999, 0.490000000000002, 0.6699999999999999, 2.6599999999999984, 1.5200000000000014, 1.9199999999999982, 1.7199999999999989, 2.5599999999999987, 2.9499999999999993, 1.4299999999999997, 0.40000000000000213, 3.5600000000000023, 1.3599999999999994], "health_condition": [1.0, 0.9722222222222222, 0.9444444444444444, 0.9166666666666666, 0.8888888888888888, 0.8611111111111112, 0.8333333333333334, 0.8055555555555556, 0.7777777777777778, 0.75, 0.7222222222222222, 0.6944444444444444, 0.6666666666666666, 0.6388888888888888, 0.6111111111111112, 0.5833333333333334, 0.5555555555555556, 0.5277777777777778, 0.5, 0.4722222222222222, 0.4444444444444444, 0.4166666666666667, 0.3888888888888889, 0.3611111111111111, 0.3333333333333333, 0.3055555555555556, 0.2777777777777778, 0.25, 0.2222222222222222, 0.19444444444444445, 0.16666666666666666, 0.1388888888888889, 0.1111111111111111, 0.08333333333333333, 0.05555555555555555, 0.027777777777777776, 0.0]}}