{"12": {"(2, True)": [173.92, 276.95, 296.7, 293.35, 43.11], "(3, True)": [5.91, 15.95, 15.1, 9.76, 10.01], "(1, True)": [185.65, 574.98, 385.49, 29.46, 6.39], "(5, True)": [10.16, 8.28, 7.53, 3.61, 3.71], "(4, True)": [233.76, 284.46, 296.21, 283.9, 60.66], "(12, False)": [59.84, 7.509999999999991, 0.4900000000000091, 9.450000000000045, 17.549999999999997], "health_condition": [1.0, 0.75, 0.5, 0.25, 0.0]}}