{"12": {"(1, True)": [1483.22, 250.66, 2000.94, 2000.54, 2000.75, 2001.27, 1998.3, 1996.82, 255.67, 1459.65, 1991.07, 1994.76], "(2, True)": [26.8, 31.9, 29.4, 26.1, 26.1, 26.1, 26.1, 26.1, 29.18, 30.15, 30.3, 30.3], "(3, True)": [13.16, 3.18, 16.58, 16.62, 16.61, 16.6, 16.56, 16.58, 2.44, 13.21, 16.58, 16.61], "(4, True)": [27.46, 29.86, 26.46, 28.44, 24.54, 24.76, 26.78, 27.19, 30.28, 26.93, 27.69, 28.02], "(5, True)": [23.07, 24.28, 23.94, 24.06, 23.91, 24.2, 25.51, 25.32, 26.88, 22.25, 23.44, 23.21], "(12, False)": [0.6600000000000001, 2.039999999999999, 2.9399999999999977, 2.34, 1.5600000000000023, 1.3399999999999999, 0.6799999999999997, 1.0899999999999999, 1.1000000000000014, 3.219999999999999, 2.6099999999999994, 2.280000000000001], "health_condition": [1.0, 0.9090909090909091, 0.8181818181818182, 0.7272727272727273, 0.6363636363636364, 0.5454545454545454, 0.45454545454545453, 0.36363636363636365, 0.2727272727272727, 0.18181818181818182, 0.09090909090909091, 0.0]}}