{"12": {"(3, True)": [12.92, 5.19, 16.58, 16.3, 16.58, 16.56, 16.57, 16.55, 16.57, 16.48, 16.3, 16.55, 16.59, 16.57, 16.57, 16.25, 16.43, 16.55, 16.56, 16.62, 16.6, 16.57, 16.6, 16.6, 16.59, 16.58, 16.57, 16.59, 16.57, 16.57, 16.6, 16.57, 16.58, 16.58, 16.57, 16.61, 16.62, 16.58, 16.58, 16.57, 16.57, 16.62, 16.58, 16.54, 16.58, 16.57, 16.58, 16.58, 16.58, 16.57, 16.58, 16.54, 16.61, 16.59, 16.59], "(2, True)": [38.4, 21.56, 21.17, 29.26, 42.89, 40.65, 37.68, 28.34, 27.84, 39.28, 40.06, 29.0, 20.56, 14.68, 19.84, 21.46, 15.43, 12.64, 15.68, 12.8, 9.28, 9.54, 12.8, 15.24, 18.55, 15.93, 14.53, 10.7, 11.9, 8.43, 8.82, 6.07, 4.55, 9.78, 6.1, 8.8, 13.88, 16.3, 12.78, 10.32, 12.8, 12.8, 12.8, 12.8, 12.8, 7.89, 10.7, 7.7, 5.4, 7.39, 7.53, 7.88, 13.52, 15.9, 15.9], "(5, True)": [23.58, 16.44, 16.66, 11.02, 13.74, 12.73, 14.49, 14.55, 12.46, 10.58, 10.57, 11.82, 16.03, 15.7, 14.08, 11.61, 12.48, 14.28, 13.87, 15.76, 13.72, 16.16, 17.72, 16.89, 17.73, 17.19, 16.01, 15.24, 14.35, 12.55, 15.58, 15.95, 17.43, 17.91, 17.64, 19.07, 20.1, 21.38, 19.06, 19.33, 19.67, 19.62, 19.95, 19.51, 19.29, 18.73, 18.97, 18.82, 19.33, 18.57, 18.89, 19.56, 22.79, 21.01, 22.35], "(1, True)": [1437.66, 492.24, 1933.68, 1421.18, 1871.74, 1892.71, 1958.62, 1843.95, 1671.83, 1309.46, 1258.16, 1654.28, 1910.86, 1973.01, 1764.71, 1485.62, 1659.21, 1822.06, 1869.5, 1901.99, 1917.45, 1893.54, 1981.22, 1980.4, 1976.31, 1965.17, 1961.13, 1970.66, 1905.32, 1789.07, 1995.85, 1946.69, 1980.56, 1993.35, 1997.74, 1993.86, 1986.64, 2000.75, 1990.41, 1979.83, 1996.59, 1986.58, 1998.61, 1989.61, 1976.01, 1969.6, 1995.88, 1976.24, 1995.93, 1991.66, 1985.14, 1993.54, 1987.57, 1993.41, 1989.03], "(4, True)": [40.11, 25.56, 16.37, 38.52, 38.35, 39.19, 38.82, 26.14, 37.43, 38.93, 39.12, 29.08, 17.88, 14.1, 18.03, 18.11, 15.66, 15.03, 12.78, 12.25, 9.07, 14.56, 15.3, 15.28, 16.53, 16.64, 14.18, 9.56, 13.35, 9.85, 9.14, 6.52, 5.99, 7.05, 6.91, 10.29, 17.78, 15.69, 14.75, 13.47, 11.92, 14.3, 14.48, 13.18, 11.64, 9.95, 8.73, 6.46, 7.64, 7.91, 7.96, 13.22, 15.26, 13.88, 11.98], "(12, False)": [1.7100000000000009, 4.0, 4.800000000000001, 9.260000000000002, 4.539999999999999, 1.4600000000000009, 1.1400000000000006, 2.1999999999999993, 9.59, 0.3500000000000014, 0.9400000000000048, 0.0799999999999983, 2.6799999999999997, 0.5800000000000001, 1.8099999999999987, 3.3500000000000014, 0.23000000000000043, 2.389999999999999, 2.9000000000000004, 0.5500000000000007, 0.20999999999999908, 5.020000000000001, 2.5, 0.03999999999999915, 2.0199999999999996, 0.7100000000000009, 0.34999999999999964, 1.1399999999999988, 1.4499999999999993, 1.42, 0.3200000000000003, 0.4499999999999993, 1.4400000000000004, 2.7299999999999995, 0.8100000000000005, 1.4899999999999984, 3.9000000000000004, 0.6100000000000012, 1.9700000000000006, 3.1500000000000004, 0.8800000000000008, 1.5, 1.6799999999999997, 0.379999999999999, 1.1600000000000001, 2.0599999999999996, 1.9699999999999989, 1.2400000000000002, 2.2399999999999993, 0.5200000000000005, 0.4299999999999997, 5.340000000000001, 1.7400000000000002, 2.0199999999999996, 3.92], "health_condition": [1.0, 0.9814814814814815, 0.9629629629629629, 0.9444444444444444, 0.9259259259259259, 0.9074074074074074, 0.8888888888888888, 0.8703703703703703, 0.8518518518518519, 0.8333333333333334, 0.8148148148148148, 0.7962962962962963, 0.7777777777777778, 0.7592592592592593, 0.7407407407407407, 0.7222222222222222, 0.7037037037037037, 0.6851851851851852, 0.6666666666666666, 0.6481481481481481, 0.6296296296296297, 0.6111111111111112, 0.5925925925925926, 0.5740740740740741, 0.5555555555555556, 0.5370370370370371, 0.5185185185185185, 0.5, 0.48148148148148145, 0.46296296296296297, 0.4444444444444444, 0.42592592592592593, 0.4074074074074074, 0.3888888888888889, 0.37037037037037035, 0.35185185185185186, 0.3333333333333333, 0.3148148148148148, 0.2962962962962963, 0.2777777777777778, 0.25925925925925924, 0.24074074074074073, 0.2222222222222222, 0.2037037037037037, 0.18518518518518517, 0.16666666666666666, 0.14814814814814814, 0.12962962962962962, 0.1111111111111111, 0.09259259259259259, 0.07407407407407407, 0.05555555555555555, 0.037037037037037035, 0.018518518518518517, 0.0]}}