{"12": {"(1, True)": [1946.24, 1167.2, 1988.49, 1974.71, 1968.23, 1967.42, 1920.88, 1965.14, 1719.91, 1540.09, 1629.78, 1889.95, 1758.04, 1922.86, 1944.89, 1687.09, 1560.76, 1286.79, 1432.71, 1299.34, 987.52, 1085.21, 1394.9, 1479.1, 1112.26, 1669.43, 1606.99, 1906.9, 1760.84, 1780.9, 1790.72, 1996.39, 1932.31, 1901.25, 1814.26, 1935.16, 1827.23, 1778.03, 1985.03, 1997.21, 1916.36, 2000.75, 1989.48, 1921.41, 1858.62, 1923.49, 1906.55, 1977.93, 1992.07, 2000.76, 1997.43, 1991.11, 2000.2, 1997.54, 1994.4, 1999.72, 1998.99, 294.0], "(2, True)": [36.03, 34.77, 27.44, 31.35, 37.0, 32.83, 31.72, 35.2, 35.2, 39.63, 38.42, 36.64, 29.48, 40.99, 38.4, 36.81, 39.4, 36.98, 33.27, 23.61, 29.55, 28.9, 27.11, 19.28, 31.87, 22.87, 19.15, 17.39, 19.1, 24.0, 25.23, 21.5, 18.54, 14.98, 15.86, 21.67, 16.43, 31.27, 28.41, 17.9, 23.49, 34.5, 30.58, 18.48, 21.94, 20.74, 21.0, 19.1, 19.1, 19.1, 19.1, 20.83, 22.2, 22.2, 24.38, 26.4, 28.8, 31.0], "(3, True)": [16.57, 11.38, 16.58, 16.56, 16.57, 16.59, 16.56, 16.59, 16.54, 16.52, 16.53, 16.55, 16.48, 16.56, 16.57, 16.54, 16.57, 16.52, 16.5, 16.46, 16.44, 16.39, 16.48, 16.41, 16.37, 16.55, 16.56, 16.55, 16.54, 16.54, 16.57, 16.6, 16.57, 16.57, 16.56, 16.56, 16.54, 16.51, 16.58, 16.6, 16.59, 16.59, 16.59, 16.57, 16.55, 16.58, 16.57, 16.57, 16.6, 16.62, 16.6, 16.6, 16.59, 16.59, 16.62, 16.62, 16.59, 2.73], "(4, True)": [38.1, 33.69, 27.56, 31.59, 37.32, 33.96, 37.41, 36.7, 38.82, 39.63, 37.04, 36.7, 32.74, 40.77, 36.63, 35.85, 37.5, 36.19, 26.7, 26.07, 30.86, 28.91, 26.17, 15.57, 35.61, 19.47, 16.66, 12.55, 21.9, 23.74, 24.83, 19.66, 16.14, 12.19, 20.2, 20.83, 15.55, 36.4, 27.01, 18.78, 24.09, 35.5, 28.58, 17.65, 23.78, 22.64, 21.5, 20.77, 20.39, 18.48, 22.39, 25.87, 24.07, 24.35, 26.25, 28.25, 30.95, 27.32], "(5, True)": [20.64, 18.73, 18.66, 17.43, 17.77, 17.84, 14.42, 17.03, 14.05, 12.0, 12.36, 13.57, 13.5, 15.39, 14.92, 13.77, 11.86, 10.86, 11.35, 10.83, 9.81, 10.19, 10.86, 11.46, 10.26, 12.43, 12.01, 13.71, 12.9, 12.78, 12.72, 14.82, 15.79, 15.74, 14.06, 14.58, 14.06, 14.11, 15.76, 17.46, 14.72, 20.19, 18.1, 16.25, 14.01, 15.03, 17.58, 19.31, 20.54, 24.08, 22.82, 23.0, 24.68, 24.43, 23.59, 25.37, 25.48, 27.87], "(12, False)": [2.0700000000000003, 1.0800000000000054, 0.11999999999999744, 0.23999999999999844, 0.3200000000000003, 1.1300000000000026, 5.689999999999998, 1.5, 3.6199999999999974, 0.0, 1.3800000000000026, 0.060000000000002274, 3.2600000000000016, 0.21999999999999886, 1.769999999999996, 0.9600000000000009, 1.8999999999999986, 0.7899999999999991, 6.570000000000004, 2.460000000000001, 1.3099999999999987, 0.010000000000001563, 0.9399999999999977, 3.710000000000001, 3.7399999999999984, 3.400000000000002, 2.4899999999999984, 4.84, 2.799999999999997, 0.26000000000000156, 0.40000000000000213, 1.8399999999999999, 2.3999999999999986, 2.790000000000001, 4.34, 0.8400000000000034, 0.879999999999999, 5.129999999999999, 1.3999999999999986, 0.8800000000000026, 0.6000000000000014, 1.0, 2.0, 0.8300000000000018, 1.8399999999999999, 1.9000000000000021, 0.5, 1.6699999999999982, 1.2899999999999991, 0.620000000000001, 3.289999999999999, 5.040000000000003, 1.870000000000001, 2.150000000000002, 1.870000000000001, 1.8500000000000014, 2.1499999999999986, 3.6799999999999997], "health_condition": [1.0, 0.9824561403508771, 0.9649122807017544, 0.9473684210526315, 0.9298245614035088, 0.9122807017543859, 0.8947368421052632, 0.8771929824561403, 0.8596491228070176, 0.8421052631578947, 0.8245614035087719, 0.8070175438596491, 0.7894736842105263, 0.7719298245614035, 0.7543859649122807, 0.7368421052631579, 0.7192982456140351, 0.7017543859649122, 0.6842105263157895, 0.6666666666666666, 0.6491228070175439, 0.631578947368421, 0.6140350877192983, 0.5964912280701754, 0.5789473684210527, 0.5614035087719298, 0.543859649122807, 0.5263157894736842, 0.5087719298245614, 0.49122807017543857, 0.47368421052631576, 0.45614035087719296, 0.43859649122807015, 0.42105263157894735, 0.40350877192982454, 0.38596491228070173, 0.3684210526315789, 0.3508771929824561, 0.3333333333333333, 0.3157894736842105, 0.2982456140350877, 0.2807017543859649, 0.2631578947368421, 0.24561403508771928, 0.22807017543859648, 0.21052631578947367, 0.19298245614035087, 0.17543859649122806, 0.15789473684210525, 0.14035087719298245, 0.12280701754385964, 0.10526315789473684, 0.08771929824561403, 0.07017543859649122, 0.05263157894736842, 0.03508771929824561, 0.017543859649122806, 0.0]}}