{"23": {"(1, True)": [758.22, 1931.06, 1860.59, 1972.25, 1970.77, 1844.99, 1440.54], "(2, True)": [24.17, 22.12, 20.07, 26.21, 27.6, 22.21, 37.26], "(3, True)": [8.65, 16.76, 16.78, 16.83, 16.79, 16.69, 14.22], "(4, True)": [23.82, 22.6, 23.14, 22.65, 24.51, 27.99, 33.13], "(5, True)": [24.61, 23.83, 19.06, 23.77, 23.37, 19.04, 20.02], "(23, False)": [0.3500000000000014, 0.4800000000000004, 3.0700000000000003, 3.5600000000000023, 3.09, 5.779999999999998, 4.1299999999999955], "health_condition": [1.0, 0.8333333333333334, 0.6666666666666666, 0.5, 0.3333333333333333, 0.16666666666666666, 0.0]}}