{"23": {"(1, True)": [1421.02, 1383.99, 804.15, 773.83, 686.9, 271.37], "(2, True)": [12.96, 9.69, 12.07, 16.29, 16.29, 16.29], "(3, True)": [12.79, 12.93, 7.09, 7.83, 6.07, 3.59], "(4, True)": [17.02, 10.73, 13.48, 16.92, 17.98, 14.58], "(5, True)": [22.66, 23.61, 25.58, 24.38, 26.83, 23.56], "(23, False)": [4.059999999999999, 1.040000000000001, 1.4100000000000001, 0.6300000000000026, 1.6900000000000013, 1.709999999999999], "health_condition": [1.0, 0.8, 0.6, 0.4, 0.2, 0.0]}}