{"23": {"(3, True)": [8.03, 12.52, 12.54, 12.48, 6.67, 7.0, 12.64], "(4, True)": [243.56, 244.21, 233.05, 233.28, 249.74, 243.23, 244.66], "(2, True)": [259.1, 244.13, 235.51, 229.11, 245.42, 234.71, 246.0], "(5, True)": [6.21, 5.53, 5.29, 4.43, 3.67, 4.34, 4.47], "(1, True)": [72.89, 160.15, 168.1, 66.45, 2.21, 55.57, 38.01], "(23, False)": [15.54000000000002, 0.0800000000000125, 2.4599999999999795, 4.1699999999999875, 4.320000000000022, 8.519999999999982, 1.3400000000000034], "health_condition": [1.0, 0.8333333333333334, 0.6666666666666666, 0.5, 0.3333333333333333, 0.16666666666666666, 0.0]}}