{"23": {"(1, True)": [884.46, 256.21, 609.18, 1024.69, 661.61, 614.24], "(2, True)": [37.36, 35.19, 40.32, 15.09, 26.66, 44.0], "(3, True)": [15.22, 10.35, 8.2, 15.98, 14.44, 14.65], "(4, True)": [35.55, 41.25, 30.05, 16.8, 30.91, 37.32], "(5, True)": [9.38, 6.62, 9.61, 9.53, 7.79, 7.74], "(23, False)": [1.8100000000000023, 6.060000000000002, 10.27, 1.7100000000000009, 4.25, 6.68], "health_condition": [1.0, 0.8, 0.6, 0.4, 0.2, 0.0]}}