{"17": {"(2, True)": [314.49, 297.4, 298.2], "(4, True)": [318.02, 302.87, 311.47], "(3, True)": [14.23, 16.69, 16.68], "(5, True)": [16.4, 17.77, 17.42], "(1, True)": [1430.03, 1912.54, 1900.21], "(17, False)": [3.5299999999999727, 5.470000000000027, 13.270000000000039], "health_condition": [1.0, 0.5, 0.0]}}