{"17": {"(2, True)": [29.0, 15.27, 10.71, 357.8, 5.32, 33.34, 25.77], "(4, True)": [19.69, 14.82, 12.22, 359.78, 3.59, 33.1, 33.4], "(3, True)": [14.03, 16.41, 16.35, 16.14, 16.3, 15.54, 13.5], "(5, True)": [11.62, 12.07, 10.78, 10.46, 11.09, 9.51, 6.34], "(1, True)": [1015.68, 1381.13, 1398.63, 1287.66, 1394.28, 881.37, 253.31], "(17, False)": [9.309999999999999, 0.4499999999999993, 1.5099999999999998, 1.9799999999999613, 1.7300000000000004, 0.240000000000002, 7.629999999999999], "health_condition": [1.0, 0.8333333333333334, 0.6666666666666666, 0.5, 0.3333333333333333, 0.16666666666666666, 0.0]}}