{"17": {"(3, True)": [15.1, 10.93], "(2, True)": [251.86, 203.67], "(1, True)": [1700.43, 932.69], "(5, True)": [18.33, 12.66], "(4, True)": [241.81, 196.33], "(17, False)": [10.050000000000011, 7.339999999999975], "health_condition": [1.0, 0.0]}}