{"17": {"(1, True)": [1515.74, 1944.38, 1966.78, 1994.23, 2000.73, 369.35, 1217.13], "(2, True)": [2.19, 331.26, 316.81, 304.7, 297.83, 293.86, 284.6], "(3, True)": [14.22, 16.66, 16.73, 16.69, 16.73, 3.43, 12.49], "(4, True)": [7.64, 325.79, 308.16, 296.49, 293.03, 297.34, 279.74], "(5, True)": [15.52, 15.55, 15.48, 18.95, 23.39, 25.01, 21.18], "(17, False)": [5.449999999999999, 5.46999999999997, 8.649999999999977, 8.20999999999998, 4.800000000000011, 3.4799999999999613, 4.860000000000014], "health_condition": [1.0, 0.8333333333333334, 0.6666666666666666, 0.5, 0.3333333333333333, 0.16666666666666666, 0.0]}}