{"17": {"(1, True)": [1212.26, 1976.66, 1985.13, 1964.22, 1979.62], "(2, True)": [24.36, 28.47, 34.09, 30.26, 20.63], "(3, True)": [11.79, 16.71, 16.7, 16.71, 16.7], "(4, True)": [21.96, 30.46, 31.11, 23.07, 17.56], "(5, True)": [16.49, 18.1, 18.77, 18.59, 17.51], "(17, False)": [2.3999999999999986, 1.990000000000002, 2.980000000000004, 7.190000000000001, 3.0700000000000003], "health_condition": [1.0, 0.75, 0.5, 0.25, 0.0]}}