{"17": {"(1, True)": [1517.45, 1997.01, 1998.48], "(2, True)": [97.95, 56.2, 54.19], "(3, True)": [14.29, 16.71, 16.67], "(4, True)": [90.03, 58.96, 52.96], "(5, True)": [20.7, 19.98, 23.05], "(17, False)": [7.920000000000002, 2.759999999999998, 1.2299999999999969], "health_condition": [1.0, 0.5, 0.0]}}