{"17": {"(1, True)": [11.13, 33.52, 30.04, 44.76, 64.67, 21.61, 18.81, 15.0, 26.94, 13.34], "(2, True)": [199.81, 261.28, 272.64, 253.55, 237.99, 242.27, 243.54, 242.41, 236.51, 217.26], "(3, True)": [3.83, 10.44, 12.44, 12.42, 12.42, 10.68, 10.48, 12.42, 11.46, 12.42], "(4, True)": [211.99, 268.01, 269.17, 237.98, 235.6, 243.47, 233.98, 245.34, 229.2, 213.41], "(5, True)": [3.73, 4.31, 3.92, 4.21, 4.58, 3.77, 4.3, 3.69, 4.1, 4.0], "(17, False)": [12.180000000000007, 6.730000000000018, 3.4699999999999704, 15.570000000000022, 2.390000000000015, 1.1999999999999886, 9.560000000000002, 2.930000000000007, 7.310000000000002, 3.8499999999999943], "health_condition": [1.0, 0.8888888888888888, 0.7777777777777778, 0.6666666666666666, 0.5555555555555556, 0.4444444444444444, 0.3333333333333333, 0.2222222222222222, 0.1111111111111111, 0.0]}}