{"17": {"(1, True)": [1276.95, 1273.48, 1544.94, 1105.41], "(2, True)": [343.88, 337.75, 336.45, 327.97], "(3, True)": [13.82, 16.11, 16.53, 13.33], "(4, True)": [353.93, 334.32, 339.37, 327.98], "(5, True)": [12.38, 10.9, 11.66, 12.2], "(17, False)": [10.050000000000011, 3.430000000000007, 2.920000000000016, 0.009999999999990905], "health_condition": [1.0, 0.6666666666666666, 0.3333333333333333, 0.0]}}