{"17": {"(2, True)": [15.25, 354.49, 345.16, 338.88, 358.78, 350.83, 355.42, 357.35, 358.53, 355.13, 351.77, 355.94, 352.8, 352.6, 356.54, 354.21, 7.58, 347.86, 356.15, 0.86, 1.75, 5.0, 342.67, 345.29], "(4, True)": [6.64, 345.25, 351.53, 356.19, 359.82, 354.89, 358.95, 355.96, 356.24, 355.27, 350.44, 352.76, 357.41, 358.69, 358.52, 358.03, 3.88, 348.22, 357.75, 2.82, 0.98, 2.21, 351.16, 352.74], "(3, True)": [13.83, 16.7, 16.73, 16.72, 16.73, 16.7, 16.71, 16.72, 16.72, 16.72, 16.71, 16.7, 16.71, 16.72, 16.7, 16.71, 16.69, 16.63, 16.62, 16.69, 16.61, 16.61, 16.29, 16.66], "(5, True)": [14.19, 15.7, 14.13, 13.07, 14.69, 16.03, 13.35, 15.74, 15.12, 16.58, 16.77, 16.86, 17.21, 16.32, 15.22, 14.09, 13.33, 11.6, 13.57, 14.14, 13.24, 11.72, 10.59, 11.43], "(1, True)": [1288.34, 1767.91, 1761.45, 1853.07, 1954.63, 1943.08, 1802.34, 1969.82, 1926.58, 1969.06, 1991.31, 1977.79, 1995.43, 1936.72, 1882.8, 1895.76, 1604.79, 1434.04, 1661.84, 1820.35, 1694.6, 1338.88, 1134.56, 1443.14], "(17, False)": [8.61, 9.240000000000009, 6.369999999999948, 17.310000000000002, 1.0400000000000205, 4.060000000000002, 3.5299999999999727, 1.3900000000000432, 2.2899999999999636, 0.13999999999998636, 1.329999999999984, 3.180000000000007, 4.610000000000014, 6.089999999999975, 1.9799999999999613, 3.819999999999993, 3.7, 0.36000000000001364, 1.6000000000000227, 1.96, 0.77, 2.79, 8.490000000000009, 7.449999999999989], "health_condition": [1.0, 0.9565217391304348, 0.9130434782608695, 0.8695652173913043, 0.8260869565217391, 0.782608695652174, 0.7391304347826086, 0.6956521739130435, 0.6521739130434783, 0.6086956521739131, 0.5652173913043478, 0.5217391304347826, 0.4782608695652174, 0.43478260869565216, 0.391304347826087, 0.34782608695652173, 0.30434782608695654, 0.2608695652173913, 0.21739130434782608, 0.17391304347826086, 0.13043478260869565, 0.08695652173913043, 0.043478260869565216, 0.0]}}