{"17": {"(3, True)": [13.21, 16.73, 16.75, 16.72, 16.72, 16.72, 16.7, 16.75, 8.87, 7.09, 16.73, 16.72, 16.7, 16.72, 16.68, 16.69, 16.73, 16.7, 16.74, 16.71, 16.72, 16.7, 16.7, 16.7], "(2, True)": [58.28, 38.1, 20.43, 6.25, 2.48, 0.47, 6.09, 0.42, 334.56, 301.46, 301.93, 299.97, 301.87, 297.95, 288.55, 291.85, 290.51, 291.2, 293.28, 288.66, 288.52, 286.39, 287.86, 285.8], "(1, True)": [1393.16, 1991.52, 1995.56, 1998.22, 1975.38, 1991.7, 1996.06, 1999.16, 1020.81, 686.45, 1987.71, 1998.07, 1993.4, 1984.18, 1989.52, 1996.23, 1999.63, 1991.46, 1989.33, 1997.61, 1998.74, 1992.54, 1973.02, 1990.69], "(5, True)": [22.18, 21.05, 21.69, 21.1, 20.64, 21.12, 21.45, 23.72, 24.18, 21.29, 20.68, 21.15, 21.85, 22.18, 22.69, 22.1, 22.93, 20.64, 19.77, 20.11, 20.59, 20.1, 20.2, 21.09], "(4, True)": [57.39, 36.39, 16.26, 4.24, 4.06, 1.59, 2.97, 356.75, 321.91, 306.81, 300.29, 299.01, 299.3, 297.9, 293.25, 293.38, 292.32, 292.66, 294.73, 287.67, 287.35, 285.85, 283.34, 281.33], "(17, False)": [0.8900000000000006, 1.7100000000000009, 4.169999999999998, 2.01, 1.5799999999999996, 1.12, 3.1199999999999997, 3.670000000000016, 12.649999999999977, 5.350000000000023, 1.6399999999999864, 0.9600000000000364, 2.569999999999993, 0.05000000000001137, 4.699999999999989, 1.5299999999999727, 1.8100000000000023, 1.4600000000000364, 1.4500000000000455, 0.9900000000000091, 1.169999999999959, 0.5399999999999636, 4.520000000000039, 4.470000000000027], "health_condition": [1.0, 0.9565217391304348, 0.9130434782608695, 0.8695652173913043, 0.8260869565217391, 0.782608695652174, 0.7391304347826086, 0.6956521739130435, 0.6521739130434783, 0.6086956521739131, 0.5652173913043478, 0.5217391304347826, 0.4782608695652174, 0.43478260869565216, 0.391304347826087, 0.34782608695652173, 0.30434782608695654, 0.2608695652173913, 0.21739130434782608, 0.17391304347826086, 0.13043478260869565, 0.08695652173913043, 0.043478260869565216, 0.0]}}