{"17": {"(3, True)": [3.51, 11.65, 16.76, 16.72, 16.69], "(4, True)": [301.81, 288.02, 255.67, 252.37, 263.18], "(2, True)": [320.15, 293.48, 259.88, 253.32, 266.71], "(5, True)": [17.33, 19.36, 18.17, 17.81, 19.21], "(1, True)": [367.13, 1245.41, 1990.57, 1998.64, 1988.7], "(17, False)": [18.339999999999975, 5.460000000000036, 4.210000000000008, 0.9499999999999886, 3.5299999999999727], "health_condition": [1.0, 0.75, 0.5, 0.25, 0.0]}}