{"17": {"(1, True)": [33.31, 1409.28, 1999.6, 1999.38, 2000.08, 1999.87, 1999.41, 2000.34, 1999.44, 1999.66, 1999.45, 1881.63, 1806.8, 1635.45, 1284.85, 1085.04, 992.95, 1398.48, 1769.99, 1506.79, 1357.65, 1794.29, 1895.07, 1897.95, 1932.17, 1996.9, 1998.45, 1626.32, 1768.1, 1956.96, 1949.38, 1878.43, 1887.46, 1635.21, 1277.81, 1155.61, 770.46, 593.57, 333.91, 617.36, 619.43, 702.59, 689.0], "(2, True)": [204.71, 187.59, 188.94, 187.93, 180.93, 185.2, 185.2, 185.2, 185.2, 182.83, 179.77, 183.8, 170.52, 174.0, 185.92, 185.82, 181.05, 198.53, 204.61, 207.01, 195.96, 203.15, 204.65, 204.35, 207.11, 204.33, 206.41, 205.27, 204.83, 200.67, 196.85, 196.77, 201.22, 199.27, 202.03, 211.61, 200.76, 211.93, 186.45, 193.64, 196.7, 200.91, 201.66], "(3, True)": [2.49, 13.34, 16.71, 16.71, 16.71, 16.71, 16.7, 16.71, 16.71, 16.72, 16.71, 16.67, 16.67, 16.69, 16.6, 16.42, 16.1, 16.57, 16.68, 16.63, 16.46, 16.69, 16.71, 16.73, 16.72, 16.71, 16.7, 16.68, 16.72, 16.7, 16.7, 16.7, 16.7, 16.68, 16.54, 16.45, 15.36, 14.59, 14.27, 14.68, 14.94, 15.65, 15.47], "(4, True)": [183.13, 187.17, 184.61, 186.88, 180.57, 187.69, 186.29, 183.76, 184.83, 179.81, 185.07, 185.39, 172.08, 174.68, 194.89, 186.61, 187.14, 198.5, 204.21, 206.58, 195.48, 204.41, 208.16, 202.35, 206.25, 207.28, 206.03, 208.54, 200.59, 200.94, 197.16, 199.81, 199.32, 200.48, 201.05, 215.77, 215.85, 224.69, 176.68, 197.37, 192.58, 204.53, 191.84], "(5, True)": [18.24, 20.63, 21.58, 19.85, 20.94, 21.56, 20.3, 19.38, 17.66, 18.84, 18.71, 15.28, 13.92, 12.25, 11.18, 10.91, 9.63, 11.37, 12.84, 11.63, 11.45, 12.96, 13.67, 14.22, 14.94, 15.75, 16.13, 11.9, 13.49, 14.04, 13.69, 13.1, 14.11, 11.92, 10.83, 10.78, 8.76, 7.95, 7.05, 8.43, 8.87, 9.08, 9.4], "(17, False)": [21.580000000000013, 0.4200000000000159, 4.329999999999984, 1.0500000000000114, 0.36000000000001364, 2.490000000000009, 1.0900000000000034, 1.4399999999999977, 0.3699999999999761, 3.0200000000000102, 5.299999999999983, 1.589999999999975, 1.5600000000000023, 0.6800000000000068, 8.969999999999999, 0.7900000000000205, 6.089999999999975, 0.030000000000001137, 0.4000000000000057, 0.4299999999999784, 0.4800000000000182, 1.259999999999991, 3.509999999999991, 2.0, 0.8600000000000136, 2.9499999999999886, 0.37999999999999545, 3.269999999999982, 4.240000000000009, 0.27000000000001023, 0.3100000000000023, 3.039999999999992, 1.9000000000000057, 1.2099999999999795, 0.9799999999999898, 4.159999999999997, 15.090000000000003, 12.759999999999991, 9.769999999999982, 3.730000000000018, 4.119999999999976, 3.6200000000000045, 9.819999999999993], "health_condition": [1.0, 0.9761904761904762, 0.9523809523809523, 0.9285714285714286, 0.9047619047619048, 0.8809523809523809, 0.8571428571428571, 0.8333333333333334, 0.8095238095238095, 0.7857142857142857, 0.7619047619047619, 0.7380952380952381, 0.7142857142857143, 0.6904761904761905, 0.6666666666666666, 0.6428571428571429, 0.6190476190476191, 0.5952380952380952, 0.5714285714285714, 0.5476190476190477, 0.5238095238095238, 0.5, 0.47619047619047616, 0.4523809523809524, 0.42857142857142855, 0.40476190476190477, 0.38095238095238093, 0.35714285714285715, 0.3333333333333333, 0.30952380952380953, 0.2857142857142857, 0.2619047619047619, 0.23809523809523808, 0.21428571428571427, 0.19047619047619047, 0.16666666666666666, 0.14285714285714285, 0.11904761904761904, 0.09523809523809523, 0.07142857142857142, 0.047619047619047616, 0.023809523809523808, 0.0]}}