{"17": {"(3, True)": [13.66, 15.9, 16.24, 16.2], "(4, True)": [329.27, 307.04, 307.76, 316.93], "(2, True)": [329.37, 301.92, 307.59, 307.36], "(5, True)": [14.5, 10.5, 11.56, 9.95], "(1, True)": [1293.27, 1091.94, 1514.28, 1102.22], "(17, False)": [0.10000000000002274, 5.1200000000000045, 0.17000000000001592, 9.569999999999993], "health_condition": [1.0, 0.6666666666666666, 0.3333333333333333, 0.0]}}