{"17": {"(2, True)": [173.58, 135.33, 140.88], "(4, True)": [157.13, 133.27, 154.67], "(3, True)": [12.55, 15.94, 15.43], "(5, True)": [10.27, 11.4, 9.17], "(1, True)": [648.09, 1201.25, 826.99], "(17, False)": [16.450000000000017, 2.0600000000000023, 13.789999999999992], "health_condition": [1.0, 0.5, 0.0]}}