{"17": {"(2, True)": [182.36, 211.24, 194.98, 192.76, 202.92, 211.74, 198.57, 173.51, 176.35, 189.74, 173.05, 176.22, 191.67, 171.06, 181.85, 190.62, 176.91, 203.47, 201.57, 175.06, 176.79, 175.44, 177.55, 180.27, 192.91, 198.87, 195.74, 179.33, 198.82, 200.06, 196.11, 176.06, 172.89, 173.08], "(4, True)": [194.42, 208.54, 190.56, 191.61, 204.53, 212.44, 199.85, 171.02, 180.32, 183.85, 174.81, 176.44, 192.0, 174.75, 187.56, 188.73, 179.17, 208.83, 198.0, 178.25, 177.91, 175.73, 174.77, 183.2, 194.86, 200.68, 187.34, 184.06, 203.29, 200.94, 192.42, 175.39, 177.49, 174.13], "(3, True)": [13.16, 15.87, 15.53, 15.95, 15.61, 16.18, 15.02, 15.6, 16.54, 16.66, 16.65, 16.69, 16.45, 16.66, 16.7, 16.68, 16.61, 16.34, 16.26, 16.63, 16.7, 16.68, 16.66, 16.71, 16.69, 16.66, 16.7, 16.7, 16.72, 16.7, 16.7, 16.71, 16.71, 16.67], "(5, True)": [10.71, 9.8, 9.01, 8.79, 8.8, 9.75, 8.46, 8.89, 11.09, 12.53, 12.19, 12.78, 10.82, 11.93, 12.16, 12.35, 12.18, 9.52, 9.87, 11.68, 12.28, 12.34, 12.25, 13.08, 13.2, 14.29, 13.86, 13.93, 13.05, 14.5, 14.05, 14.89, 15.44, 13.38], "(1, True)": [704.18, 909.75, 595.45, 745.9, 715.79, 893.7, 552.78, 737.54, 1226.17, 1710.46, 1575.94, 1658.57, 1273.07, 1524.74, 1600.24, 1536.02, 1631.77, 862.11, 897.62, 1373.08, 1620.94, 1617.81, 1676.03, 1833.68, 1756.27, 1906.69, 1882.2, 1891.78, 1693.05, 1913.07, 1753.92, 1791.17, 1947.3, 1729.08], "(17, False)": [12.059999999999974, 2.700000000000017, 4.4199999999999875, 1.1499999999999773, 1.6100000000000136, 0.6999999999999886, 1.2800000000000011, 2.4899999999999807, 3.969999999999999, 5.890000000000015, 1.759999999999991, 0.21999999999999886, 0.3300000000000125, 3.6899999999999977, 5.710000000000008, 1.8900000000000148, 2.259999999999991, 5.360000000000014, 3.569999999999993, 3.1899999999999977, 1.1200000000000045, 0.28999999999999204, 2.780000000000001, 2.9299999999999784, 1.950000000000017, 1.8100000000000023, 8.400000000000006, 4.72999999999999, 4.469999999999999, 0.8799999999999955, 3.690000000000026, 0.6700000000000159, 4.600000000000023, 1.049999999999983], "health_condition": [1.0, 0.9696969696969697, 0.9393939393939394, 0.9090909090909091, 0.8787878787878788, 0.8484848484848485, 0.8181818181818182, 0.7878787878787878, 0.7575757575757576, 0.7272727272727273, 0.696969696969697, 0.6666666666666666, 0.6363636363636364, 0.6060606060606061, 0.5757575757575758, 0.5454545454545454, 0.5151515151515151, 0.48484848484848486, 0.45454545454545453, 0.42424242424242425, 0.3939393939393939, 0.36363636363636365, 0.3333333333333333, 0.30303030303030304, 0.2727272727272727, 0.24242424242424243, 0.21212121212121213, 0.18181818181818182, 0.15151515151515152, 0.12121212121212122, 0.09090909090909091, 0.06060606060606061, 0.030303030303030304, 0.0]}}