{"17": {"(3, True)": [14.01, 16.7, 16.73, 16.75, 16.73, 16.69, 16.71, 16.71, 16.73, 16.7, 16.71, 16.74, 16.7, 16.71, 16.72, 16.74, 16.7, 16.72, 16.72, 16.71, 16.73, 16.69, 16.71, 16.71], "(4, True)": [72.06, 73.42, 76.81, 64.03, 63.03, 55.5, 39.66, 31.16, 27.69, 21.58, 22.34, 24.06, 23.0, 20.25, 17.98, 19.74, 13.91, 355.09, 0.79, 4.09, 0.48, 355.25, 0.49, 0.43], "(2, True)": [71.94, 71.46, 75.75, 66.57, 60.34, 53.11, 32.66, 31.77, 29.17, 24.23, 21.15, 21.15, 15.96, 21.68, 22.55, 22.73, 16.25, 0.22, 354.35, 4.82, 3.1, 358.32, 1.1, 358.89], "(5, True)": [19.72, 21.43, 23.37, 21.81, 21.3, 23.0, 22.41, 21.82, 22.98, 21.78, 21.32, 22.96, 21.07, 21.43, 22.23, 21.35, 21.02, 19.82, 19.9, 22.9, 22.44, 20.99, 19.68, 20.38], "(1, True)": [1480.52, 1998.62, 1997.93, 1969.87, 1996.34, 1995.58, 1995.59, 1998.08, 1999.23, 1982.92, 1999.67, 1999.12, 1999.07, 1999.74, 1999.54, 1999.94, 1992.36, 1986.31, 1995.8, 1998.33, 1998.07, 1997.79, 1995.86, 1999.14], "(17, False)": [0.12000000000000455, 1.960000000000008, 1.0600000000000023, 2.539999999999992, 2.6899999999999977, 2.3900000000000006, 7.0, 0.6099999999999994, 1.4800000000000004, 2.650000000000002, 1.1900000000000013, 2.91, 7.039999999999999, 1.4299999999999997, 4.57, 2.990000000000002, 2.34, 5.130000000000052, 6.439999999999998, 0.7300000000000004, 2.62, 3.069999999999993, 0.6100000000000001, 1.5400000000000205], "health_condition": [1.0, 0.9565217391304348, 0.9130434782608695, 0.8695652173913043, 0.8260869565217391, 0.782608695652174, 0.7391304347826086, 0.6956521739130435, 0.6521739130434783, 0.6086956521739131, 0.5652173913043478, 0.5217391304347826, 0.4782608695652174, 0.43478260869565216, 0.391304347826087, 0.34782608695652173, 0.30434782608695654, 0.2608695652173913, 0.21739130434782608, 0.17391304347826086, 0.13043478260869565, 0.08695652173913043, 0.043478260869565216, 0.0]}}