{"17": {"(1, True)": [1541.64, 1829.76, 1813.85, 1982.27, 1828.68, 1991.81, 1998.72, 1982.15, 1996.2, 1998.08], "(2, True)": [293.33, 269.44, 256.63, 260.55, 240.19, 241.31, 240.58, 241.63, 241.98, 243.21], "(3, True)": [14.3, 16.72, 16.68, 16.74, 16.68, 16.68, 16.68, 16.68, 16.68, 16.73], "(4, True)": [296.53, 265.19, 261.12, 264.41, 251.25, 243.55, 239.38, 241.36, 241.64, 242.18], "(5, True)": [17.69, 15.68, 14.55, 17.04, 14.3, 18.55, 18.78, 18.65, 20.7, 20.64], "(17, False)": [3.1999999999999886, 4.25, 4.490000000000009, 3.8600000000000136, 11.060000000000002, 2.240000000000009, 1.200000000000017, 0.2699999999999818, 0.3400000000000034, 1.0300000000000011], "health_condition": [1.0, 0.8888888888888888, 0.7777777777777778, 0.6666666666666666, 0.5555555555555556, 0.4444444444444444, 0.3333333333333333, 0.2222222222222222, 0.1111111111111111, 0.0]}}