{"17": {"(3, True)": [5.79, 16.72], "(2, True)": [89.75, 82.66], "(1, True)": [487.55, 2000.2], "(5, True)": [21.44, 21.46], "(4, True)": [90.68, 83.9], "(17, False)": [0.9300000000000068, 1.240000000000009], "health_condition": [1.0, 0.0]}}