{"17": {"(1, True)": [1445.76, 1968.09, 1995.97, 2000.26, 2000.59, 1999.38, 1997.16, 1999.06, 779.11, 902.77, 1985.69, 1978.89, 1896.1, 1958.8, 1927.73, 1998.92, 1992.06, 1998.53, 1998.14, 2000.86, 1964.38, 1994.99, 1463.57, 313.13, 974.97], "(2, True)": [356.13, 348.28, 2.06, 1.17, 357.66, 1.17, 353.88, 357.95, 358.43, 359.59, 358.28, 354.09, 357.18, 342.37, 342.94, 345.37, 345.04, 348.9, 347.79, 349.26, 338.61, 343.96, 321.57, 290.88, 281.33], "(3, True)": [14.01, 16.72, 16.69, 16.73, 16.73, 16.71, 16.71, 16.72, 6.9, 8.78, 16.71, 16.7, 16.68, 16.69, 16.71, 16.7, 16.72, 16.67, 16.69, 16.71, 16.69, 16.74, 12.82, 5.58, 10.82], "(4, True)": [357.18, 354.24, 1.05, 358.35, 2.56, 2.1, 354.58, 359.61, 359.75, 1.71, 357.08, 354.97, 354.84, 348.03, 345.69, 349.74, 346.64, 350.22, 347.29, 346.71, 340.29, 339.0, 311.18, 293.76, 280.71], "(5, True)": [14.78, 18.29, 23.5, 22.3, 22.78, 20.94, 21.53, 21.34, 24.7, 22.38, 21.56, 19.13, 19.28, 20.33, 18.33, 22.04, 20.84, 22.48, 21.08, 19.12, 21.11, 20.29, 23.67, 19.95, 22.37], "(17, False)": [1.0500000000000114, 5.960000000000036, 1.01, 2.819999999999993, 4.899999999999977, 0.9300000000000002, 0.6999999999999886, 1.660000000000025, 1.3199999999999932, 2.1200000000000045, 1.1999999999999886, 0.8800000000000523, 2.340000000000032, 5.659999999999968, 2.75, 4.3700000000000045, 1.599999999999966, 1.32000000000005, 0.5, 2.5500000000000114, 1.6800000000000068, 4.9599999999999795, 10.389999999999986, 2.8799999999999955, 0.6200000000000045], "health_condition": [1.0, 0.9583333333333334, 0.9166666666666666, 0.875, 0.8333333333333334, 0.7916666666666666, 0.75, 0.7083333333333334, 0.6666666666666666, 0.625, 0.5833333333333334, 0.5416666666666666, 0.5, 0.4583333333333333, 0.4166666666666667, 0.375, 0.3333333333333333, 0.2916666666666667, 0.25, 0.20833333333333334, 0.16666666666666666, 0.125, 0.08333333333333333, 0.041666666666666664, 0.0]}}