{"17": {"(3, True)": [15.95, 3.44, 16.65, 16.59, 16.5, 16.7, 16.65, 16.69, 16.57, 16.67, 16.7, 16.72, 16.72, 16.71, 16.73, 16.67, 16.69, 16.7, 16.71, 16.72, 16.74, 11.38], "(4, True)": [126.82, 80.02, 70.58, 68.36, 56.81, 56.59, 53.39, 56.16, 58.24, 47.51, 53.59, 38.99, 38.98, 5.71, 355.78, 0.56, 358.89, 4.27, 10.26, 18.17, 16.35, 22.77], "(2, True)": [121.76, 81.26, 72.67, 69.71, 56.27, 54.29, 54.61, 53.02, 58.13, 52.42, 51.82, 42.75, 34.22, 17.73, 356.95, 358.04, 359.37, 5.57, 8.26, 21.18, 11.92, 27.07], "(5, True)": [11.69, 13.77, 13.79, 13.85, 11.22, 14.18, 13.04, 13.4, 12.8, 13.21, 13.92, 14.11, 16.24, 18.24, 17.53, 15.69, 14.59, 14.79, 16.38, 16.82, 20.52, 26.14], "(1, True)": [1207.21, 244.75, 1772.64, 1713.75, 1454.84, 1912.47, 1826.29, 1793.73, 1701.03, 1715.62, 1985.1, 1968.07, 1972.54, 1993.73, 1974.12, 1880.92, 1918.26, 1949.92, 1999.01, 1998.97, 1999.95, 1334.6], "(17, False)": [5.059999999999988, 1.240000000000009, 2.0900000000000034, 1.3499999999999943, 0.5399999999999991, 2.3000000000000043, 1.2199999999999989, 3.1399999999999935, 0.10999999999999943, 4.910000000000004, 1.7700000000000031, 3.759999999999998, 4.759999999999998, 12.02, 1.170000000000016, 2.519999999999982, 0.4800000000000182, 1.3000000000000007, 2.0, 3.009999999999998, 4.4300000000000015, 4.300000000000001], "health_condition": [1.0, 0.9523809523809523, 0.9047619047619048, 0.8571428571428571, 0.8095238095238095, 0.7619047619047619, 0.7142857142857143, 0.6666666666666666, 0.6190476190476191, 0.5714285714285714, 0.5238095238095238, 0.47619047619047616, 0.42857142857142855, 0.38095238095238093, 0.3333333333333333, 0.2857142857142857, 0.23809523809523808, 0.19047619047619047, 0.14285714285714285, 0.09523809523809523, 0.047619047619047616, 0.0]}}