{"17": {"(3, True)": [7.69, 2.17, 16.72, 16.74, 16.7, 16.72, 16.72, 16.72, 16.72, 16.7, 16.71, 16.72, 16.72, 16.72, 16.71, 16.71, 16.72, 16.7, 16.72, 16.7, 16.72, 16.7, 16.72, 16.7, 16.7], "(2, True)": [304.8, 263.72, 258.53, 259.79, 260.15, 258.25, 258.61, 255.31, 251.55, 254.96, 252.23, 258.01, 258.58, 259.01, 257.73, 258.17, 258.75, 258.11, 258.05, 253.28, 251.8, 249.58, 250.05, 251.42, 246.71], "(1, True)": [557.22, 115.58, 1999.48, 1990.08, 1996.71, 2000.24, 1998.25, 1999.98, 1996.7, 1999.16, 1999.74, 1991.11, 1984.95, 1997.49, 1996.48, 1997.88, 1986.95, 1996.54, 2001.34, 1995.28, 1998.64, 1998.99, 1999.86, 1998.15, 1940.18], "(5, True)": [22.28, 22.3, 19.78, 18.64, 19.14, 17.08, 17.05, 17.31, 19.0, 18.11, 15.74, 18.16, 16.9, 16.08, 17.2, 16.15, 16.99, 16.63, 17.71, 16.19, 18.56, 18.15, 17.28, 15.92, 14.81], "(4, True)": [302.68, 264.59, 257.07, 259.92, 256.51, 260.25, 256.1, 257.6, 253.77, 251.58, 254.15, 254.79, 261.27, 257.69, 258.03, 259.78, 256.39, 258.02, 252.78, 253.09, 252.4, 252.84, 249.56, 249.06, 249.45], "(17, False)": [2.1200000000000045, 0.8699999999999477, 1.4599999999999795, 0.12999999999999545, 3.6399999999999864, 2.0, 2.509999999999991, 2.2900000000000205, 2.219999999999999, 3.3799999999999955, 1.920000000000016, 3.219999999999999, 2.6899999999999977, 1.3199999999999932, 0.2999999999999545, 1.6099999999999568, 2.3600000000000136, 0.09000000000003183, 5.27000000000001, 0.18999999999999773, 0.5999999999999943, 3.259999999999991, 0.4900000000000091, 2.359999999999985, 2.7399999999999807], "health_condition": [1.0, 0.9583333333333334, 0.9166666666666666, 0.875, 0.8333333333333334, 0.7916666666666666, 0.75, 0.7083333333333334, 0.6666666666666666, 0.625, 0.5833333333333334, 0.5416666666666666, 0.5, 0.4583333333333333, 0.4166666666666667, 0.375, 0.3333333333333333, 0.2916666666666667, 0.25, 0.20833333333333334, 0.16666666666666666, 0.125, 0.08333333333333333, 0.041666666666666664, 0.0]}}