{"17": {"(1, True)": [1440.02, 1984.1, 1970.54, 1912.33], "(2, True)": [349.13, 322.41, 304.86, 294.0], "(3, True)": [13.34, 16.69, 16.71, 16.7], "(4, True)": [342.3, 317.0, 299.26, 298.72], "(5, True)": [19.1, 18.42, 16.88, 17.21], "(17, False)": [6.829999999999984, 5.410000000000025, 5.600000000000023, 4.720000000000027], "health_condition": [1.0, 0.6666666666666666, 0.3333333333333333, 0.0]}}