{"17": {"(1, True)": [1769.35, 1574.61], "(2, True)": [90.75, 72.32], "(3, True)": [16.04, 14.7], "(4, True)": [88.1, 83.33], "(5, True)": [15.01, 16.37], "(17, False)": [2.6500000000000057, 11.010000000000005], "health_condition": [1.0, 0.0]}}