{"17": {"(2, True)": [297.46, 295.36, 279.79, 279.49, 281.28, 281.15, 275.22, 276.76, 277.8, 278.16], "(4, True)": [308.46, 295.22, 280.04, 279.48, 281.76, 280.58, 277.41, 276.84, 279.26, 275.56], "(3, True)": [9.74, 16.72, 16.67, 16.68, 16.69, 16.72, 16.73, 16.71, 16.71, 16.69], "(5, True)": [19.74, 21.2, 21.04, 20.42, 19.07, 18.22, 19.99, 19.11, 19.9, 18.65], "(1, True)": [833.76, 1980.01, 1971.76, 1998.96, 1977.41, 1979.72, 1999.04, 1976.52, 1993.43, 1997.63], "(17, False)": [11.0, 0.13999999999998636, 0.25, 0.009999999999990905, 0.4800000000000182, 0.5699999999999932, 2.1899999999999977, 0.07999999999998408, 1.4599999999999795, 2.6000000000000227], "health_condition": [1.0, 0.8888888888888888, 0.7777777777777778, 0.6666666666666666, 0.5555555555555556, 0.4444444444444444, 0.3333333333333333, 0.2222222222222222, 0.1111111111111111, 0.0]}}