{"17": {"(3, True)": [14.5, 15.14, 16.69], "(4, True)": [36.74, 330.63, 295.74], "(2, True)": [44.98, 335.52, 300.8], "(5, True)": [19.43, 18.54, 18.68], "(1, True)": [1691.35, 1639.47, 1977.56], "(17, False)": [8.239999999999995, 4.889999999999986, 5.060000000000002], "health_condition": [1.0, 0.5, 0.0]}}