{"17": {"(1, True)": [1429.43, 1901.0], "(2, True)": [9.37, 355.58], "(3, True)": [14.28, 16.7], "(4, True)": [19.35, 10.68], "(5, True)": [14.84, 16.04], "(17, False)": [9.980000000000002, 15.100000000000023], "health_condition": [1.0, 0.0]}}