{"17": {"(1, True)": [134.03, 891.05, 1082.72, 931.29, 1339.72, 898.19, 805.35, 1138.39, 1797.06, 1934.16, 1798.23, 1270.4, 494.72, 213.11, 10.85, 162.24, 198.69, 210.71, 312.27, 485.15, 58.81, 172.03, 220.12, 815.5, 768.33, 1163.33, 1296.04, 1531.22, 1342.64, 1323.73, 1603.51, 1952.78, 1946.67, 1858.2, 1878.73, 1856.92, 1918.42, 1968.72, 1962.08, 1953.94, 1974.59, 1972.73, 1882.61, 1967.78, 1965.76, 1992.0, 1998.38, 1997.37, 2001.0, 1994.38, 1990.16], "(2, True)": [17.87, 41.77, 47.19, 40.82, 36.13, 30.87, 12.74, 2.45, 348.76, 353.27, 351.2, 358.6, 352.73, 0.42, 16.93, 21.69, 9.24, 354.33, 2.87, 24.16, 351.7, 16.34, 14.25, 347.54, 9.77, 24.98, 7.77, 356.05, 351.35, 348.05, 350.81, 348.31, 353.71, 350.41, 345.85, 347.15, 356.89, 359.31, 350.81, 351.44, 349.37, 0.01, 0.79, 8.57, 6.6, 10.46, 9.93, 9.93, 10.01, 12.14, 13.7], "(3, True)": [9.84, 15.9, 15.99, 15.76, 16.36, 15.45, 15.42, 16.24, 16.71, 16.71, 16.71, 16.7, 14.96, 13.1, 8.68, 12.8, 12.28, 13.0, 13.71, 14.87, 11.31, 12.41, 13.1, 15.8, 15.72, 16.35, 16.54, 16.56, 16.52, 16.4, 16.51, 16.76, 16.72, 16.67, 16.68, 16.69, 16.7, 16.69, 16.71, 16.7, 16.73, 16.69, 16.7, 16.71, 16.71, 16.73, 16.72, 16.73, 16.74, 16.69, 16.76], "(4, True)": [42.01, 45.87, 48.88, 46.89, 44.77, 18.71, 9.16, 355.92, 353.79, 350.39, 351.0, 354.99, 352.33, 1.99, 18.47, 25.23, 353.25, 14.4, 9.98, 20.26, 350.02, 15.82, 12.52, 350.6, 11.47, 21.18, 351.38, 350.55, 347.23, 347.93, 352.02, 352.26, 352.24, 350.96, 341.11, 352.55, 358.61, 358.61, 347.8, 351.83, 353.44, 1.12, 10.73, 7.3, 8.87, 10.24, 10.08, 9.92, 6.77, 8.57, 12.48], "(5, True)": [7.25, 9.14, 9.77, 9.19, 10.81, 9.21, 8.43, 10.97, 12.61, 12.61, 12.31, 10.6, 7.69, 5.89, 3.87, 5.03, 5.8, 5.97, 6.49, 7.66, 5.46, 5.66, 6.2, 8.53, 8.23, 10.39, 11.42, 11.73, 11.02, 10.83, 11.76, 15.26, 15.4, 14.1, 13.8, 14.37, 14.72, 15.5, 15.29, 14.49, 15.64, 14.63, 14.1, 14.68, 14.8, 16.8, 18.77, 18.92, 18.05, 19.19, 19.77], "(17, False)": [24.139999999999997, 4.099999999999994, 1.6900000000000048, 6.07, 8.64, 12.16, 3.58, 6.529999999999973, 5.03000000000003, 2.8799999999999955, 0.19999999999998863, 3.6100000000000136, 0.4000000000000341, 1.57, 1.5399999999999991, 3.539999999999999, 15.990000000000009, 20.069999999999993, 7.11, 3.8999999999999986, 1.6800000000000068, 0.5199999999999996, 1.7300000000000004, 3.0600000000000023, 1.700000000000001, 3.8000000000000007, 16.389999999999986, 5.5, 4.1200000000000045, 0.12000000000000455, 1.2099999999999795, 3.9499999999999886, 1.4699999999999704, 0.5499999999999545, 4.740000000000009, 5.400000000000034, 1.7200000000000273, 0.6999999999999886, 3.009999999999991, 0.38999999999998636, 4.069999999999993, 1.11, 9.940000000000001, 1.2700000000000005, 2.2699999999999996, 0.22000000000000064, 0.15000000000000036, 0.009999999999999787, 3.24, 3.5700000000000003, 1.2199999999999989], "health_condition": [1.0, 0.98, 0.96, 0.94, 0.92, 0.9, 0.88, 0.86, 0.84, 0.82, 0.8, 0.78, 0.76, 0.74, 0.72, 0.7, 0.68, 0.66, 0.64, 0.62, 0.6, 0.58, 0.56, 0.54, 0.52, 0.5, 0.48, 0.46, 0.44, 0.42, 0.4, 0.38, 0.36, 0.34, 0.32, 0.3, 0.28, 0.26, 0.24, 0.22, 0.2, 0.18, 0.16, 0.14, 0.12, 0.1, 0.08, 0.06, 0.04, 0.02, 0.0]}}