{"17": {"(3, True)": [14.07, 16.73, 16.69, 16.71, 16.72, 16.69, 13.39, 16.55, 16.71, 16.74, 16.7, 16.74, 16.7, 16.67, 16.73, 16.71, 16.71, 16.7], "(2, True)": [234.86, 223.41, 228.9, 221.62, 214.22, 202.54, 194.98, 197.48, 191.61, 187.05, 193.7, 194.71, 188.83, 192.99, 189.53, 187.65, 190.72, 195.2], "(5, True)": [15.1, 16.49, 17.41, 17.36, 17.71, 20.08, 17.15, 17.62, 17.43, 20.18, 19.8, 19.35, 19.67, 22.56, 21.17, 20.91, 21.03, 21.67], "(1, True)": [1411.45, 1963.67, 1980.43, 1962.35, 1980.13, 1989.44, 1512.57, 1871.71, 1974.15, 1997.58, 1993.05, 1991.84, 1968.5, 1991.62, 1987.21, 1997.92, 1999.46, 1967.28], "(4, True)": [238.25, 224.98, 228.03, 218.77, 209.58, 198.96, 195.16, 188.55, 190.71, 194.38, 194.45, 191.4, 192.06, 193.36, 187.53, 191.94, 191.3, 191.43], "(17, False)": [3.3899999999999864, 1.5699999999999932, 0.8700000000000045, 2.8499999999999943, 4.639999999999986, 3.579999999999984, 0.18000000000000682, 8.929999999999978, 0.9000000000000057, 7.329999999999984, 0.75, 3.3100000000000023, 3.2299999999999898, 0.37000000000000455, 2.0, 4.289999999999992, 0.5800000000000125, 3.769999999999982], "health_condition": [1.0, 0.9411764705882353, 0.8823529411764706, 0.8235294117647058, 0.7647058823529411, 0.7058823529411765, 0.6470588235294118, 0.5882352941176471, 0.5294117647058824, 0.47058823529411764, 0.4117647058823529, 0.35294117647058826, 0.29411764705882354, 0.23529411764705882, 0.17647058823529413, 0.11764705882352941, 0.058823529411764705, 0.0]}}