{"17": {"(3, True)": [16.66, 14.25, 16.71, 16.76, 16.7, 16.66, 16.72, 16.67], "(4, True)": [108.82, 97.45, 84.39, 83.87, 92.61, 94.11, 85.77, 88.74], "(2, True)": [110.03, 100.25, 80.64, 77.66, 85.98, 97.03, 86.06, 91.6], "(5, True)": [16.52, 16.43, 15.27, 16.5, 18.22, 17.39, 17.76, 17.87], "(1, True)": [1949.37, 1510.32, 1974.9, 1980.98, 1990.56, 1989.48, 1996.05, 1994.97], "(17, False)": [1.210000000000008, 2.799999999999997, 3.75, 6.210000000000008, 6.6299999999999955, 2.9200000000000017, 0.29000000000000625, 2.8599999999999994], "health_condition": [1.0, 0.8571428571428571, 0.7142857142857143, 0.5714285714285714, 0.42857142857142855, 0.2857142857142857, 0.14285714285714285, 0.0]}}