{"17": {"(2, True)": [295.2, 288.07], "(4, True)": [299.75, 295.73], "(3, True)": [3.74, 2.93], "(5, True)": [17.15, 17.36], "(1, True)": [217.45, 137.69], "(17, False)": [4.550000000000011, 7.660000000000025], "health_condition": [1.0, 0.0]}}