{"17": {"(1, True)": [466.85, 1377.09, 1435.63, 1610.79, 1849.78, 1775.83, 1714.33, 1402.93, 1153.37, 1341.15, 888.62, 1278.33, 1561.0, 1853.9, 1875.85, 1825.75, 1564.09, 1969.01, 1810.51, 1441.75, 1421.0, 1679.96, 1779.08], "(2, True)": [8.1, 3.04, 17.89, 9.81, 10.34, 14.56, 11.31, 352.21, 3.4, 25.12, 22.89, 38.2, 355.63, 7.02, 7.37, 0.44, 356.43, 359.23, 2.59, 24.66, 38.41, 31.71, 36.02], "(3, True)": [8.33, 16.13, 16.45, 16.6, 16.67, 16.72, 16.7, 16.11, 15.96, 16.38, 15.69, 16.48, 16.63, 16.72, 16.7, 16.63, 16.35, 16.7, 16.69, 16.58, 16.48, 16.68, 16.68], "(4, True)": [14.91, 8.24, 18.82, 12.45, 7.88, 13.51, 8.83, 1.94, 20.88, 30.31, 25.58, 28.33, 0.73, 6.08, 9.33, 5.06, 1.14, 6.49, 5.71, 40.83, 37.53, 37.96, 34.64], "(5, True)": [8.76, 11.67, 11.71, 11.75, 13.8, 14.07, 13.59, 12.0, 10.37, 11.06, 9.28, 10.99, 12.68, 14.04, 14.54, 14.23, 12.32, 16.02, 14.35, 11.71, 11.53, 13.57, 14.13], "(17, False)": [6.8100000000000005, 5.2, 0.9299999999999997, 2.639999999999999, 2.46, 1.0500000000000007, 2.4800000000000004, 9.730000000000018, 17.48, 5.189999999999998, 2.6899999999999977, 9.870000000000005, 5.100000000000023, 0.9399999999999995, 1.96, 4.619999999999999, 4.7099999999999795, 7.259999999999991, 3.12, 16.169999999999998, 0.8799999999999955, 6.25, 1.3800000000000026], "health_condition": [1.0, 0.9545454545454546, 0.9090909090909091, 0.8636363636363636, 0.8181818181818182, 0.7727272727272727, 0.7272727272727273, 0.6818181818181818, 0.6363636363636364, 0.5909090909090909, 0.5454545454545454, 0.5, 0.45454545454545453, 0.4090909090909091, 0.36363636363636365, 0.3181818181818182, 0.2727272727272727, 0.22727272727272727, 0.18181818181818182, 0.13636363636363635, 0.09090909090909091, 0.045454545454545456, 0.0]}}