{"17": {"(5, True)": [22.9, 23.45, 23.86, 24.87, 21.75, 23.33, 22.6, 22.71, 21.62, 23.03, 22.5, 24.9, 26.22, 21.89], "(3, True)": [6.85, 16.73, 16.72, 16.0, 1.71, 16.71, 16.73, 16.74, 16.68, 16.71, 16.7, 16.7, 10.14, 3.12], "(4, True)": [353.25, 326.0, 325.51, 325.54, 326.3, 324.9, 324.36, 325.06, 324.65, 322.07, 322.71, 325.67, 324.88, 329.89], "(2, True)": [352.8, 322.82, 329.32, 323.89, 328.57, 325.97, 325.45, 324.71, 322.08, 326.11, 327.09, 327.98, 327.91, 323.48], "(1, True)": [514.27, 1977.53, 2000.13, 1891.46, 33.65, 2000.47, 1998.37, 1997.36, 1999.14, 1999.54, 1990.91, 1998.55, 1165.52, 224.13], "(17, False)": [0.44999999999998863, 3.180000000000007, 3.8100000000000023, 1.650000000000034, 2.269999999999982, 1.07000000000005, 1.089999999999975, 0.35000000000002274, 2.569999999999993, 4.0400000000000205, 4.3799999999999955, 2.3100000000000023, 3.0300000000000296, 6.409999999999968], "health_condition": [1.0, 0.9230769230769231, 0.8461538461538461, 0.7692307692307693, 0.6923076923076923, 0.6153846153846154, 0.5384615384615384, 0.46153846153846156, 0.38461538461538464, 0.3076923076923077, 0.23076923076923078, 0.15384615384615385, 0.07692307692307693, 0.0]}}