{"17": {"(5, True)": [15.22, 14.62, 14.8, 11.72, 12.73, 14.15, 13.36, 13.09, 10.2, 10.85, 9.95, 10.05, 11.87, 12.42, 10.21, 11.15], "(3, True)": [12.25, 16.61, 16.7, 16.58, 16.52, 16.65, 16.49, 16.57, 16.1, 16.09, 16.11, 16.19, 16.29, 16.45, 16.13, 16.28], "(4, True)": [40.58, 35.05, 37.38, 35.23, 7.08, 1.08, 359.21, 31.11, 23.47, 34.47, 37.02, 20.22, 11.97, 24.67, 28.27, 38.52], "(2, True)": [33.62, 32.05, 36.31, 33.2, 1.08, 9.7, 356.29, 22.97, 26.95, 21.84, 37.06, 20.91, 6.74, 22.46, 30.4, 36.84], "(1, True)": [1284.58, 1807.08, 1823.73, 1613.75, 1638.39, 1751.44, 1633.89, 1723.72, 1237.55, 1225.44, 1147.24, 1106.0, 1355.6, 1560.13, 1078.35, 1302.0], "(17, False)": [6.960000000000001, 3.0, 1.0700000000000003, 2.029999999999994, 6.0, 8.62, 2.919999999999959, 8.14, 3.4800000000000004, 12.629999999999999, 0.03999999999999915, 0.6900000000000013, 5.23, 2.210000000000001, 2.129999999999999, 1.6799999999999997], "health_condition": [1.0, 0.9333333333333333, 0.8666666666666667, 0.8, 0.7333333333333333, 0.6666666666666666, 0.6, 0.5333333333333333, 0.4666666666666667, 0.4, 0.3333333333333333, 0.26666666666666666, 0.2, 0.13333333333333333, 0.06666666666666667, 0.0]}}