{"17": {"(1, True)": [812.23, 7.33, 1964.87, 1963.56, 1986.54, 1999.1, 1521.02, 140.29, 1999.06, 1988.45, 1999.58, 1998.09, 2001.27, 1999.4, 1999.16, 1986.61, 1999.06, 1991.49, 1999.43, 1994.66, 1928.56, 1633.85, 1323.38, 1303.2, 1616.83, 1800.36, 1818.58, 1619.96, 1905.21, 1998.0, 1996.69, 1987.38, 1997.02, 1994.21, 1990.36, 2000.49, 1996.4, 1997.72, 2000.09, 1998.76, 2000.13, 1996.16, 2000.24, 2000.32], "(2, True)": [295.55, 262.84, 255.75, 257.79, 256.95, 248.43, 218.04, 199.75, 200.6, 190.03, 174.79, 172.35, 169.45, 165.79, 172.32, 167.79, 168.46, 166.82, 166.1, 172.52, 171.81, 172.38, 159.08, 158.09, 175.46, 174.24, 170.56, 156.01, 138.88, 121.43, 126.24, 123.55, 127.36, 127.36, 130.4, 126.02, 125.07, 127.89, 126.92, 125.56, 126.6, 123.33, 130.72, 129.87], "(3, True)": [9.41, 1.11, 16.71, 16.73, 16.71, 16.71, 13.11, 2.68, 16.72, 16.72, 16.71, 16.72, 16.71, 16.71, 16.71, 16.7, 16.74, 16.7, 16.72, 16.69, 16.68, 16.45, 16.42, 16.13, 16.53, 16.63, 16.67, 16.67, 16.74, 16.7, 16.71, 16.7, 16.72, 16.7, 16.75, 16.72, 16.71, 16.73, 16.74, 16.72, 16.73, 16.73, 16.73, 16.72], "(4, True)": [283.43, 262.12, 256.8, 257.1, 253.03, 243.17, 207.74, 199.46, 200.0, 184.99, 170.93, 170.92, 168.78, 170.96, 171.85, 169.94, 168.32, 163.66, 169.47, 171.46, 168.43, 172.56, 160.33, 167.02, 173.33, 171.6, 168.5, 158.06, 128.97, 122.91, 125.26, 123.43, 125.36, 124.93, 128.68, 124.22, 124.26, 126.41, 125.2, 126.52, 123.45, 126.19, 127.66, 128.2], "(5, True)": [23.15, 20.9, 19.55, 19.24, 21.9, 24.35, 25.51, 21.06, 21.69, 21.66, 22.07, 21.72, 22.79, 22.74, 19.77, 19.87, 21.98, 20.47, 20.04, 18.17, 15.52, 12.16, 10.88, 10.58, 12.35, 14.32, 14.42, 12.84, 16.42, 19.17, 16.75, 15.02, 16.71, 15.83, 15.36, 17.73, 18.44, 20.07, 21.14, 21.58, 22.61, 21.89, 23.37, 20.42], "(17, False)": [12.120000000000005, 0.7199999999999704, 1.0500000000000114, 0.6899999999999977, 3.9199999999999875, 5.260000000000019, 10.299999999999983, 0.28999999999999204, 0.5999999999999943, 5.039999999999992, 3.859999999999985, 1.4300000000000068, 0.6699999999999875, 5.170000000000016, 0.46999999999999886, 2.1500000000000057, 0.14000000000001478, 3.1599999999999966, 3.3700000000000045, 1.0600000000000023, 3.3799999999999955, 0.18000000000000682, 1.25, 8.930000000000007, 2.1299999999999955, 2.640000000000015, 2.0600000000000023, 2.0500000000000114, 9.909999999999997, 1.4799999999999898, 0.9799999999999898, 0.11999999999999034, 2.0, 2.4299999999999926, 1.7199999999999989, 1.7999999999999972, 0.8099999999999881, 1.480000000000004, 1.7199999999999989, 0.9599999999999937, 3.1499999999999915, 2.8599999999999994, 3.0600000000000023, 1.670000000000016], "health_condition": [1.0, 0.9767441860465116, 0.9534883720930233, 0.9302325581395349, 0.9069767441860465, 0.8837209302325582, 0.8604651162790697, 0.8372093023255814, 0.813953488372093, 0.7906976744186046, 0.7674418604651163, 0.7441860465116279, 0.7209302325581395, 0.6976744186046512, 0.6744186046511628, 0.6511627906976745, 0.627906976744186, 0.6046511627906976, 0.5813953488372093, 0.5581395348837209, 0.5348837209302325, 0.5116279069767442, 0.4883720930232558, 0.46511627906976744, 0.4418604651162791, 0.4186046511627907, 0.3953488372093023, 0.37209302325581395, 0.3488372093023256, 0.32558139534883723, 0.3023255813953488, 0.27906976744186046, 0.2558139534883721, 0.23255813953488372, 0.20930232558139536, 0.18604651162790697, 0.16279069767441862, 0.13953488372093023, 0.11627906976744186, 0.09302325581395349, 0.06976744186046512, 0.046511627906976744, 0.023255813953488372, 0.0]}}