{"17": {"(1, True)": [24.8, 49.41, 53.64, 5.06, 2.02, 2.18, 17.61, 35.33], "(2, True)": [172.14, 166.48, 177.74, 171.49, 168.5, 183.13, 166.65, 176.59], "(3, True)": [7.93, 12.42, 12.42, 7.26, 7.02, 6.53, 11.8, 10.38], "(4, True)": [168.49, 170.36, 178.79, 160.22, 162.28, 174.19, 164.34, 176.39], "(5, True)": [4.69, 4.66, 4.73, 3.63, 3.91, 4.07, 4.29, 4.31], "(17, False)": [3.6499999999999773, 3.880000000000024, 1.049999999999983, 11.27000000000001, 6.219999999999999, 8.939999999999998, 2.3100000000000023, 0.20000000000001705], "health_condition": [1.0, 0.8571428571428571, 0.7142857142857143, 0.5714285714285714, 0.42857142857142855, 0.2857142857142857, 0.14285714285714285, 0.0]}}