{"17": {"(3, True)": [13.45, 16.51], "(4, True)": [161.29, 139.53], "(2, True)": [162.67, 143.5], "(5, True)": [15.16, 12.71], "(1, True)": [1319.46, 1652.9], "(17, False)": [1.3799999999999955, 3.969999999999999], "health_condition": [1.0, 0.0]}}