{"22": {"(2, True)": [25.57, 34.27, 38.28, 46.95, 37.59, 29.64, 25.64, 28.27, 31.96, 43.74, 32.42, 47.59, 28.42, 25.07, 32.75, 34.62, 33.1, 27.65, 32.07], "(4, True)": [31.17, 35.62, 35.32, 47.39, 38.48, 28.14, 26.66, 27.82, 31.14, 45.93, 53.35, 51.21, 27.86, 33.14, 32.34, 29.88, 29.2, 28.56, 36.32], "(3, True)": [14.19, 1.11, 8.89, 16.55, 15.31, 16.22, 16.68, 16.63, 16.52, 16.57, 16.01, 16.42, 16.71, 16.73, 16.73, 16.72, 16.72, 16.71, 16.65], "(5, True)": [16.44, 17.02, 14.56, 11.58, 9.13, 13.95, 14.43, 13.07, 13.18, 10.33, 9.58, 11.32, 16.56, 18.67, 19.06, 20.88, 20.11, 16.83, 13.32], "(1, True)": [1461.26, 113.94, 794.21, 1502.49, 943.24, 1668.2, 1888.13, 1855.87, 1746.11, 1289.15, 1048.75, 1527.96, 1862.54, 1993.26, 1998.9, 1999.67, 1996.9, 1977.01, 1774.06], "(22, False)": [5.600000000000001, 1.3499999999999943, 2.960000000000001, 0.4399999999999977, 0.8899999999999935, 1.5, 1.0199999999999996, 0.4499999999999993, 0.8200000000000003, 2.1899999999999977, 20.93, 3.6199999999999974, 0.5600000000000023, 8.07, 0.4099999999999966, 4.739999999999998, 3.900000000000002, 0.9100000000000001, 4.25], "health_condition": [1.0, 0.9444444444444444, 0.8888888888888888, 0.8333333333333334, 0.7777777777777778, 0.7222222222222222, 0.6666666666666666, 0.6111111111111112, 0.5555555555555556, 0.5, 0.4444444444444444, 0.3888888888888889, 0.3333333333333333, 0.2777777777777778, 0.2222222222222222, 0.16666666666666666, 0.1111111111111111, 0.05555555555555555, 0.0]}}