{"22": {"(2, True)": [338.22, 342.17, 312.7, 304.21], "(4, True)": [342.05, 334.99, 310.56, 305.25], "(3, True)": [7.13, 16.72, 16.62, 16.42], "(5, True)": [16.66, 19.9, 16.4, 14.53], "(1, True)": [677.21, 1876.02, 1832.81, 1321.39], "(22, False)": [3.829999999999984, 7.180000000000007, 2.1399999999999864, 1.0400000000000205], "health_condition": [1.0, 0.6666666666666666, 0.3333333333333333, 0.0]}}