{"22": {"(5, True)": [23.14, 22.97], "(3, True)": [8.35, 16.67], "(4, True)": [190.82, 187.09], "(2, True)": [187.98, 183.94], "(1, True)": [778.65, 1938.98], "(22, False)": [2.8400000000000034, 3.1500000000000057], "health_condition": [1.0, 0.0]}}