{"22": {"(3, True)": [9.04, 13.64, 16.74, 16.71, 16.69, 16.72, 16.69, 16.69, 16.68, 16.74, 16.7, 16.69, 16.72, 16.71, 16.7, 16.72, 16.69, 16.71, 16.71, 16.71, 16.72, 16.69], "(4, True)": [56.88, 56.66, 56.13, 56.78, 51.83, 55.96, 51.3, 52.83, 55.59, 54.36, 52.24, 58.87, 53.94, 58.66, 54.01, 51.91, 48.74, 50.14, 58.14, 47.12, 45.76, 46.22], "(2, True)": [50.4, 49.3, 56.64, 55.79, 45.71, 47.75, 52.45, 52.13, 55.81, 55.01, 53.73, 57.62, 53.9, 56.69, 57.75, 55.76, 54.95, 50.8, 58.97, 50.59, 43.32, 45.17], "(5, True)": [13.08, 14.13, 15.89, 17.54, 18.07, 16.69, 14.91, 15.64, 16.91, 16.21, 17.11, 16.22, 15.05, 15.63, 15.09, 16.68, 15.38, 13.94, 15.42, 15.5, 18.38, 19.01], "(1, True)": [939.18, 1436.65, 1941.58, 1959.87, 1914.62, 1965.62, 1918.16, 1961.73, 1995.81, 1983.18, 1979.1, 1977.7, 1941.76, 1997.34, 1918.85, 1990.93, 1996.62, 1913.53, 1986.24, 1997.72, 1990.27, 1996.27], "(22, False)": [6.480000000000004, 7.359999999999999, 0.509999999999998, 0.990000000000002, 6.119999999999997, 8.21, 1.1500000000000057, 0.6999999999999957, 0.21999999999999886, 0.6499999999999986, 1.4899999999999949, 1.25, 0.03999999999999915, 1.9699999999999989, 3.740000000000002, 3.8500000000000014, 6.210000000000001, 0.6599999999999966, 0.8299999999999983, 3.470000000000006, 2.4399999999999977, 1.0499999999999972], "health_condition": [1.0, 0.9523809523809523, 0.9047619047619048, 0.8571428571428571, 0.8095238095238095, 0.7619047619047619, 0.7142857142857143, 0.6666666666666666, 0.6190476190476191, 0.5714285714285714, 0.5238095238095238, 0.47619047619047616, 0.42857142857142855, 0.38095238095238093, 0.3333333333333333, 0.2857142857142857, 0.23809523809523808, 0.19047619047619047, 0.14285714285714285, 0.09523809523809523, 0.047619047619047616, 0.0]}}