{"22": {"(3, True)": [12.87, 16.72, 16.71], "(2, True)": [32.26, 24.15, 36.08], "(5, True)": [16.7, 18.16, 18.12], "(1, True)": [1335.53, 1985.08, 1958.77], "(4, True)": [29.85, 33.16, 36.36], "(22, False)": [2.4099999999999966, 9.009999999999998, 0.28000000000000114], "health_condition": [1.0, 0.5, 0.0]}}