{"22": {"(2, True)": [53.72, 30.3, 30.06, 26.91, 30.41, 35.21, 28.25, 35.62, 37.69, 32.62], "(4, True)": [40.52, 30.63, 29.01, 29.03, 28.91, 28.85, 28.23, 31.78, 39.53, 25.93], "(3, True)": [12.81, 11.11, 16.73, 16.71, 16.69, 16.7, 16.67, 16.65, 16.69, 16.67], "(5, True)": [20.51, 16.79, 16.78, 15.9, 14.63, 12.63, 13.46, 12.19, 11.62, 13.0], "(1, True)": [1497.95, 1198.56, 1998.45, 1997.62, 1883.84, 1762.32, 1834.8, 1579.94, 1625.77, 1708.84], "(22, False)": [13.199999999999996, 0.3299999999999983, 1.0499999999999972, 2.120000000000001, 1.5, 6.359999999999999, 0.019999999999999574, 3.8399999999999963, 1.8400000000000034, 6.689999999999998], "health_condition": [1.0, 0.8888888888888888, 0.7777777777777778, 0.6666666666666666, 0.5555555555555556, 0.4444444444444444, 0.3333333333333333, 0.2222222222222222, 0.1111111111111111, 0.0]}}