{"22": {"(1, True)": [285.91, 1253.9, 1687.0, 1991.19, 2000.16, 1048.7, 9.37, 1993.71, 1999.96, 1998.43, 1999.93, 1998.65, 1998.94, 1999.24, 1999.86, 1998.3], "(2, True)": [54.13, 47.97, 48.36, 46.3, 47.5, 41.6, 44.78, 43.03, 41.98, 41.98, 45.78, 41.98, 45.49, 50.18, 47.41, 41.34], "(3, True)": [3.54, 10.68, 15.46, 16.72, 16.72, 9.05, 1.47, 16.71, 16.7, 16.7, 16.73, 16.7, 16.71, 16.69, 16.72, 16.71], "(4, True)": [52.9, 49.35, 49.14, 42.78, 43.81, 46.02, 45.29, 44.15, 40.18, 42.07, 44.8, 46.47, 43.95, 44.89, 47.24, 48.04], "(5, True)": [23.36, 24.93, 22.59, 23.99, 24.57, 23.96, 22.17, 22.6, 22.01, 21.48, 22.07, 23.5, 22.28, 23.3, 22.96, 23.34], "(22, False)": [1.230000000000004, 1.3800000000000026, 0.7800000000000011, 3.519999999999996, 3.6899999999999977, 4.420000000000002, 0.509999999999998, 1.1199999999999974, 1.7999999999999972, 0.09000000000000341, 0.980000000000004, 4.490000000000002, 1.5399999999999991, 5.289999999999999, 0.1699999999999946, 6.699999999999996], "health_condition": [1.0, 0.9333333333333333, 0.8666666666666667, 0.8, 0.7333333333333333, 0.6666666666666666, 0.6, 0.5333333333333333, 0.4666666666666667, 0.4, 0.3333333333333333, 0.26666666666666666, 0.2, 0.13333333333333333, 0.06666666666666667, 0.0]}}