{"22": {"(2, True)": [23.77, 40.7, 40.93, 45.14, 41.33, 34.5, 38.12, 35.53, 35.45, 31.51, 30.94, 33.76, 30.32], "(4, True)": [14.3, 38.18, 42.22, 44.28, 38.76, 40.86, 34.75, 36.51, 37.49, 29.66, 32.82, 34.85, 28.94], "(3, True)": [3.47, 10.37, 16.7, 16.71, 16.72, 16.73, 16.71, 16.7, 16.72, 16.71, 16.69, 16.66, 16.45], "(5, True)": [21.58, 19.82, 20.22, 19.04, 20.23, 20.27, 20.06, 17.81, 16.26, 16.91, 16.94, 13.93, 11.8], "(1, True)": [159.33, 873.99, 1999.76, 2000.02, 1999.5, 1999.81, 2000.0, 1999.35, 1990.3, 1999.04, 1999.22, 1717.04, 1602.76], "(22, False)": [9.469999999999999, 2.520000000000003, 1.2899999999999991, 0.8599999999999994, 2.5700000000000003, 6.359999999999999, 3.3699999999999974, 0.9799999999999969, 2.039999999999999, 1.8500000000000014, 1.879999999999999, 1.0900000000000034, 1.379999999999999], "health_condition": [1.0, 0.9166666666666666, 0.8333333333333334, 0.75, 0.6666666666666666, 0.5833333333333334, 0.5, 0.4166666666666667, 0.3333333333333333, 0.25, 0.16666666666666666, 0.08333333333333333, 0.0]}}