{"22": {"(2, True)": [45.94, 52.88, 54.43, 54.25, 45.05], "(4, True)": [56.54, 54.0, 56.99, 56.06, 54.86], "(3, True)": [14.24, 16.15, 16.71, 16.69, 16.66], "(5, True)": [14.55, 14.74, 16.02, 16.46, 15.62], "(1, True)": [1476.49, 1670.43, 1963.05, 1979.76, 1874.77], "(22, False)": [10.600000000000001, 1.1199999999999974, 2.5600000000000023, 1.8100000000000023, 9.810000000000002], "health_condition": [1.0, 0.75, 0.5, 0.25, 0.0]}}