{"22": {"(1, True)": [1666.79, 786.68, 1932.75], "(2, True)": [52.4, 44.31, 51.67], "(3, True)": [15.8, 8.07, 16.65], "(4, True)": [50.89, 56.14, 48.81], "(5, True)": [14.11, 14.91, 18.49], "(22, False)": [1.509999999999998, 11.829999999999998, 2.8599999999999994], "health_condition": [1.0, 0.5, 0.0]}}