{"22": {"(3, True)": [13.55, 16.67, 16.34, 16.54, 16.54, 16.72, 16.7, 16.7, 16.71, 16.67, 16.71, 16.68, 16.69, 16.68], "(4, True)": [47.74, 32.51, 33.28, 47.87, 44.69, 57.01, 46.46, 32.01, 45.14, 31.98, 31.18, 18.1, 24.66, 46.89], "(2, True)": [43.79, 28.66, 34.45, 41.3, 36.68, 50.2, 43.04, 33.79, 35.66, 25.52, 24.31, 17.12, 7.77, 41.43], "(5, True)": [12.5, 13.18, 10.99, 11.56, 10.89, 15.22, 14.93, 14.08, 14.35, 14.8, 17.41, 17.77, 16.03, 15.31], "(1, True)": [1240.01, 1780.5, 1532.55, 1478.52, 1403.36, 1872.85, 1870.49, 1914.13, 1925.81, 1885.27, 1984.55, 1964.08, 1967.21, 1946.28], "(22, False)": [3.950000000000003, 3.849999999999998, 1.1700000000000017, 6.57, 8.009999999999998, 6.809999999999995, 3.4200000000000017, 1.7800000000000011, 9.480000000000004, 6.460000000000001, 6.870000000000001, 0.9800000000000004, 16.89, 5.460000000000001], "health_condition": [1.0, 0.9230769230769231, 0.8461538461538461, 0.7692307692307693, 0.6923076923076923, 0.6153846153846154, 0.5384615384615384, 0.46153846153846156, 0.38461538461538464, 0.3076923076923077, 0.23076923076923078, 0.15384615384615385, 0.07692307692307693, 0.0]}}