{"22": {"(1, True)": [1134.69, 1829.77, 1692.28, 1508.31, 1945.36, 1978.01, 1975.25], "(2, True)": [27.37, 36.79, 21.77, 24.69, 24.91, 27.08, 35.13], "(3, True)": [12.94, 16.67, 16.39, 14.1, 16.67, 16.7, 16.7], "(4, True)": [32.6, 29.95, 29.04, 28.98, 27.4, 29.15, 26.65], "(5, True)": [15.23, 15.54, 13.47, 18.52, 17.75, 18.63, 16.74], "(22, False)": [5.23, 6.84, 7.27, 4.289999999999999, 2.4899999999999984, 2.0700000000000003, 8.480000000000004], "health_condition": [1.0, 0.8333333333333334, 0.6666666666666666, 0.5, 0.3333333333333333, 0.16666666666666666, 0.0]}}