{"10": {"(1, True)": [1995.01, 1999.92, 1995.46, 1188.09], "(2, True)": [36.98, 36.98, 40.1, 40.1], "(3, True)": [16.59, 16.58, 16.58, 10.07], "(4, True)": [37.96, 41.46, 40.18, 41.62], "(5, True)": [21.62, 24.08, 25.18, 26.24], "(10, False)": [0.980000000000004, 4.480000000000004, 0.0799999999999983, 1.519999999999996], "health_condition": [1.0, 0.6666666666666666, 0.3333333333333333, 0.0]}}