{"10": {"(1, True)": [1998.97, 1998.74, 1992.47, 1998.59], "(2, True)": [39.7, 39.7, 39.7, 39.7], "(3, True)": [16.58, 16.57, 16.59, 16.58], "(4, True)": [40.79, 39.46, 40.84, 39.0], "(5, True)": [24.21, 24.21, 24.25, 23.51], "(10, False)": [1.0899999999999963, 0.240000000000002, 1.1400000000000006, 0.7000000000000028], "health_condition": [1.0, 0.6666666666666666, 0.3333333333333333, 0.0]}}