{"7": {"(2, True)": [53.44, 33.74, 30.76], "(4, True)": [33.24, 32.51, 25.73], "(3, True)": [13.98, 2.71, 16.7], "(5, True)": [16.91, 15.24, 15.57], "(1, True)": [1522.2, 126.28, 1932.7], "(7, False)": [20.199999999999996, 1.230000000000004, 5.030000000000001], "health_condition": [1.0, 0.5, 0.0]}}