{"7": {"(2, True)": [42.86, 33.75, 32.89, 29.93, 36.23, 42.36, 41.99, 34.38], "(3, True)": [12.45, 4.76, 16.72, 16.72, 16.75, 16.69, 16.75, 16.74], "(1, True)": [1344.46, 445.32, 1959.77, 1991.77, 1957.02, 1967.35, 1973.34, 1973.15], "(5, True)": [17.16, 17.96, 19.89, 20.39, 18.45, 19.92, 19.87, 20.35], "(4, True)": [32.68, 32.46, 29.9, 30.46, 28.78, 31.93, 31.68, 26.89], "(7, False)": [10.18, 1.2899999999999991, 2.990000000000002, 0.5300000000000011, 7.449999999999996, 10.43, 10.310000000000002, 7.490000000000002], "health_condition": [1.0, 0.8571428571428571, 0.7142857142857143, 0.5714285714285714, 0.42857142857142855, 0.2857142857142857, 0.14285714285714285, 0.0]}}