{"7": {"(1, True)": [1352.73, 1798.07], "(2, True)": [48.98, 34.19], "(3, True)": [13.84, 16.68], "(4, True)": [36.79, 26.49], "(5, True)": [18.39, 17.14], "(7, False)": [12.189999999999998, 7.699999999999999], "health_condition": [1.0, 0.0]}}