{"7": {"(5, True)": [21.31, 21.54, 22.74], "(3, True)": [14.47, 16.74, 16.75], "(4, True)": [36.25, 39.86, 38.6], "(2, True)": [39.1, 48.83, 44.56], "(1, True)": [1566.89, 1994.91, 1994.11], "(7, False)": [2.8500000000000014, 8.969999999999999, 5.960000000000001], "health_condition": [1.0, 0.5, 0.0]}}