{"7": {"(1, True)": [1479.28, 1389.92], "(2, True)": [55.46, 50.52], "(3, True)": [13.95, 15.98], "(4, True)": [39.44, 42.71], "(5, True)": [13.48, 12.48], "(7, False)": [16.020000000000003, 7.810000000000002], "health_condition": [1.0, 0.0]}}