{"7": {"(2, True)": [51.45, 38.89, 32.65, 34.87, 33.2, 33.2, 30.44, 28.6, 28.6, 28.6, 28.6, 32.26, 34.6, 33.77, 33.2, 33.55, 35.2, 35.59, 43.06, 18.4, 13.86, 19.22, 36.05, 37.03, 41.52, 34.48, 38.4, 41.3, 39.18, 35.2, 44.87, 36.35, 35.38], "(4, True)": [43.94, 34.25, 29.54, 31.66, 32.26, 29.98, 29.64, 32.82, 32.22, 32.2, 33.64, 32.39, 31.95, 31.77, 28.9, 31.84, 35.45, 34.18, 38.82, 15.28, 13.12, 17.76, 34.22, 36.32, 37.18, 35.05, 40.72, 37.71, 37.35, 33.66, 41.95, 33.88, 35.09], "(3, True)": [4.21, 12.78, 16.75, 16.76, 16.75, 16.75, 16.75, 16.74, 16.76, 16.76, 16.75, 16.77, 16.76, 16.75, 16.74, 16.75, 16.72, 16.63, 15.75, 16.12, 15.81, 15.85, 15.45, 15.74, 16.72, 16.73, 16.75, 16.76, 16.76, 16.18, 15.34, 15.91, 16.31], "(5, True)": [12.59, 12.66, 13.86, 14.01, 13.98, 14.7, 13.42, 13.19, 14.33, 14.77, 14.48, 14.84, 15.14, 14.44, 13.56, 13.85, 12.19, 11.27, 9.88, 10.88, 10.39, 9.27, 8.59, 9.49, 12.25, 12.33, 12.54, 11.7, 11.38, 9.59, 8.08, 8.91, 9.96], "(1, True)": [329.83, 1321.88, 1956.45, 1997.73, 1994.77, 2000.03, 1986.15, 1987.0, 2000.36, 1999.83, 2000.39, 2000.33, 1999.97, 1997.69, 1950.02, 1964.44, 1751.8, 1392.73, 932.99, 1119.0, 893.88, 982.27, 806.89, 1101.41, 1733.59, 1830.21, 1960.77, 1741.63, 1673.98, 1128.17, 679.35, 886.81, 1176.4], "(7, False)": [7.510000000000005, 4.640000000000001, 3.1099999999999994, 3.2099999999999973, 0.9400000000000048, 3.2200000000000024, 0.8000000000000007, 4.219999999999999, 3.6199999999999974, 3.6000000000000014, 5.039999999999999, 0.13000000000000256, 2.650000000000002, 2.0000000000000036, 4.300000000000004, 1.7099999999999973, 0.25, 1.4100000000000037, 4.240000000000002, 3.119999999999999, 0.7400000000000002, 1.4599999999999973, 1.8299999999999983, 0.7100000000000009, 4.340000000000003, 0.5700000000000003, 2.3200000000000003, 3.5899999999999963, 1.8299999999999983, 1.5400000000000063, 2.9199999999999946, 2.469999999999999, 0.28999999999999915], "health_condition": [1.0, 0.96875, 0.9375, 0.90625, 0.875, 0.84375, 0.8125, 0.78125, 0.75, 0.71875, 0.6875, 0.65625, 0.625, 0.59375, 0.5625, 0.53125, 0.5, 0.46875, 0.4375, 0.40625, 0.375, 0.34375, 0.3125, 0.28125, 0.25, 0.21875, 0.1875, 0.15625, 0.125, 0.09375, 0.0625, 0.03125, 0.0]}}