{"7": {"(2, True)": [57.77, 49.26], "(3, True)": [16.48, 15.49], "(1, True)": [1708.82, 1293.6], "(5, True)": [15.05, 11.97], "(4, True)": [45.74, 42.15], "(7, False)": [12.030000000000001, 7.109999999999999], "health_condition": [1.0, 0.0]}}