{"7": {"(3, True)": [10.09, 4.81, 1.25, 7.46], "(2, True)": [37.35, 39.17, 36.74, 39.08], "(1, True)": [905.57, 396.86, 39.31, 624.29], "(5, True)": [16.39, 19.04, 18.4, 20.99], "(4, True)": [37.76, 37.61, 38.14, 39.09], "(7, False)": [0.4099999999999966, 1.5600000000000023, 1.3999999999999986, 0.010000000000005116], "health_condition": [1.0, 0.6666666666666666, 0.3333333333333333, 0.0]}}