{"7": {"(2, True)": [35.59, 34.62, 47.16, 44.96, 41.4, 38.5, 40.35, 48.88, 45.6, 42.47, 44.1, 47.47, 44.39, 39.02, 48.85, 41.2, 49.13, 45.07, 40.38, 48.51, 51.61, 35.73, 38.08, 39.68, 41.3, 38.68, 40.23, 44.01, 39.35, 39.28, 38.85, 40.14, 40.63, 28.83, 10.09, 13.8, 25.61, 26.48, 31.78, 9.03, 358.08, 358.73, 2.74, 23.27, 41.45, 45.36, 38.21, 25.32, 7.46, 6.11, 350.3, 6.46, 2.46, 356.88, 4.76, 4.77, 3.84, 359.12, 2.36, 356.69, 10.02, 17.18, 27.44, 35.61, 18.73, 25.44], "(4, True)": [33.53, 35.76, 48.26, 42.49, 39.02, 37.89, 40.33, 48.73, 42.99, 38.81, 44.8, 46.72, 39.53, 40.27, 50.12, 41.99, 54.19, 47.31, 42.36, 50.94, 54.31, 32.0, 40.14, 40.07, 42.41, 42.98, 38.91, 44.74, 39.66, 39.33, 38.66, 44.33, 38.3, 30.77, 6.16, 16.89, 24.64, 23.49, 32.44, 354.84, 358.09, 359.61, 0.8, 27.6, 44.36, 47.38, 40.34, 22.54, 6.98, 6.86, 353.13, 5.71, 358.5, 357.94, 2.18, 3.37, 2.47, 358.08, 1.82, 357.05, 6.38, 17.84, 31.88, 31.55, 14.06, 30.07], "(3, True)": [4.09, 13.63, 14.36, 16.36, 16.69, 16.74, 16.15, 16.64, 16.03, 16.64, 14.39, 15.72, 16.69, 16.11, 14.76, 12.41, 13.85, 12.97, 14.92, 13.21, 12.59, 14.73, 14.69, 16.26, 16.46, 15.15, 14.96, 16.62, 16.72, 16.68, 15.89, 14.49, 13.52, 12.09, 13.44, 12.53, 12.71, 12.69, 11.7, 14.95, 13.46, 12.11, 13.09, 11.28, 11.13, 11.92, 11.37, 10.88, 11.75, 13.35, 12.17, 13.22, 14.58, 10.44, 13.96, 14.96, 12.98, 12.12, 14.52, 12.35, 11.58, 9.32, 13.48, 14.62, 12.3, 14.54], "(5, True)": [9.64, 6.82, 7.33, 10.05, 10.85, 10.7, 9.75, 10.34, 9.96, 10.83, 7.66, 8.77, 10.04, 9.33, 7.76, 5.91, 6.97, 6.43, 7.65, 6.52, 6.15, 8.0, 8.09, 8.62, 8.85, 7.58, 7.88, 9.25, 9.96, 9.23, 8.7, 7.46, 6.73, 6.05, 6.58, 6.14, 5.94, 6.21, 5.75, 7.77, 6.81, 5.71, 6.42, 5.26, 5.25, 5.68, 5.46, 4.93, 5.61, 6.57, 5.8, 6.92, 7.43, 6.06, 7.05, 7.58, 6.31, 5.94, 7.89, 5.85, 8.66, 5.91, 8.42, 7.59, 7.58, 7.87], "(1, True)": [218.28, 310.57, 478.04, 1232.06, 1388.77, 1326.12, 1099.51, 1315.95, 1182.46, 1382.4, 576.35, 770.69, 1177.33, 930.51, 534.62, 217.14, 359.63, 290.38, 514.72, 287.13, 273.36, 478.02, 616.85, 719.52, 762.74, 501.2, 474.83, 967.0, 1115.77, 876.28, 738.38, 497.97, 311.08, 247.35, 353.81, 194.94, 259.08, 264.11, 145.99, 504.73, 375.1, 237.08, 294.15, 123.6, 129.34, 206.71, 130.65, 112.08, 172.99, 320.66, 215.37, 396.4, 484.27, 209.23, 397.57, 534.55, 232.85, 161.45, 551.19, 253.17, 590.13, 67.77, 656.26, 529.29, 298.81, 378.12], "(7, False)": [2.0600000000000023, 1.1400000000000006, 1.1000000000000014, 2.469999999999999, 2.3799999999999955, 0.6099999999999994, 0.020000000000003126, 0.15000000000000568, 2.6099999999999994, 3.6599999999999966, 0.6999999999999957, 0.75, 4.859999999999999, 1.25, 1.269999999999996, 0.7899999999999991, 5.059999999999995, 2.240000000000002, 1.9799999999999969, 2.4299999999999997, 2.700000000000003, 3.729999999999997, 2.0600000000000023, 0.39000000000000057, 1.1099999999999994, 4.299999999999997, 1.3200000000000003, 0.730000000000004, 0.30999999999999517, 0.04999999999999716, 0.19000000000000483, 4.189999999999998, 2.3300000000000054, 1.9400000000000013, 3.9299999999999997, 3.09, 0.9699999999999989, 2.990000000000002, 0.6599999999999966, 14.189999999999998, 0.009999999999990905, 0.8799999999999955, 1.9400000000000002, 4.330000000000002, 2.9099999999999966, 2.020000000000003, 2.1300000000000026, 2.780000000000001, 0.47999999999999954, 0.75, 2.829999999999984, 0.75, 3.9599999999999795, 1.0600000000000023, 2.5799999999999996, 1.3999999999999995, 1.3699999999999997, 1.0400000000000205, 0.5399999999999998, 0.36000000000001364, 3.6399999999999997, 0.6600000000000001, 4.439999999999998, 4.059999999999999, 4.67, 4.629999999999999], "health_condition": [1.0, 0.9846153846153847, 0.9692307692307692, 0.9538461538461539, 0.9384615384615385, 0.9230769230769231, 0.9076923076923077, 0.8923076923076924, 0.8769230769230769, 0.8615384615384616, 0.8461538461538461, 0.8307692307692308, 0.8153846153846154, 0.8, 0.7846153846153846, 0.7692307692307693, 0.7538461538461538, 0.7384615384615385, 0.7230769230769231, 0.7076923076923077, 0.6923076923076923, 0.676923076923077, 0.6615384615384615, 0.6461538461538462, 0.6307692307692307, 0.6153846153846154, 0.6, 0.5846153846153846, 0.5692307692307692, 0.5538461538461539, 0.5384615384615384, 0.5230769230769231, 0.5076923076923077, 0.49230769230769234, 0.47692307692307695, 0.46153846153846156, 0.4461538461538462, 0.4307692307692308, 0.4153846153846154, 0.4, 0.38461538461538464, 0.36923076923076925, 0.35384615384615387, 0.3384615384615385, 0.3230769230769231, 0.3076923076923077, 0.2923076923076923, 0.27692307692307694, 0.26153846153846155, 0.24615384615384617, 0.23076923076923078, 0.2153846153846154, 0.2, 0.18461538461538463, 0.16923076923076924, 0.15384615384615385, 0.13846153846153847, 0.12307692307692308, 0.1076923076923077, 0.09230769230769231, 0.07692307692307693, 0.06153846153846154, 0.046153846153846156, 0.03076923076923077, 0.015384615384615385, 0.0]}}