{"7": {"(2, True)": [41.1, 44.96, 36.43, 28.43, 25.7, 21.08, 23.23, 27.49, 35.38, 36.1, 34.8, 36.97, 54.14], "(4, True)": [42.56, 39.8, 31.18, 25.36, 21.04, 20.48, 30.79, 26.36, 29.94, 32.66, 35.53, 32.71, 44.52], "(3, True)": [5.08, 11.7, 16.72, 16.74, 16.75, 16.76, 16.76, 16.71, 16.73, 16.73, 16.75, 16.7, 16.65], "(5, True)": [11.44, 11.84, 12.77, 14.29, 16.35, 20.24, 22.17, 22.73, 23.31, 24.74, 22.5, 18.65, 13.47], "(1, True)": [417.47, 955.63, 1648.66, 1933.81, 1935.57, 1957.46, 1972.62, 1965.86, 1928.99, 1999.34, 2000.2, 1837.3, 1578.85], "(7, False)": [1.4600000000000009, 5.160000000000004, 5.25, 3.0700000000000003, 4.66, 0.5999999999999979, 7.559999999999999, 1.129999999999999, 5.440000000000001, 3.440000000000005, 0.730000000000004, 4.259999999999998, 9.619999999999997], "health_condition": [1.0, 0.9166666666666666, 0.8333333333333334, 0.75, 0.6666666666666666, 0.5833333333333334, 0.5, 0.4166666666666667, 0.3333333333333333, 0.25, 0.16666666666666666, 0.08333333333333333, 0.0]}}