{"7": {"(1, True)": [302.37, 1095.38, 1972.99, 1992.81, 1910.16], "(2, True)": [72.44, 44.78, 39.92, 42.25, 39.83], "(3, True)": [5.6, 10.56, 16.74, 16.75, 16.73], "(4, True)": [58.82, 41.8, 39.06, 36.74, 37.49], "(5, True)": [12.26, 15.58, 14.63, 14.76, 13.03], "(7, False)": [13.619999999999997, 2.980000000000004, 0.8599999999999994, 5.509999999999998, 2.3399999999999963], "health_condition": [1.0, 0.75, 0.5, 0.25, 0.0]}}