{"7": {"(2, True)": [35.96, 29.79, 26.68, 30.08, 30.78, 26.47], "(3, True)": [7.88, 16.09, 16.38, 16.41, 16.23, 16.17], "(1, True)": [417.19, 1128.09, 1226.03, 1217.9, 1124.52, 1232.08], "(5, True)": [8.79, 9.96, 10.23, 10.14, 10.04, 10.24], "(4, True)": [35.26, 26.78, 28.67, 26.65, 26.3, 24.6], "(7, False)": [0.7000000000000028, 3.009999999999998, 1.990000000000002, 3.4299999999999997, 4.48, 1.8699999999999974], "health_condition": [1.0, 0.8, 0.6, 0.4, 0.2, 0.0]}}