{"7": {"(5, True)": [8.47, 10.51, 10.66, 13.81, 15.32, 16.12, 16.74, 15.93, 17.35, 15.66, 13.48], "(3, True)": [10.48, 5.45, 16.33, 16.73, 16.74, 16.74, 16.74, 16.73, 16.72, 16.72, 16.69], "(4, True)": [57.96, 43.84, 57.58, 50.43, 43.83, 39.63, 42.2, 41.15, 36.56, 37.83, 47.73], "(2, True)": [62.87, 43.1, 63.23, 64.35, 46.84, 45.66, 43.78, 41.85, 41.85, 40.81, 57.29], "(1, True)": [520.71, 281.98, 1229.67, 1896.38, 1986.03, 1963.38, 1996.69, 1984.36, 1981.78, 1941.93, 1745.45], "(7, False)": [4.909999999999997, 0.740000000000002, 5.649999999999999, 13.919999999999995, 3.010000000000005, 6.029999999999994, 1.5799999999999983, 0.7000000000000028, 5.289999999999999, 2.980000000000004, 9.560000000000002], "health_condition": [1.0, 0.9, 0.8, 0.7, 0.6, 0.5, 0.4, 0.3, 0.2, 0.1, 0.0]}}