{"7": {"(2, True)": [51.02, 35.7, 40.97, 39.56, 30.99, 29.52, 42.59, 34.01, 31.36, 35.75, 30.81], "(4, True)": [36.86, 33.93, 31.9, 29.24, 26.53, 27.25, 34.64, 28.84, 26.35, 28.71, 26.93], "(3, True)": [15.33, 1.71, 16.72, 16.74, 16.75, 16.72, 16.72, 16.71, 16.72, 16.69, 16.65], "(5, True)": [15.62, 17.78, 15.21, 16.19, 13.31, 13.74, 13.16, 13.5, 14.29, 14.05, 13.2], "(1, True)": [1663.64, 61.42, 1938.74, 1983.41, 1888.53, 1924.15, 1821.71, 1853.96, 1901.0, 1853.55, 1777.64], "(7, False)": [14.160000000000004, 1.7700000000000031, 9.07, 10.320000000000004, 4.459999999999997, 2.2699999999999996, 7.950000000000003, 5.169999999999998, 5.009999999999998, 7.039999999999999, 3.879999999999999], "health_condition": [1.0, 0.9, 0.8, 0.7, 0.6, 0.5, 0.4, 0.3, 0.2, 0.1, 0.0]}}