{"7": {"(2, True)": [36.82, 40.57], "(3, True)": [10.18, 13.34], "(1, True)": [934.35, 1198.09], "(5, True)": [17.5, 17.95], "(4, True)": [36.81, 37.16], "(7, False)": [0.00999999999999801, 3.4100000000000037], "health_condition": [1.0, 0.0]}}