{"7": {"(2, True)": [36.16, 25.23], "(3, True)": [2.14, 13.69], "(1, True)": [22.29, 1161.47], "(5, True)": [14.71, 13.35], "(4, True)": [29.84, 22.22], "(7, False)": [6.319999999999997, 3.0100000000000016], "health_condition": [1.0, 0.0]}}