{"7": {"(1, True)": [1011.83, 355.39], "(2, True)": [64.62, 46.96], "(3, True)": [11.87, 9.57], "(4, True)": [55.01, 46.52], "(5, True)": [12.95, 8.52], "(7, False)": [9.610000000000007, 0.4399999999999977], "health_condition": [1.0, 0.0]}}