{"7": {"(2, True)": [13.32, 38.96, 52.76, 35.75, 46.46, 53.61, 55.87, 50.45, 50.22, 43.74, 41.73, 45.4, 46.8, 44.25, 41.48, 37.01, 41.75], "(3, True)": [7.39, 5.12, 9.62, 10.13, 10.49, 10.9, 10.4, 14.1, 16.26, 16.64, 15.61, 16.11, 16.75, 16.76, 16.74, 16.68, 16.68], "(1, True)": [333.81, 39.82, 84.94, 92.17, 130.96, 154.44, 97.09, 459.92, 776.37, 923.09, 627.26, 1029.18, 1775.11, 1978.67, 1966.22, 1739.26, 1641.25], "(5, True)": [9.31, 5.5, 4.44, 4.46, 4.94, 5.2, 4.76, 7.11, 8.39, 9.17, 8.03, 9.04, 11.95, 13.93, 13.95, 12.61, 13.01], "(4, True)": [14.06, 49.92, 55.66, 35.88, 50.83, 53.83, 55.24, 50.15, 49.59, 42.65, 42.4, 47.52, 48.39, 44.86, 37.92, 33.86, 37.68], "(7, False)": [0.7400000000000002, 10.96, 2.8999999999999986, 0.13000000000000256, 4.369999999999997, 0.21999999999999886, 0.6299999999999955, 0.30000000000000426, 0.6299999999999955, 1.0900000000000034, 0.6700000000000017, 2.1200000000000045, 1.5900000000000034, 0.6099999999999994, 3.559999999999995, 3.1499999999999986, 4.07], "health_condition": [1.0, 0.9375, 0.875, 0.8125, 0.75, 0.6875, 0.625, 0.5625, 0.5, 0.4375, 0.375, 0.3125, 0.25, 0.1875, 0.125, 0.0625, 0.0]}}