{"7": {"(1, True)": [257.53, 305.91, 611.97, 693.05], "(2, True)": [23.59, 19.65, 29.39, 21.38], "(3, True)": [9.7, 10.11, 15.57, 14.92], "(4, True)": [25.85, 21.71, 31.71, 21.8], "(5, True)": [8.66, 11.93, 10.34, 10.2], "(7, False)": [2.2600000000000016, 2.0600000000000023, 2.3200000000000003, 0.4200000000000017], "health_condition": [1.0, 0.6666666666666666, 0.3333333333333333, 0.0]}}