{"7": {"(2, True)": [61.02, 36.91, 38.22, 35.78, 27.34, 39.67, 28.76, 20.74, 26.43, 27.52, 29.74, 33.95, 32.72, 29.15, 29.42, 30.2, 31.53, 46.42], "(4, True)": [50.3, 33.08, 29.64, 27.18, 28.79, 27.88, 25.28, 19.79, 21.53, 25.81, 28.49, 27.9, 25.17, 25.03, 24.94, 28.01, 31.37, 36.22], "(3, True)": [5.88, 11.86, 16.74, 16.76, 16.74, 16.72, 16.72, 16.71, 16.73, 16.73, 16.75, 16.75, 16.73, 16.74, 16.72, 16.75, 16.72, 16.68], "(5, True)": [11.7, 14.73, 15.25, 14.55, 14.14, 15.95, 15.79, 14.61, 16.04, 16.59, 15.32, 16.65, 16.88, 16.21, 15.77, 18.05, 19.16, 17.45], "(1, True)": [507.39, 1214.84, 1970.94, 1869.43, 1844.47, 1934.7, 1949.67, 1922.49, 1964.58, 1996.02, 1983.37, 1994.39, 1993.3, 1970.57, 1966.12, 2000.54, 1976.5, 1971.72], "(7, False)": [10.720000000000006, 3.8299999999999983, 8.579999999999998, 8.600000000000001, 1.4499999999999993, 11.790000000000003, 3.4800000000000004, 0.9499999999999993, 4.899999999999999, 1.7100000000000009, 1.25, 6.050000000000004, 7.549999999999997, 4.119999999999997, 4.48, 2.1899999999999977, 0.16000000000000014, 10.200000000000003], "health_condition": [1.0, 0.9411764705882353, 0.8823529411764706, 0.8235294117647058, 0.7647058823529411, 0.7058823529411765, 0.6470588235294118, 0.5882352941176471, 0.5294117647058824, 0.47058823529411764, 0.4117647058823529, 0.35294117647058826, 0.29411764705882354, 0.23529411764705882, 0.17647058823529413, 0.11764705882352941, 0.058823529411764705, 0.0]}}