{"7": {"(5, True)": [15.33, 14.34, 14.49, 14.53], "(3, True)": [12.24, 4.79, 16.75, 16.74], "(2, True)": [63.62, 44.5, 42.42, 38.69], "(4, True)": [50.22, 44.62, 36.82, 37.55], "(1, True)": [1293.72, 421.42, 1960.15, 1981.68], "(7, False)": [13.399999999999999, 0.11999999999999744, 5.600000000000001, 1.1400000000000006], "health_condition": [1.0, 0.6666666666666666, 0.3333333333333333, 0.0]}}