{"7": {"(2, True)": [63.93, 65.68, 56.38], "(4, True)": [56.66, 50.9, 49.96], "(3, True)": [8.17, 7.02, 16.58], "(5, True)": [10.39, 13.75, 11.75], "(1, True)": [423.97, 541.91, 1079.23], "(7, False)": [7.270000000000003, 14.780000000000008, 6.420000000000002], "health_condition": [1.0, 0.5, 0.0]}}