{"7": {"(5, True)": [11.53, 16.44, 20.0, 19.92, 21.01], "(3, True)": [11.18, 16.08, 16.76, 16.75, 16.75], "(2, True)": [12.53, 59.07, 68.3, 64.37, 56.39], "(4, True)": [19.09, 64.15, 66.11, 64.19, 49.65], "(1, True)": [847.06, 1777.64, 2000.59, 2000.53, 2000.35], "(7, False)": [6.5600000000000005, 5.080000000000005, 2.1899999999999977, 0.18000000000000682, 6.740000000000002], "health_condition": [1.0, 0.75, 0.5, 0.25, 0.0]}}