{"7": {"(2, True)": [47.46, 25.23, 27.82], "(4, True)": [46.2, 32.2, 26.97], "(3, True)": [16.1, 11.25, 7.41], "(5, True)": [10.12, 10.45, 10.57], "(1, True)": [975.75, 624.35, 164.58], "(7, False)": [1.259999999999998, 6.970000000000002, 0.8500000000000014], "health_condition": [1.0, 0.5, 0.0]}}