{"7": {"(5, True)": [12.12, 19.22, 16.9], "(3, True)": [7.15, 9.67, 16.72], "(4, True)": [51.88, 39.43, 34.25], "(2, True)": [58.95, 41.27, 39.46], "(1, True)": [670.19, 1033.9, 1966.66], "(7, False)": [7.07, 1.8400000000000034, 5.210000000000001], "health_condition": [1.0, 0.5, 0.0]}}