{"7": {"(3, True)": [14.74, 16.74, 16.71, 16.73, 16.75, 16.76, 16.73, 16.74, 16.72, 16.69, 16.71, 16.71, 16.63, 16.26, 1.07, 16.72, 16.73, 16.7], "(2, True)": [36.5, 33.9, 30.46, 29.78, 31.95, 32.1, 29.02, 27.21, 24.4, 24.4, 24.4, 24.4, 27.33, 28.82, 38.16, 35.6, 32.07, 29.15], "(1, True)": [1501.81, 1976.12, 1969.23, 1994.71, 2000.87, 2000.61, 1986.99, 1974.59, 1971.44, 1976.72, 1972.24, 1968.9, 1898.99, 1709.97, 15.92, 1972.44, 1989.97, 1935.02], "(5, True)": [16.33, 17.81, 17.93, 19.56, 18.77, 19.78, 18.89, 17.66, 16.7, 18.85, 19.16, 18.04, 16.77, 16.44, 20.24, 21.37, 21.48, 19.69], "(4, True)": [35.78, 33.8, 30.13, 30.95, 28.34, 30.99, 31.34, 27.54, 22.56, 25.66, 24.68, 24.2, 26.54, 29.33, 38.8, 30.6, 30.66, 33.2], "(7, False)": [0.7199999999999989, 0.10000000000000142, 0.33000000000000185, 1.1699999999999982, 3.6099999999999994, 1.110000000000003, 2.3200000000000003, 0.3299999999999983, 1.8399999999999999, 1.2600000000000016, 0.28000000000000114, 0.1999999999999993, 0.7899999999999991, 0.509999999999998, 0.6400000000000006, 5.0, 1.4100000000000001, 4.050000000000004], "health_condition": [1.0, 0.9411764705882353, 0.8823529411764706, 0.8235294117647058, 0.7647058823529411, 0.7058823529411765, 0.6470588235294118, 0.5882352941176471, 0.5294117647058824, 0.47058823529411764, 0.4117647058823529, 0.35294117647058826, 0.29411764705882354, 0.23529411764705882, 0.17647058823529413, 0.11764705882352941, 0.058823529411764705, 0.0]}}