{"7": {"(1, True)": [926.38, 674.44, 1112.98, 1905.99], "(2, True)": [33.06, 48.68, 45.52, 43.27], "(3, True)": [9.75, 8.48, 10.53, 16.7], "(4, True)": [34.03, 44.66, 35.38, 35.65], "(5, True)": [12.79, 12.94, 15.92, 14.69], "(7, False)": [0.9699999999999989, 4.020000000000003, 10.14, 7.6200000000000045], "health_condition": [1.0, 0.6666666666666666, 0.3333333333333333, 0.0]}}