{"7": {"(5, True)": [11.37, 8.72, 5.8, 5.64, 6.99, 4.45, 3.98, 5.65, 7.07, 8.03, 5.37, 5.85, 5.93, 6.81, 6.09, 7.61, 6.65, 5.33, 5.39, 5.96, 5.27, 4.45, 4.6, 4.72, 6.11, 7.22, 7.79, 8.19, 10.01, 10.07, 9.14, 8.94, 6.57, 7.64, 8.45, 8.78, 8.55, 8.77, 10.29, 9.25, 8.38, 10.05, 10.07, 11.96, 10.81], "(3, True)": [16.48, 1.11, 9.25, 12.24, 13.59, 10.97, 10.07, 11.66, 13.57, 14.92, 11.73, 12.05, 12.29, 13.49, 13.11, 14.72, 13.8, 12.1, 11.65, 12.17, 11.6, 10.36, 10.9, 10.67, 12.41, 14.29, 15.25, 15.73, 16.77, 16.77, 16.75, 16.66, 13.81, 15.21, 16.18, 16.54, 16.44, 16.68, 16.77, 15.96, 15.47, 16.27, 16.17, 16.54, 16.46], "(4, True)": [52.5, 61.45, 60.92, 57.5, 57.99, 59.94, 66.7, 56.91, 39.76, 40.58, 51.75, 51.0, 56.05, 60.79, 50.61, 58.38, 58.03, 61.15, 61.45, 63.63, 64.1, 80.39, 81.96, 84.33, 66.29, 45.82, 48.31, 44.95, 46.24, 46.28, 41.03, 39.83, 47.2, 51.78, 47.17, 46.24, 51.2, 53.12, 42.62, 42.81, 47.81, 41.2, 48.47, 44.04, 47.14], "(2, True)": [55.18, 61.03, 56.36, 56.4, 56.71, 58.23, 62.69, 59.87, 36.99, 42.15, 51.81, 46.97, 50.87, 57.91, 50.72, 55.21, 56.33, 57.08, 53.96, 60.4, 57.32, 77.7, 81.67, 80.41, 66.22, 49.71, 48.04, 47.72, 46.2, 46.2, 43.24, 44.1, 48.27, 52.5, 49.8, 46.5, 49.05, 51.6, 46.87, 41.53, 44.01, 44.77, 52.14, 52.11, 51.61], "(1, True)": [1398.87, 22.67, 130.4, 249.06, 420.95, 93.96, 26.12, 225.55, 348.34, 562.93, 205.01, 194.16, 272.44, 371.22, 243.03, 610.15, 420.09, 213.12, 224.67, 255.97, 183.18, 108.49, 142.66, 146.87, 303.15, 505.1, 569.79, 661.97, 1146.33, 1251.24, 897.57, 847.27, 356.94, 525.34, 673.11, 734.65, 687.0, 733.17, 1254.51, 1077.5, 753.71, 1279.95, 1227.8, 1593.98, 1390.76], "(7, False)": [2.6799999999999997, 0.4200000000000017, 4.560000000000002, 1.1000000000000014, 1.2800000000000011, 1.7100000000000009, 4.010000000000005, 2.960000000000001, 2.769999999999996, 1.5700000000000003, 0.060000000000002274, 4.030000000000001, 5.18, 2.8800000000000026, 0.10999999999999943, 3.1700000000000017, 1.7000000000000028, 4.07, 7.490000000000002, 3.230000000000004, 6.779999999999994, 2.6899999999999977, 0.28999999999999204, 3.9200000000000017, 0.07000000000000739, 3.8900000000000006, 0.2700000000000031, 2.769999999999996, 0.03999999999999915, 0.0799999999999983, 2.210000000000001, 4.270000000000003, 1.0700000000000003, 0.7199999999999989, 2.6299999999999955, 0.259999999999998, 2.1500000000000057, 1.519999999999996, 4.25, 1.2800000000000011, 3.8000000000000043, 3.5700000000000003, 3.6700000000000017, 8.07, 4.469999999999999], "health_condition": [1.0, 0.9772727272727273, 0.9545454545454546, 0.9318181818181818, 0.9090909090909091, 0.8863636363636364, 0.8636363636363636, 0.8409090909090909, 0.8181818181818182, 0.7954545454545454, 0.7727272727272727, 0.75, 0.7272727272727273, 0.7045454545454546, 0.6818181818181818, 0.6590909090909091, 0.6363636363636364, 0.6136363636363636, 0.5909090909090909, 0.5681818181818182, 0.5454545454545454, 0.5227272727272727, 0.5, 0.4772727272727273, 0.45454545454545453, 0.4318181818181818, 0.4090909090909091, 0.38636363636363635, 0.36363636363636365, 0.3409090909090909, 0.3181818181818182, 0.29545454545454547, 0.2727272727272727, 0.25, 0.22727272727272727, 0.20454545454545456, 0.18181818181818182, 0.1590909090909091, 0.13636363636363635, 0.11363636363636363, 0.09090909090909091, 0.06818181818181818, 0.045454545454545456, 0.022727272727272728, 0.0]}}