{"7": {"(2, True)": [53.98, 50.43, 42.82, 41.27, 41.87, 42.2, 46.22, 37.63, 32.09, 40.04, 47.63, 54.27, 59.73, 59.22, 53.28, 59.14, 56.98, 51.77, 48.36, 47.46, 46.47, 48.26, 48.85, 47.12, 44.1, 45.26, 40.08, 28.32, 33.7, 44.02, 38.94, 37.0, 33.87, 30.7, 32.77, 32.4, 29.85, 32.62, 35.45, 35.6, 34.05, 34.5, 33.98, 33.7, 36.15, 36.3, 36.3, 36.3, 41.9, 39.83, 41.89, 37.12, 34.58, 42.57, 45.69], "(4, True)": [47.33, 42.42, 42.78, 41.61, 39.32, 42.8, 43.89, 37.07, 29.83, 43.21, 49.57, 57.22, 60.45, 56.88, 54.29, 59.9, 56.61, 49.87, 48.29, 47.44, 45.69, 46.39, 47.14, 43.11, 43.7, 41.14, 38.64, 28.93, 32.2, 38.48, 33.58, 35.02, 33.65, 31.14, 32.87, 31.63, 33.37, 32.32, 33.48, 33.65, 34.16, 37.5, 33.42, 34.43, 35.65, 36.11, 37.06, 36.03, 35.46, 34.17, 35.02, 37.22, 37.48, 35.8, 37.54], "(3, True)": [7.27, 13.74, 16.77, 16.73, 16.73, 16.37, 16.41, 15.5, 14.34, 12.88, 13.96, 15.47, 14.89, 15.45, 15.96, 12.61, 12.18, 15.81, 14.14, 15.26, 16.21, 16.37, 16.41, 16.76, 16.74, 16.75, 16.47, 15.28, 15.47, 16.68, 16.73, 16.75, 16.74, 16.73, 16.75, 16.74, 16.74, 16.75, 16.74, 16.74, 16.74, 16.76, 16.75, 16.76, 16.73, 16.74, 16.74, 16.75, 16.75, 16.75, 16.74, 16.75, 16.73, 16.76, 16.67], "(5, True)": [11.65, 11.63, 12.3, 12.06, 11.73, 10.18, 9.99, 8.27, 7.28, 6.3, 7.05, 7.92, 7.38, 8.23, 8.87, 6.06, 5.84, 8.31, 6.85, 7.68, 8.83, 9.57, 9.31, 11.31, 10.79, 12.07, 10.24, 8.81, 8.37, 12.04, 14.09, 13.61, 13.0, 12.85, 13.37, 14.64, 13.63, 12.84, 13.42, 13.23, 13.53, 13.17, 12.54, 12.18, 13.29, 14.1, 15.22, 15.33, 15.41, 16.99, 18.49, 18.26, 18.41, 18.69, 17.16], "(1, True)": [503.89, 1343.48, 1761.67, 1748.24, 1633.22, 1226.92, 1189.32, 697.99, 443.59, 284.47, 451.3, 550.39, 475.13, 656.81, 826.43, 306.34, 237.48, 698.63, 374.41, 522.32, 740.93, 998.75, 987.25, 1536.3, 1428.76, 1651.17, 1193.44, 752.85, 724.41, 1663.9, 1967.07, 1971.06, 1859.02, 1845.13, 1916.26, 1970.64, 1898.52, 1717.81, 1960.29, 1871.05, 1939.65, 1883.71, 1898.48, 1767.74, 1925.36, 1977.19, 1974.08, 1993.72, 1986.7, 1994.9, 2000.78, 2001.39, 1994.44, 1996.54, 1890.37], "(7, False)": [6.649999999999999, 8.009999999999998, 0.03999999999999915, 0.3399999999999963, 2.549999999999997, 0.5999999999999943, 2.3299999999999983, 0.5600000000000023, 2.260000000000005, 3.1700000000000017, 1.9399999999999977, 2.9499999999999957, 0.720000000000006, 2.3399999999999963, 1.009999999999998, 0.759999999999998, 0.36999999999999744, 1.9000000000000057, 0.07000000000000028, 0.020000000000003126, 0.7800000000000011, 1.8699999999999974, 1.7100000000000009, 4.009999999999998, 0.3999999999999986, 4.119999999999997, 1.4399999999999977, 0.6099999999999994, 1.5, 5.540000000000006, 5.359999999999999, 1.9799999999999969, 0.21999999999999886, 0.4400000000000013, 0.09999999999999432, 0.7699999999999996, 3.519999999999996, 0.29999999999999716, 1.970000000000006, 1.9500000000000028, 0.10999999999999943, 3.0, 0.5599999999999952, 0.7299999999999969, 0.5, 0.18999999999999773, 0.7600000000000051, 0.269999999999996, 6.439999999999998, 5.659999999999997, 6.869999999999997, 0.10000000000000142, 2.8999999999999986, 6.770000000000003, 8.149999999999999], "health_condition": [1.0, 0.9814814814814815, 0.9629629629629629, 0.9444444444444444, 0.9259259259259259, 0.9074074074074074, 0.8888888888888888, 0.8703703703703703, 0.8518518518518519, 0.8333333333333334, 0.8148148148148148, 0.7962962962962963, 0.7777777777777778, 0.7592592592592593, 0.7407407407407407, 0.7222222222222222, 0.7037037037037037, 0.6851851851851852, 0.6666666666666666, 0.6481481481481481, 0.6296296296296297, 0.6111111111111112, 0.5925925925925926, 0.5740740740740741, 0.5555555555555556, 0.5370370370370371, 0.5185185185185185, 0.5, 0.48148148148148145, 0.46296296296296297, 0.4444444444444444, 0.42592592592592593, 0.4074074074074074, 0.3888888888888889, 0.37037037037037035, 0.35185185185185186, 0.3333333333333333, 0.3148148148148148, 0.2962962962962963, 0.2777777777777778, 0.25925925925925924, 0.24074074074074073, 0.2222222222222222, 0.2037037037037037, 0.18518518518518517, 0.16666666666666666, 0.14814814814814814, 0.12962962962962962, 0.1111111111111111, 0.09259259259259259, 0.07407407407407407, 0.05555555555555555, 0.037037037037037035, 0.018518518518518517, 0.0]}}