{"7": {"(5, True)": [16.88, 19.07, 21.2, 21.64, 20.79, 18.86, 21.32, 22.44, 21.15, 21.29, 20.46, 20.23, 19.25, 15.21], "(3, True)": [9.22, 6.43, 16.73, 16.75, 16.72, 16.7, 16.75, 16.74, 16.75, 16.75, 16.73, 16.75, 9.25, 16.66], "(4, True)": [48.98, 35.62, 34.12, 34.04, 36.54, 33.45, 40.07, 37.85, 39.19, 37.36, 35.03, 36.07, 35.1, 42.91], "(2, True)": [62.68, 37.4, 36.57, 33.65, 36.84, 36.67, 52.55, 45.42, 37.12, 36.43, 36.9, 35.27, 37.45, 51.07], "(1, True)": [1026.77, 543.53, 1996.69, 1990.74, 1995.25, 1961.78, 1993.63, 1992.33, 1980.09, 1993.99, 1987.17, 1993.73, 1107.4, 1893.61], "(7, False)": [13.700000000000003, 1.7800000000000011, 2.450000000000003, 0.39000000000000057, 0.30000000000000426, 3.219999999999999, 12.479999999999997, 7.57, 2.0700000000000003, 0.9299999999999997, 1.8699999999999974, 0.7999999999999972, 2.3500000000000014, 8.160000000000004], "health_condition": [1.0, 0.9230769230769231, 0.8461538461538461, 0.7692307692307693, 0.6923076923076923, 0.6153846153846154, 0.5384615384615384, 0.46153846153846156, 0.38461538461538464, 0.3076923076923077, 0.23076923076923078, 0.15384615384615385, 0.07692307692307693, 0.0]}}