{"7": {"(1, True)": [1530.81, 704.6, 1895.35, 1959.22, 1729.6, 1523.57, 1703.39, 1630.17, 1815.86, 1860.08, 1861.7], "(2, True)": [34.3, 34.01, 29.23, 32.06, 36.52, 30.49, 38.97, 33.2, 29.33, 28.75, 27.1], "(3, True)": [16.11, 7.2, 16.7, 16.72, 16.71, 16.66, 16.67, 16.65, 16.72, 16.74, 16.71], "(4, True)": [31.59, 32.66, 28.3, 24.56, 28.77, 29.5, 30.87, 27.92, 23.45, 22.09, 23.07], "(5, True)": [12.07, 13.77, 13.72, 14.97, 12.79, 11.73, 12.43, 12.11, 12.89, 13.77, 13.4], "(7, False)": [2.7099999999999973, 1.3500000000000014, 0.9299999999999997, 7.5000000000000036, 7.7500000000000036, 0.9899999999999984, 8.099999999999998, 5.280000000000001, 5.879999999999999, 6.66, 4.030000000000001], "health_condition": [1.0, 0.9, 0.8, 0.7, 0.6, 0.5, 0.4, 0.3, 0.2, 0.1, 0.0]}}