{"7": {"(5, True)": [12.43, 10.1, 12.18], "(3, True)": [13.59, 5.53, 16.68], "(4, True)": [55.67, 52.45, 55.02], "(2, True)": [64.26, 57.89, 62.2], "(1, True)": [1297.54, 399.82, 1585.03], "(7, False)": [8.590000000000003, 5.439999999999998, 7.18], "health_condition": [1.0, 0.5, 0.0]}}