{"7": {"(1, True)": [482.02, 651.96, 1045.64, 1325.13, 1490.61, 1300.67, 1627.33, 1883.21, 1968.63, 1850.18, 775.87, 586.42, 929.98, 1105.96, 890.9, 651.19, 588.87, 746.5, 834.37, 880.32, 807.69, 511.58, 595.08, 728.25, 1024.85, 1127.17, 1188.49, 1168.2, 1061.33, 953.69, 751.62, 551.83, 481.89, 282.66, 26.23, 66.47, 121.84, 82.15, 13.32, 4.48, 5.23, 63.52, 30.75, 12.07, 38.34, 56.91, 70.62, 89.89, 292.49, 305.32, 220.43, 270.81, 1065.88, 601.63, 397.62, 1219.42, 950.14, 684.78, 498.45, 886.6, 792.34], "(2, True)": [70.59, 72.24, 67.35, 67.2, 67.2, 64.58, 58.65, 54.6, 54.4, 54.2, 54.9, 58.56, 57.82, 54.9, 54.75, 56.6, 61.52, 65.25, 65.4, 67.8, 70.7, 68.08, 67.2, 69.1, 65.2, 63.7, 63.7, 60.26, 57.4, 57.4, 57.4, 57.4, 57.4, 60.12, 76.94, 53.4, 64.0, 61.2, 58.4, 69.01, 84.11, 73.64, 77.76, 90.22, 72.7, 64.92, 44.4, 35.15, 49.16, 59.9, 59.53, 60.3, 48.83, 55.56, 58.25, 54.9, 48.49, 39.26, 44.93, 51.96, 41.12], "(3, True)": [7.17, 9.63, 16.33, 16.68, 16.77, 16.76, 16.77, 16.76, 16.75, 16.76, 15.62, 14.95, 16.65, 16.78, 16.72, 16.2, 15.83, 16.52, 16.72, 16.79, 16.73, 15.21, 15.9, 16.47, 16.79, 16.79, 16.78, 16.78, 16.78, 16.78, 16.51, 15.48, 15.06, 13.76, 8.19, 9.43, 10.08, 9.99, 9.99, 9.63, 4.87, 10.1, 9.98, 8.75, 8.45, 10.06, 10.18, 10.88, 12.7, 12.34, 11.85, 12.08, 16.15, 14.79, 14.14, 16.02, 15.86, 15.03, 14.0, 15.6, 15.58], "(4, True)": [65.43, 68.33, 66.28, 67.51, 64.95, 60.95, 55.77, 51.91, 51.22, 49.58, 54.36, 58.09, 56.3, 55.22, 50.85, 58.73, 63.22, 65.69, 69.43, 71.98, 72.55, 67.58, 69.98, 64.63, 62.17, 65.1, 60.47, 58.5, 55.54, 60.08, 59.64, 59.49, 57.43, 60.7, 71.59, 56.25, 65.47, 62.69, 58.08, 73.03, 88.14, 80.1, 77.9, 89.55, 74.33, 68.26, 38.76, 35.06, 52.5, 63.02, 61.34, 59.76, 48.39, 54.47, 54.41, 50.91, 47.3, 37.56, 45.03, 48.15, 41.17], "(5, True)": [10.61, 9.54, 9.33, 10.26, 10.35, 10.15, 11.09, 12.19, 12.69, 12.18, 8.42, 7.67, 9.17, 9.67, 8.99, 8.27, 7.8, 8.23, 8.57, 8.81, 8.53, 7.56, 7.95, 8.27, 9.25, 9.6, 9.91, 9.84, 9.35, 9.04, 8.37, 7.69, 7.57, 6.64, 3.38, 4.3, 4.64, 4.25, 3.32, 3.13, 3.63, 4.35, 3.89, 3.54, 4.03, 4.05, 4.19, 4.92, 6.21, 5.99, 5.48, 5.65, 9.33, 7.47, 7.3, 10.04, 8.91, 8.08, 7.22, 8.86, 8.73], "(7, False)": [5.159999999999997, 3.9099999999999966, 1.0699999999999932, 0.3100000000000023, 2.25, 3.6299999999999955, 2.8799999999999955, 2.690000000000005, 3.1799999999999997, 4.6200000000000045, 0.5399999999999991, 0.46999999999999886, 1.5200000000000031, 0.3200000000000003, 3.8999999999999986, 2.1299999999999955, 1.6999999999999957, 0.4399999999999977, 4.030000000000001, 4.180000000000007, 1.8499999999999943, 0.5, 2.780000000000001, 4.469999999999999, 3.030000000000001, 1.3999999999999915, 3.230000000000004, 1.759999999999998, 1.8599999999999994, 2.6799999999999997, 2.240000000000002, 2.0900000000000034, 0.030000000000001137, 0.5800000000000054, 5.349999999999994, 2.8500000000000014, 1.4699999999999989, 1.4899999999999949, 0.3200000000000003, 4.019999999999996, 4.030000000000001, 6.459999999999994, 0.14000000000000057, 0.6700000000000017, 1.6299999999999955, 3.3400000000000034, 5.640000000000001, 0.0899999999999963, 3.3400000000000034, 3.1200000000000045, 1.8100000000000023, 0.5399999999999991, 0.4399999999999977, 1.0900000000000034, 3.8400000000000034, 3.990000000000002, 1.1900000000000048, 1.6999999999999957, 0.10000000000000142, 3.8100000000000023, 0.05000000000000426], "health_condition": [1.0, 0.9833333333333333, 0.9666666666666667, 0.95, 0.9333333333333333, 0.9166666666666666, 0.9, 0.8833333333333333, 0.8666666666666667, 0.85, 0.8333333333333334, 0.8166666666666667, 0.8, 0.7833333333333333, 0.7666666666666667, 0.75, 0.7333333333333333, 0.7166666666666667, 0.7, 0.6833333333333333, 0.6666666666666666, 0.65, 0.6333333333333333, 0.6166666666666667, 0.6, 0.5833333333333334, 0.5666666666666667, 0.55, 0.5333333333333333, 0.5166666666666667, 0.5, 0.48333333333333334, 0.4666666666666667, 0.45, 0.43333333333333335, 0.4166666666666667, 0.4, 0.38333333333333336, 0.36666666666666664, 0.35, 0.3333333333333333, 0.31666666666666665, 0.3, 0.2833333333333333, 0.26666666666666666, 0.25, 0.23333333333333334, 0.21666666666666667, 0.2, 0.18333333333333332, 0.16666666666666666, 0.15, 0.13333333333333333, 0.11666666666666667, 0.1, 0.08333333333333333, 0.06666666666666667, 0.05, 0.03333333333333333, 0.016666666666666666, 0.0]}}