{"7": {"(5, True)": [21.14, 13.99], "(3, True)": [16.38, 1.32], "(2, True)": [52.46, 52.61], "(4, True)": [46.76, 53.5], "(1, True)": [1867.06, 29.22], "(7, False)": [5.700000000000003, 0.8900000000000006], "health_condition": [1.0, 0.0]}}