{"7": {"(2, True)": [51.1, 45.15], "(4, True)": [44.9, 46.61], "(3, True)": [1.83, 1.92], "(5, True)": [15.08, 14.51], "(1, True)": [33.77, 109.44], "(7, False)": [6.200000000000003, 1.4600000000000009], "health_condition": [1.0, 0.0]}}