{"7": {"(2, True)": [29.24, 36.83, 33.07, 35.29, 34.78, 33.17, 31.1, 31.1, 31.1, 31.1, 31.1, 31.1, 31.1, 33.65, 31.6, 31.78, 38.1, 44.27, 36.88, 35.6, 36.12, 43.85, 48.12, 36.16, 33.39, 33.14, 31.86, 41.2, 34.99, 37.88, 46.59], "(4, True)": [22.34, 38.61, 31.58, 33.28, 34.33, 30.99, 29.76, 29.65, 31.61, 33.34, 29.41, 32.79, 31.32, 34.32, 31.43, 31.74, 33.27, 35.03, 31.2, 31.58, 29.42, 35.71, 36.94, 30.61, 28.9, 29.08, 30.79, 32.14, 30.15, 31.99, 33.81], "(3, True)": [14.92, 1.95, 16.72, 16.73, 16.74, 16.75, 16.73, 16.75, 16.74, 16.73, 16.76, 16.76, 16.75, 16.76, 16.75, 16.73, 16.71, 16.72, 16.71, 16.74, 16.74, 16.71, 16.73, 16.72, 16.75, 16.74, 16.72, 16.74, 16.74, 16.75, 16.72], "(5, True)": [13.3, 14.53, 12.31, 13.05, 13.19, 13.25, 14.66, 13.5, 13.67, 13.83, 13.1, 13.19, 13.73, 15.09, 15.62, 13.88, 14.5, 13.98, 16.84, 17.11, 16.8, 15.3, 17.33, 19.8, 20.52, 19.69, 18.82, 19.16, 20.27, 19.61, 19.21], "(1, True)": [1433.87, 92.12, 1693.23, 1690.56, 1820.57, 1829.82, 1958.12, 1908.07, 1832.23, 1964.05, 1833.85, 1804.99, 1878.32, 1969.37, 1964.8, 1843.11, 1783.88, 1850.33, 1948.51, 1999.11, 1945.85, 1869.5, 1932.23, 1974.59, 1993.44, 1964.25, 1993.09, 1959.2, 1976.7, 1995.59, 1947.32], "(7, False)": [6.899999999999999, 1.7800000000000011, 1.490000000000002, 2.009999999999998, 0.45000000000000284, 2.1800000000000033, 1.3399999999999999, 1.4500000000000028, 0.509999999999998, 2.240000000000002, 1.6900000000000013, 1.6899999999999977, 0.21999999999999886, 0.6700000000000017, 0.1700000000000017, 0.0400000000000027, 4.829999999999998, 9.240000000000002, 5.680000000000003, 4.020000000000003, 6.699999999999996, 8.14, 11.18, 5.549999999999997, 4.490000000000002, 4.060000000000002, 1.0700000000000003, 9.060000000000002, 4.840000000000003, 5.890000000000004, 12.780000000000001], "health_condition": [1.0, 0.9666666666666667, 0.9333333333333333, 0.9, 0.8666666666666667, 0.8333333333333334, 0.8, 0.7666666666666667, 0.7333333333333333, 0.7, 0.6666666666666666, 0.6333333333333333, 0.6, 0.5666666666666667, 0.5333333333333333, 0.5, 0.4666666666666667, 0.43333333333333335, 0.4, 0.36666666666666664, 0.3333333333333333, 0.3, 0.26666666666666666, 0.23333333333333334, 0.2, 0.16666666666666666, 0.13333333333333333, 0.1, 0.06666666666666667, 0.03333333333333333, 0.0]}}