{"7": {"(1, True)": [387.61, 55.22, 1223.01, 639.77, 355.34, 566.75, 259.53, 56.31, 136.04, 215.77, 71.24, 142.5, 44.23, 86.44, 167.53, 174.07, 113.71, 129.54, 115.01, 60.89, 135.93, 176.01, 240.14, 236.28, 197.54, 220.19, 394.71, 378.88, 179.97, 297.31, 619.12, 410.2, 513.28, 592.38, 914.85, 826.54, 554.56, 592.66, 891.33, 480.96, 392.98, 282.71, 478.15, 756.66], "(2, True)": [45.91, 50.78, 42.39, 43.72, 41.73, 46.64, 30.5, 26.04, 29.35, 33.06, 14.06, 24.1, 23.53, 0.23, 25.46, 46.05, 47.06, 21.12, 46.8, 33.29, 35.37, 11.41, 14.75, 14.46, 349.04, 3.93, 16.92, 30.46, 24.88, 48.62, 23.86, 19.33, 29.83, 34.31, 27.67, 29.18, 36.55, 19.38, 359.89, 8.66, 11.42, 9.85, 25.08, 40.74], "(3, True)": [13.17, 1.43, 16.57, 15.12, 13.53, 14.74, 13.3, 6.8, 11.43, 12.25, 9.8, 11.45, 10.33, 10.68, 11.76, 11.37, 10.92, 11.31, 10.69, 10.45, 11.52, 11.72, 12.31, 12.78, 11.95, 12.13, 13.9, 13.91, 12.03, 13.28, 14.18, 14.31, 15.19, 15.21, 15.75, 14.88, 15.09, 14.93, 15.64, 14.52, 13.76, 14.15, 14.48, 15.46], "(4, True)": [48.3, 49.31, 44.45, 47.8, 42.19, 44.46, 32.5, 25.9, 29.63, 31.29, 13.97, 20.61, 23.18, 0.19, 28.69, 45.26, 49.85, 25.53, 49.46, 33.81, 35.91, 12.1, 15.35, 14.07, 349.27, 5.18, 13.71, 31.34, 27.29, 51.52, 18.16, 16.41, 32.28, 37.31, 25.53, 28.92, 31.18, 17.14, 1.54, 7.22, 13.5, 11.87, 24.54, 39.79], "(5, True)": [7.99, 10.25, 9.85, 7.91, 6.9, 7.84, 6.96, 5.64, 5.48, 6.16, 5.17, 5.5, 4.77, 4.87, 5.65, 5.48, 5.02, 5.22, 4.9, 4.63, 5.24, 5.68, 5.98, 6.19, 5.7, 5.91, 7.25, 7.33, 5.94, 6.61, 8.19, 7.85, 8.89, 7.9, 9.29, 9.22, 8.41, 9.22, 9.45, 8.72, 7.67, 8.04, 9.58, 8.86], "(7, False)": [2.3900000000000006, 1.4699999999999989, 2.0600000000000023, 4.079999999999998, 0.46000000000000085, 2.1799999999999997, 2.0, 0.14000000000000057, 0.2799999999999976, 1.7700000000000031, 0.08999999999999986, 3.490000000000002, 0.3500000000000014, 0.04000000000000001, 3.2300000000000004, 0.7899999999999991, 2.789999999999999, 4.41, 2.6600000000000037, 0.5200000000000031, 0.5399999999999991, 0.6899999999999995, 0.5999999999999996, 0.39000000000000057, 0.22999999999996135, 1.2499999999999996, 3.210000000000001, 0.879999999999999, 2.41, 2.9000000000000057, 5.699999999999999, 2.919999999999998, 2.450000000000003, 3.0, 2.1400000000000006, 0.259999999999998, 5.369999999999997, 2.2399999999999984, 1.650000000000034, 1.4400000000000004, 2.08, 2.0199999999999996, 0.5399999999999991, 0.9500000000000028], "health_condition": [1.0, 0.9767441860465116, 0.9534883720930233, 0.9302325581395349, 0.9069767441860465, 0.8837209302325582, 0.8604651162790697, 0.8372093023255814, 0.813953488372093, 0.7906976744186046, 0.7674418604651163, 0.7441860465116279, 0.7209302325581395, 0.6976744186046512, 0.6744186046511628, 0.6511627906976745, 0.627906976744186, 0.6046511627906976, 0.5813953488372093, 0.5581395348837209, 0.5348837209302325, 0.5116279069767442, 0.4883720930232558, 0.46511627906976744, 0.4418604651162791, 0.4186046511627907, 0.3953488372093023, 0.37209302325581395, 0.3488372093023256, 0.32558139534883723, 0.3023255813953488, 0.27906976744186046, 0.2558139534883721, 0.23255813953488372, 0.20930232558139536, 0.18604651162790697, 0.16279069767441862, 0.13953488372093023, 0.11627906976744186, 0.09302325581395349, 0.06976744186046512, 0.046511627906976744, 0.023255813953488372, 0.0]}}