{"7": {"(2, True)": [69.46, 47.41, 51.79, 56.12, 47.47, 46.18, 49.67, 43.44, 42.46, 40.27, 43.27, 49.11], "(4, True)": [59.9, 48.68, 44.03, 45.24, 43.88, 43.49, 41.65, 41.2, 42.51, 41.23, 41.07, 42.04], "(3, True)": [11.38, 5.52, 16.7, 16.7, 16.74, 16.76, 16.73, 16.75, 16.7, 16.72, 16.73, 16.72], "(5, True)": [13.1, 16.48, 14.42, 16.93, 16.54, 15.79, 16.55, 17.58, 17.25, 16.26, 18.93, 18.88], "(1, True)": [840.68, 443.87, 1677.58, 1905.99, 1973.44, 1980.32, 1958.29, 1900.28, 1979.42, 1900.84, 1943.77, 1916.21], "(7, False)": [9.559999999999995, 1.2700000000000031, 7.759999999999998, 10.879999999999995, 3.5899999999999963, 2.6899999999999977, 8.020000000000003, 2.239999999999995, 0.04999999999999716, 0.9599999999999937, 2.200000000000003, 7.07], "health_condition": [1.0, 0.9090909090909091, 0.8181818181818182, 0.7272727272727273, 0.6363636363636364, 0.5454545454545454, 0.45454545454545453, 0.36363636363636365, 0.2727272727272727, 0.18181818181818182, 0.09090909090909091, 0.0]}}