{"7": {"(1, True)": [86.77, 1674.16, 1981.78, 1982.43, 1916.7, 1893.56, 1743.13, 1740.24, 1723.66, 1301.89, 938.16, 907.3], "(2, True)": [67.54, 41.44, 40.97, 38.99, 40.92, 41.68, 46.76, 50.05, 48.18, 58.18, 49.43, 45.15], "(3, True)": [1.95, 15.17, 16.75, 16.73, 16.74, 16.73, 16.73, 16.68, 16.6, 16.41, 15.76, 15.71], "(4, True)": [56.68, 38.17, 39.34, 37.71, 34.43, 34.96, 37.11, 40.57, 42.36, 51.84, 48.94, 44.05], "(5, True)": [12.47, 15.17, 14.68, 15.45, 14.89, 14.83, 12.61, 13.53, 13.08, 10.64, 9.26, 9.76], "(7, False)": [10.860000000000007, 3.269999999999996, 1.6299999999999955, 1.2800000000000011, 6.490000000000002, 6.719999999999999, 9.649999999999999, 9.479999999999997, 5.82, 6.339999999999996, 0.490000000000002, 1.1000000000000014], "health_condition": [1.0, 0.9090909090909091, 0.8181818181818182, 0.7272727272727273, 0.6363636363636364, 0.5454545454545454, 0.45454545454545453, 0.36363636363636365, 0.2727272727272727, 0.18181818181818182, 0.09090909090909091, 0.0]}}