{"7": {"(1, True)": [427.89, 1151.26, 1135.02, 1019.71, 1578.23, 1704.21, 1260.36, 355.85, 192.85, 238.66, 250.75, 14.59, 116.79, 120.05, 76.45, 127.84, 19.76, 149.35, 542.59, 418.06, 145.73, 197.82, 311.77, 263.03, 5.43, 5.37, 157.71, 849.45, 347.63, 197.9, 282.32, 275.39, 203.09, 82.08, 161.67, 254.86, 252.99, 453.71, 583.96, 873.34, 1644.45, 892.33, 378.96, 808.05, 740.13, 1142.7, 553.79, 354.47, 110.22, 296.72, 402.07, 465.69, 543.9, 540.17], "(2, True)": [48.02, 55.75, 55.57, 57.26, 56.0, 51.08, 43.72, 50.54, 68.56, 61.71, 22.5, 347.83, 359.68, 29.05, 36.02, 41.05, 38.77, 326.06, 1.17, 51.19, 37.76, 21.72, 355.08, 2.78, 334.98, 75.94, 29.06, 356.25, 1.58, 26.43, 36.54, 42.8, 35.65, 46.54, 13.71, 52.79, 42.91, 39.59, 47.71, 47.43, 44.18, 33.23, 31.85, 39.88, 44.24, 50.74, 52.78, 43.31, 29.39, 38.62, 28.61, 35.38, 31.73, 46.24], "(3, True)": [6.21, 11.34, 15.85, 15.98, 16.72, 16.74, 16.49, 13.66, 11.7, 12.33, 13.31, 10.68, 11.28, 10.88, 11.21, 11.12, 8.19, 11.16, 9.38, 14.74, 11.88, 12.51, 12.55, 12.7, 7.99, 2.12, 12.05, 15.81, 14.09, 12.17, 13.56, 14.06, 11.97, 11.47, 11.66, 12.72, 12.61, 14.43, 15.37, 15.66, 16.61, 15.8, 14.34, 15.72, 15.26, 16.59, 15.06, 14.34, 11.96, 13.22, 14.13, 14.58, 14.52, 14.66], "(4, True)": [42.71, 51.4, 56.87, 56.64, 54.11, 47.35, 43.71, 51.8, 71.71, 59.44, 15.48, 350.11, 355.29, 34.7, 41.02, 44.57, 36.47, 322.82, 18.04, 53.52, 36.66, 0.93, 358.86, 1.91, 337.03, 56.22, 24.04, 352.31, 0.62, 30.96, 37.21, 36.08, 33.62, 50.68, 14.56, 52.28, 45.85, 41.09, 42.98, 47.43, 42.43, 35.62, 28.68, 37.08, 48.17, 45.13, 53.53, 42.8, 32.7, 37.3, 26.74, 34.56, 29.68, 46.68], "(5, True)": [14.43, 13.97, 9.75, 9.29, 11.07, 11.88, 10.1, 6.72, 5.57, 5.98, 6.59, 5.06, 5.25, 5.27, 5.29, 4.99, 5.29, 5.87, 8.34, 7.14, 5.81, 5.87, 6.38, 6.34, 3.91, 3.73, 5.63, 9.42, 7.67, 6.88, 7.52, 7.34, 6.84, 5.55, 5.45, 6.42, 6.32, 7.57, 8.18, 9.12, 12.05, 8.97, 7.56, 8.52, 9.01, 10.06, 7.6, 7.37, 5.7, 6.64, 7.39, 8.18, 7.92, 7.94], "(7, False)": [5.310000000000002, 4.350000000000001, 1.2999999999999972, 0.6199999999999974, 1.8900000000000006, 3.729999999999997, 0.00999999999999801, 1.259999999999998, 3.1499999999999915, 2.270000000000003, 7.02, 2.2800000000000296, 4.389999999999986, 5.650000000000002, 5.0, 3.520000000000003, 2.3000000000000043, 3.240000000000009, 16.869999999999997, 2.3300000000000054, 1.1000000000000014, 20.79, 3.7800000000000296, 0.8699999999999999, 2.0499999999999545, 19.72, 5.02, 3.9399999999999977, 0.9600000000000001, 4.530000000000001, 0.6700000000000017, 6.719999999999999, 2.030000000000001, 4.140000000000001, 0.8499999999999996, 0.509999999999998, 2.940000000000005, 1.5, 4.730000000000004, 0.0, 1.75, 2.3900000000000006, 3.1700000000000017, 2.8000000000000043, 3.9299999999999997, 5.609999999999999, 0.75, 0.5100000000000051, 3.3100000000000023, 1.3200000000000003, 1.870000000000001, 0.8200000000000003, 2.0500000000000007, 0.4399999999999977], "health_condition": [1.0, 0.9811320754716981, 0.9622641509433962, 0.9433962264150944, 0.9245283018867925, 0.9056603773584906, 0.8867924528301887, 0.8679245283018868, 0.8490566037735849, 0.8301886792452831, 0.8113207547169812, 0.7924528301886793, 0.7735849056603774, 0.7547169811320755, 0.7358490566037735, 0.7169811320754716, 0.6981132075471698, 0.6792452830188679, 0.660377358490566, 0.6415094339622641, 0.6226415094339622, 0.6037735849056604, 0.5849056603773585, 0.5660377358490566, 0.5471698113207547, 0.5283018867924528, 0.5094339622641509, 0.49056603773584906, 0.4716981132075472, 0.4528301886792453, 0.4339622641509434, 0.41509433962264153, 0.39622641509433965, 0.37735849056603776, 0.3584905660377358, 0.33962264150943394, 0.32075471698113206, 0.3018867924528302, 0.2830188679245283, 0.2641509433962264, 0.24528301886792453, 0.22641509433962265, 0.20754716981132076, 0.18867924528301888, 0.16981132075471697, 0.1509433962264151, 0.1320754716981132, 0.11320754716981132, 0.09433962264150944, 0.07547169811320754, 0.05660377358490566, 0.03773584905660377, 0.018867924528301886, 0.0]}}