{"7": {"(2, True)": [39.86, 36.82, 50.98, 52.51, 30.45, 45.56, 49.76, 40.2, 43.23, 40.19, 34.9, 31.8, 31.8, 31.8, 34.68, 37.4, 34.78, 34.63, 27.54, 25.75, 32.74, 34.3, 34.76, 34.22, 37.4, 37.4, 35.58, 44.56, 46.73, 39.93, 64.91], "(4, True)": [36.94, 35.43, 44.12, 42.09, 26.8, 42.86, 44.09, 34.53, 36.91, 34.61, 30.05, 35.35, 28.98, 35.54, 37.27, 32.24, 36.07, 30.79, 29.69, 28.34, 35.1, 29.62, 33.88, 32.05, 41.4, 35.34, 31.13, 43.45, 40.02, 33.41, 54.81], "(3, True)": [12.59, 16.35, 16.29, 16.55, 16.7, 16.51, 16.57, 16.69, 16.72, 16.75, 16.76, 16.73, 16.7, 16.62, 16.73, 16.75, 16.73, 16.73, 16.71, 15.55, 16.22, 16.73, 16.48, 16.56, 16.77, 16.77, 16.73, 16.47, 16.71, 16.72, 16.63], "(5, True)": [11.01, 10.63, 10.4, 13.22, 12.97, 11.58, 11.68, 11.59, 13.09, 13.19, 13.9, 11.93, 10.23, 10.46, 10.73, 10.17, 9.6, 11.0, 9.82, 8.08, 9.52, 10.84, 9.84, 10.71, 14.14, 14.62, 13.77, 10.21, 14.5, 14.86, 14.11], "(1, True)": [794.26, 941.63, 1026.19, 1541.87, 1679.46, 1375.26, 1270.51, 1495.02, 1766.93, 1822.33, 1994.45, 1752.05, 1278.27, 1354.53, 1551.34, 1369.51, 1100.35, 1534.99, 1163.81, 666.41, 1025.14, 1497.58, 1104.67, 1372.67, 1995.19, 1996.59, 1823.18, 1014.78, 1786.96, 1853.41, 1548.99], "(7, False)": [2.9200000000000017, 1.3900000000000006, 6.859999999999999, 10.419999999999995, 3.6499999999999986, 2.700000000000003, 5.669999999999995, 5.670000000000002, 6.32, 5.579999999999998, 4.849999999999998, 3.5500000000000007, 2.8200000000000003, 3.7399999999999984, 2.5900000000000034, 5.159999999999997, 1.2899999999999991, 3.8400000000000034, 2.150000000000002, 2.59, 2.3599999999999994, 4.679999999999996, 0.8799999999999955, 2.1700000000000017, 4.0, 2.059999999999995, 4.449999999999999, 1.1099999999999994, 6.709999999999994, 6.520000000000003, 10.099999999999994], "health_condition": [1.0, 0.9666666666666667, 0.9333333333333333, 0.9, 0.8666666666666667, 0.8333333333333334, 0.8, 0.7666666666666667, 0.7333333333333333, 0.7, 0.6666666666666666, 0.6333333333333333, 0.6, 0.5666666666666667, 0.5333333333333333, 0.5, 0.4666666666666667, 0.43333333333333335, 0.4, 0.36666666666666664, 0.3333333333333333, 0.3, 0.26666666666666666, 0.23333333333333334, 0.2, 0.16666666666666666, 0.13333333333333333, 0.1, 0.06666666666666667, 0.03333333333333333, 0.0]}}