{"7": {"(1, True)": [709.4, 1362.26], "(2, True)": [54.05, 37.47], "(3, True)": [6.83, 13.35], "(4, True)": [40.83, 36.37], "(5, True)": [19.93, 22.11], "(7, False)": [13.219999999999999, 1.1000000000000014], "health_condition": [1.0, 0.0]}}