{"7": {"(2, True)": [65.49, 57.5], "(4, True)": [50.85, 42.42], "(3, True)": [4.31, 12.07], "(5, True)": [17.43, 20.13], "(1, True)": [455.2, 1312.2], "(7, False)": [14.639999999999993, 15.079999999999998], "health_condition": [1.0, 0.0]}}