{"7": {"(2, True)": [29.81, 30.21], "(4, True)": [27.41, 34.24], "(3, True)": [15.0, 13.09], "(5, True)": [11.44, 11.21], "(1, True)": [1084.8, 689.7], "(7, False)": [2.3999999999999986, 4.030000000000001], "health_condition": [1.0, 0.0]}}