{"7": {"(3, True)": [4.28, 12.52, 12.54, 15.45, 15.85, 15.62], "(2, True)": [29.74, 31.59, 23.97, 29.34, 36.46, 26.76], "(5, True)": [12.05, 14.13, 11.76, 8.77, 9.88, 10.97], "(1, True)": [261.93, 920.84, 892.14, 738.87, 851.97, 943.41], "(4, True)": [28.15, 27.28, 25.76, 29.19, 38.57, 21.28], "(7, False)": [1.5899999999999999, 4.309999999999999, 1.7900000000000027, 0.14999999999999858, 2.1099999999999994, 5.48], "health_condition": [1.0, 0.8, 0.6, 0.4, 0.2, 0.0]}}