{"7": {"(1, True)": [53.08, 302.58, 756.66, 521.77, 1082.45, 1234.02, 975.2, 1159.84, 518.2, 576.91, 1520.65, 1973.79, 1940.71, 1987.78, 1978.6], "(2, True)": [25.38, 1.07, 15.77, 20.69, 23.27, 16.78, 30.58, 0.61, 8.09, 22.42, 42.02, 32.3, 34.52, 32.23, 30.29], "(3, True)": [2.24, 6.24, 15.12, 15.13, 16.29, 16.45, 15.88, 16.15, 15.04, 15.15, 16.26, 16.74, 16.73, 16.75, 16.71], "(4, True)": [20.46, 0.95, 12.67, 19.04, 20.97, 16.01, 26.82, 357.63, 8.14, 22.91, 38.93, 31.44, 34.87, 29.88, 34.23], "(5, True)": [12.37, 9.27, 9.42, 9.53, 10.13, 11.39, 10.14, 10.8, 9.06, 8.51, 12.96, 14.66, 13.41, 15.4, 15.13], "(7, False)": [4.919999999999998, 0.1200000000000001, 3.0999999999999996, 1.6500000000000021, 2.3000000000000007, 0.7699999999999996, 3.759999999999998, 2.980000000000018, 0.05000000000000071, 0.48999999999999844, 3.0900000000000034, 0.8599999999999959, 0.3499999999999943, 2.349999999999998, 3.9399999999999977], "health_condition": [1.0, 0.9285714285714286, 0.8571428571428571, 0.7857142857142857, 0.7142857142857143, 0.6428571428571429, 0.5714285714285714, 0.5, 0.42857142857142855, 0.35714285714285715, 0.2857142857142857, 0.21428571428571427, 0.14285714285714285, 0.07142857142857142, 0.0]}}