{"7": {"(1, True)": [1995.09, 1998.42, 1998.92, 2000.39, 1997.19, 2001.36], "(2, True)": [44.31, 49.25, 40.06, 37.03, 37.2, 37.2], "(3, True)": [16.72, 16.75, 16.73, 16.76, 16.74, 16.74], "(4, True)": [37.79, 39.52, 36.97, 35.51, 37.2, 34.98], "(5, True)": [21.78, 20.42, 20.64, 21.62, 21.89, 21.62], "(7, False)": [6.520000000000003, 9.729999999999997, 3.0900000000000034, 1.5200000000000031, 0.0, 2.220000000000006], "health_condition": [1.0, 0.8, 0.6, 0.4, 0.2, 0.0]}}