{"7": {"(2, True)": [38.53, 28.58], "(4, True)": [37.23, 24.77], "(3, True)": [6.75, 7.99], "(5, True)": [9.32, 10.42], "(1, True)": [255.8, 220.32], "(7, False)": [1.3000000000000043, 3.8099999999999987], "health_condition": [1.0, 0.0]}}