{"7": {"(1, True)": [1566.66, 80.65], "(2, True)": [60.43, 58.12], "(3, True)": [14.69, 1.91], "(4, True)": [49.12, 57.99], "(5, True)": [13.29, 9.04], "(7, False)": [11.310000000000002, 0.12999999999999545], "health_condition": [1.0, 0.0]}}