{"7": {"(2, True)": [39.34, 47.39, 44.7, 39.13, 40.78], "(4, True)": [32.19, 40.75, 39.42, 35.17, 41.28], "(3, True)": [9.39, 7.76, 16.11, 16.18, 16.05], "(5, True)": [12.4, 12.31, 10.18, 11.53, 10.04], "(1, True)": [808.35, 554.09, 1138.36, 1254.46, 1077.89], "(7, False)": [7.150000000000006, 6.640000000000001, 5.280000000000001, 3.960000000000001, 0.5], "health_condition": [1.0, 0.75, 0.5, 0.25, 0.0]}}