{"7": {"(1, True)": [1431.18, 829.22, 1998.37, 2000.38, 1991.46, 1957.8, 1975.01, 1994.48, 2000.93, 1998.51, 2000.64, 2000.37, 1980.2, 1956.42], "(2, True)": [46.25, 38.65, 38.5, 38.5, 35.28, 34.05, 36.26, 32.65, 30.0, 30.0, 30.0, 42.88, 51.16, 57.9], "(3, True)": [13.45, 8.32, 16.77, 16.74, 16.76, 16.7, 16.73, 16.76, 16.76, 16.75, 16.74, 16.77, 16.73, 16.73], "(4, True)": [35.23, 36.29, 35.28, 35.15, 31.19, 28.96, 30.69, 30.24, 33.37, 33.42, 31.83, 30.63, 37.11, 46.46], "(5, True)": [18.51, 21.33, 21.23, 21.42, 18.74, 17.55, 18.56, 19.4, 21.79, 21.81, 21.85, 20.53, 21.66, 22.08], "(7, False)": [11.020000000000003, 2.3599999999999994, 3.219999999999999, 3.3500000000000014, 4.09, 5.089999999999996, 5.569999999999997, 2.41, 3.3699999999999974, 3.4200000000000017, 1.8299999999999983, 12.250000000000004, 14.049999999999997, 11.439999999999998], "health_condition": [1.0, 0.9230769230769231, 0.8461538461538461, 0.7692307692307693, 0.6923076923076923, 0.6153846153846154, 0.5384615384615384, 0.46153846153846156, 0.38461538461538464, 0.3076923076923077, 0.23076923076923078, 0.15384615384615385, 0.07692307692307693, 0.0]}}