{"7": {"(5, True)": [9.12, 8.19, 7.95, 10.54, 9.8, 9.78, 9.49, 10.27, 12.87, 9.93, 9.95, 10.71, 10.57, 9.08, 8.46, 8.74, 9.66, 13.2, 14.08, 12.92, 13.24, 15.05, 17.07, 15.84, 14.04, 15.36], "(3, True)": [10.27, 8.97, 15.27, 16.63, 16.66, 16.63, 16.56, 16.53, 16.72, 16.34, 16.39, 16.6, 16.43, 15.5, 15.24, 15.61, 16.3, 16.71, 16.74, 16.71, 16.72, 16.76, 16.76, 16.73, 16.73, 16.67], "(2, True)": [68.38, 50.53, 43.03, 48.09, 38.51, 36.34, 43.13, 46.55, 46.21, 32.61, 50.91, 62.54, 41.05, 32.4, 23.29, 31.59, 41.34, 44.78, 40.07, 40.58, 39.23, 37.9, 37.32, 33.48, 31.3, 35.01], "(4, True)": [55.91, 48.89, 46.98, 44.81, 37.76, 36.61, 42.85, 42.84, 37.39, 31.49, 47.25, 50.65, 36.76, 31.57, 23.3, 30.98, 40.85, 37.8, 36.07, 35.2, 32.44, 35.67, 37.56, 30.47, 27.49, 27.79], "(1, True)": [590.92, 430.05, 579.99, 1341.69, 1153.48, 1178.14, 1138.87, 1333.35, 1898.28, 1082.74, 1162.76, 1289.17, 1330.8, 864.38, 750.37, 875.3, 1031.39, 1830.68, 1917.86, 1821.7, 1916.33, 1996.96, 1999.26, 1994.95, 1887.61, 1838.25], "(7, False)": [12.469999999999999, 1.6400000000000006, 3.9499999999999957, 3.280000000000001, 0.75, 0.269999999999996, 0.28000000000000114, 3.7099999999999937, 8.82, 1.120000000000001, 3.6599999999999966, 11.89, 4.289999999999999, 0.8299999999999983, 0.010000000000001563, 0.6099999999999994, 0.490000000000002, 6.980000000000004, 4.0, 5.3799999999999955, 6.789999999999999, 2.229999999999997, 0.240000000000002, 3.009999999999998, 3.8100000000000023, 7.219999999999999], "health_condition": [1.0, 0.96, 0.92, 0.88, 0.84, 0.8, 0.76, 0.72, 0.68, 0.64, 0.6, 0.56, 0.52, 0.48, 0.44, 0.4, 0.36, 0.32, 0.28, 0.24, 0.2, 0.16, 0.12, 0.08, 0.04, 0.0]}}