{"7": {"(5, True)": [19.15, 18.78], "(3, True)": [11.31, 16.72], "(4, True)": [46.43, 34.08], "(2, True)": [61.56, 38.47], "(1, True)": [1159.16, 1987.23], "(7, False)": [15.130000000000003, 4.390000000000001], "health_condition": [1.0, 0.0]}}