{"7": {"(2, True)": [50.03, 54.85, 61.45], "(3, True)": [13.47, 16.71, 16.68], "(1, True)": [1430.83, 1943.51, 1918.55], "(5, True)": [19.88, 20.24, 19.66], "(4, True)": [36.48, 42.03, 52.16], "(7, False)": [13.550000000000004, 12.82, 9.290000000000006], "health_condition": [1.0, 0.5, 0.0]}}