{"7": {"(3, True)": [8.06, 7.84, 16.3, 16.64, 16.65, 16.67], "(2, True)": [33.86, 33.55, 42.59, 32.96, 32.24, 37.45], "(5, True)": [12.34, 12.1, 11.37, 13.02, 13.25, 13.82], "(1, True)": [589.96, 595.3, 1305.3, 1650.0, 1745.79, 1711.04], "(4, True)": [37.84, 32.42, 41.39, 33.02, 29.49, 34.46], "(7, False)": [3.980000000000004, 1.1299999999999955, 1.2000000000000028, 0.060000000000002274, 2.7500000000000036, 2.990000000000002], "health_condition": [1.0, 0.8, 0.6, 0.4, 0.2, 0.0]}}