{"7": {"(2, True)": [28.27, 60.76, 42.22], "(3, True)": [4.94, 9.35, 15.41], "(1, True)": [224.28, 422.05, 583.35], "(5, True)": [11.36, 8.73, 9.22], "(4, True)": [29.19, 62.14, 42.32], "(7, False)": [0.9200000000000017, 1.3800000000000026, 0.10000000000000142], "health_condition": [1.0, 0.5, 0.0]}}