{"7": {"(1, True)": [122.97, 1109.84, 1677.44, 1344.14, 1548.14, 1387.09, 1345.47, 1411.55, 1564.27, 1664.34], "(2, True)": [48.67, 43.24, 40.6, 41.14, 40.42, 45.87, 45.39, 57.26, 54.62, 50.13], "(3, True)": [2.04, 14.27, 16.65, 16.39, 16.71, 16.56, 16.52, 16.59, 16.63, 16.58], "(4, True)": [42.96, 40.39, 33.64, 34.64, 38.57, 44.31, 41.22, 47.56, 47.09, 40.05], "(5, True)": [13.59, 10.77, 12.19, 10.88, 11.39, 11.04, 10.72, 11.03, 11.78, 12.36], "(7, False)": [5.710000000000001, 2.8500000000000014, 6.960000000000001, 6.5, 1.8500000000000014, 1.5599999999999952, 4.170000000000002, 9.699999999999996, 7.529999999999994, 10.080000000000005], "health_condition": [1.0, 0.8888888888888888, 0.7777777777777778, 0.6666666666666666, 0.5555555555555556, 0.4444444444444444, 0.3333333333333333, 0.2222222222222222, 0.1111111111111111, 0.0]}}