{"7": {"(1, True)": [776.46, 981.54], "(2, True)": [61.66, 53.68], "(3, True)": [7.79, 9.31], "(4, True)": [49.78, 42.42], "(5, True)": [15.03, 19.39], "(7, False)": [11.879999999999995, 11.259999999999998], "health_condition": [1.0, 0.0]}}