{"7": {"(1, True)": [1215.82, 507.39, 1923.79, 1919.98, 1902.74, 1961.19, 1976.74, 1960.86, 1914.64, 1901.91, 1928.12, 1923.61, 1912.92, 1945.46, 1991.31, 1983.99, 1999.13, 2000.08, 1950.24, 1960.3, 1709.91, 1873.4, 1791.61, 1898.14, 1689.74, 1846.04, 1913.33, 1791.77, 1943.84], "(2, True)": [34.42, 28.07, 24.33, 30.29, 37.24, 37.88, 23.55, 21.43, 30.2, 25.58, 26.49, 26.81, 27.33, 32.8, 32.73, 30.94, 32.65, 38.52, 34.12, 32.48, 26.52, 28.43, 26.2, 30.57, 23.99, 21.48, 29.67, 23.04, 24.03], "(3, True)": [11.45, 5.5, 16.72, 16.7, 16.72, 16.74, 16.73, 16.72, 16.72, 16.71, 16.69, 16.68, 16.71, 16.74, 16.75, 16.75, 16.73, 16.74, 16.73, 16.73, 16.63, 16.7, 16.58, 16.72, 16.69, 16.7, 16.73, 16.68, 16.7], "(4, True)": [27.45, 25.14, 21.36, 22.31, 26.68, 24.19, 22.83, 20.97, 25.0, 20.88, 22.63, 22.33, 25.66, 29.21, 28.57, 30.1, 30.01, 29.35, 26.92, 28.31, 24.68, 21.16, 17.16, 24.81, 23.11, 23.14, 22.41, 22.46, 19.27], "(5, True)": [16.04, 15.03, 15.6, 15.67, 14.49, 15.51, 16.43, 16.21, 15.38, 15.23, 15.14, 17.02, 15.29, 16.28, 18.49, 17.71, 17.48, 17.29, 16.97, 16.86, 13.14, 14.39, 14.67, 13.71, 12.92, 13.83, 14.4, 13.32, 15.44], "(7, False)": [6.970000000000002, 2.9299999999999997, 2.969999999999999, 7.98, 10.560000000000002, 13.690000000000001, 0.7200000000000024, 0.46000000000000085, 5.199999999999999, 4.699999999999999, 3.8599999999999994, 4.48, 1.6699999999999982, 3.5899999999999963, 4.159999999999997, 0.8399999999999999, 2.639999999999997, 9.170000000000002, 7.199999999999996, 4.169999999999998, 1.8399999999999999, 7.27, 9.04, 5.760000000000002, 0.879999999999999, 1.6600000000000001, 7.260000000000002, 0.5799999999999983, 4.760000000000002], "health_condition": [1.0, 0.9642857142857143, 0.9285714285714286, 0.8928571428571429, 0.8571428571428571, 0.8214285714285714, 0.7857142857142857, 0.75, 0.7142857142857143, 0.6785714285714286, 0.6428571428571429, 0.6071428571428571, 0.5714285714285714, 0.5357142857142857, 0.5, 0.4642857142857143, 0.42857142857142855, 0.39285714285714285, 0.35714285714285715, 0.32142857142857145, 0.2857142857142857, 0.25, 0.21428571428571427, 0.17857142857142858, 0.14285714285714285, 0.10714285714285714, 0.07142857142857142, 0.03571428571428571, 0.0]}}