{"7": {"(3, True)": [15.82, 14.64, 16.67, 16.69, 16.59, 16.75, 16.75, 16.71, 16.67, 16.66], "(2, True)": [29.29, 32.05, 34.89, 37.09, 36.15, 32.88, 32.12, 36.3, 32.47, 33.66], "(5, True)": [12.18, 14.21, 14.22, 13.9, 14.29, 17.78, 16.51, 17.78, 14.04, 12.59], "(1, True)": [1184.38, 1348.18, 1769.47, 1821.69, 1718.74, 1977.87, 1934.1, 1965.13, 1836.41, 1739.56], "(4, True)": [27.17, 28.71, 37.05, 33.67, 34.11, 31.53, 34.05, 33.67, 31.95, 33.49], "(7, False)": [2.1199999999999974, 3.3399999999999963, 2.1599999999999966, 3.4200000000000017, 2.039999999999999, 1.3500000000000014, 1.9299999999999997, 2.6299999999999955, 0.5199999999999996, 0.1699999999999946], "health_condition": [1.0, 0.8888888888888888, 0.7777777777777778, 0.6666666666666666, 0.5555555555555556, 0.4444444444444444, 0.3333333333333333, 0.2222222222222222, 0.1111111111111111, 0.0]}}