{"7": {"(5, True)": [9.52, 9.32, 9.98, 9.87, 11.97, 14.69, 12.32, 9.9, 9.3, 10.86], "(3, True)": [14.67, 2.68, 16.16, 16.4, 16.22, 16.73, 16.67, 16.24, 15.56, 16.12], "(2, True)": [65.37, 50.49, 61.98, 50.76, 45.06, 42.84, 37.34, 35.21, 31.17, 26.25], "(4, True)": [63.02, 52.89, 55.19, 47.7, 39.3, 35.53, 30.72, 32.22, 29.86, 24.7], "(1, True)": [914.72, 83.77, 1193.49, 1172.85, 1526.24, 1897.44, 1732.24, 1111.07, 872.19, 1152.03], "(7, False)": [2.3500000000000014, 2.3999999999999986, 6.789999999999999, 3.059999999999995, 5.760000000000005, 7.310000000000002, 6.6200000000000045, 2.990000000000002, 1.3100000000000023, 1.5500000000000007], "health_condition": [1.0, 0.8888888888888888, 0.7777777777777778, 0.6666666666666666, 0.5555555555555556, 0.4444444444444444, 0.3333333333333333, 0.2222222222222222, 0.1111111111111111, 0.0]}}