{"7": {"(1, True)": [939.53, 1970.75, 1968.88, 1996.63, 1990.89, 1990.07], "(2, True)": [282.26, 197.8, 210.11, 211.18, 221.2, 211.86], "(3, True)": [9.73, 16.73, 16.72, 16.73, 16.75, 16.81], "(4, True)": [268.32, 199.31, 202.88, 216.29, 220.36, 210.96], "(5, True)": [21.98, 17.58, 17.45, 18.51, 16.65, 21.9], "(7, False)": [13.939999999999998, 1.509999999999991, 7.230000000000018, 5.109999999999985, 0.839999999999975, 0.9000000000000057], "health_condition": [1.0, 0.8, 0.6, 0.4, 0.2, 0.0]}}