{"7": {"(1, True)": [653.21, 670.56, 1848.08, 1694.54, 1545.54, 1012.97, 657.13, 788.94, 692.07], "(2, True)": [70.71, 38.52, 42.92, 62.1, 55.59, 46.79, 48.05, 66.88, 60.79], "(3, True)": [8.38, 7.39, 16.73, 16.66, 16.64, 15.78, 15.27, 15.5, 15.47], "(4, True)": [50.63, 39.86, 39.62, 52.17, 47.87, 40.42, 50.89, 60.79, 56.51], "(5, True)": [14.94, 15.47, 13.74, 12.97, 12.57, 9.27, 8.7, 9.19, 8.48], "(7, False)": [20.07999999999999, 1.3399999999999963, 3.3000000000000043, 9.93, 7.720000000000006, 6.369999999999997, 2.8400000000000034, 6.089999999999996, 4.280000000000001], "health_condition": [1.0, 0.875, 0.75, 0.625, 0.5, 0.375, 0.25, 0.125, 0.0]}}