{"7": {"(5, True)": [14.34, 15.93, 14.26], "(3, True)": [1.72, 12.92, 16.7], "(2, True)": [56.58, 47.34, 37.72], "(4, True)": [47.07, 40.07, 33.63], "(1, True)": [35.93, 1342.58, 1810.66], "(7, False)": [9.509999999999998, 7.270000000000003, 4.089999999999996], "health_condition": [1.0, 0.5, 0.0]}}