{"7": {"(1, True)": [382.89, 353.22, 419.91, 326.22, 511.42, 744.19, 1271.88, 1415.28, 1513.88, 1852.02, 1975.33, 1962.71, 1918.76, 1808.66, 1581.43, 1321.55, 1145.49, 753.9, 864.39], "(2, True)": [44.64, 45.85, 62.39, 64.9, 55.31, 48.68, 69.33, 49.71, 44.51, 44.13, 40.01, 38.1, 39.35, 38.98, 51.51, 40.55, 47.88, 34.87, 34.5], "(3, True)": [5.28, 9.39, 14.68, 13.98, 14.85, 15.59, 16.3, 16.65, 16.68, 16.72, 16.72, 16.72, 16.73, 16.72, 16.66, 16.54, 16.2, 15.44, 15.39], "(4, True)": [48.08, 45.64, 63.49, 62.17, 56.77, 48.26, 61.83, 46.77, 39.9, 39.74, 36.94, 37.49, 36.39, 37.9, 43.69, 37.34, 44.04, 35.24, 29.74], "(5, True)": [10.3, 8.56, 7.78, 7.13, 8.01, 8.99, 10.88, 11.21, 11.93, 13.29, 14.95, 14.53, 13.4, 12.85, 11.71, 10.75, 9.99, 8.99, 10.49], "(7, False)": [3.4399999999999977, 0.21000000000000085, 1.1000000000000014, 2.730000000000004, 1.4600000000000009, 0.4200000000000017, 7.5, 2.9399999999999977, 4.609999999999999, 4.390000000000001, 3.0700000000000003, 0.6099999999999994, 2.960000000000001, 1.0799999999999983, 7.82, 3.2099999999999937, 3.8400000000000034, 0.37000000000000455, 4.760000000000002], "health_condition": [1.0, 0.9444444444444444, 0.8888888888888888, 0.8333333333333334, 0.7777777777777778, 0.7222222222222222, 0.6666666666666666, 0.6111111111111112, 0.5555555555555556, 0.5, 0.4444444444444444, 0.3888888888888889, 0.3333333333333333, 0.2777777777777778, 0.2222222222222222, 0.16666666666666666, 0.1111111111111111, 0.05555555555555555, 0.0]}}