{"7": {"(2, True)": [29.47, 42.27, 36.06, 29.0, 33.9, 34.31, 34.58, 33.32, 30.7, 30.7, 30.7, 30.7, 30.7, 30.7, 32.99, 33.12, 44.92], "(4, True)": [31.81, 29.39, 25.76, 29.15, 29.38, 29.75, 29.7, 30.82, 29.35, 32.44, 29.0, 26.17, 29.37, 29.63, 29.19, 31.56, 41.89], "(3, True)": [4.54, 12.74, 16.76, 16.74, 16.75, 16.76, 16.74, 16.75, 16.75, 16.77, 16.76, 16.76, 16.77, 16.74, 16.7, 16.71, 16.39], "(5, True)": [14.07, 19.68, 19.79, 19.59, 20.91, 19.37, 18.03, 18.98, 18.64, 18.95, 18.84, 18.47, 18.47, 15.84, 14.06, 12.3, 10.2], "(1, True)": [361.79, 1394.61, 1995.32, 1980.28, 2000.56, 1999.57, 1992.82, 1998.87, 2000.46, 2000.28, 2000.73, 1997.04, 2000.95, 1993.78, 1876.77, 1773.94, 1309.07], "(7, False)": [2.34, 12.880000000000003, 10.3, 0.14999999999999858, 4.52, 4.560000000000002, 4.879999999999999, 2.5, 1.3499999999999979, 1.7399999999999984, 1.6999999999999993, 4.529999999999998, 1.3299999999999983, 1.0700000000000003, 3.8000000000000007, 1.5599999999999987, 3.030000000000001], "health_condition": [1.0, 0.9375, 0.875, 0.8125, 0.75, 0.6875, 0.625, 0.5625, 0.5, 0.4375, 0.375, 0.3125, 0.25, 0.1875, 0.125, 0.0625, 0.0]}}