{"7": {"(2, True)": [68.2, 46.93, 43.62, 41.58, 44.29, 41.09, 40.33, 39.1, 40.21, 55.14], "(3, True)": [11.26, 4.4, 16.75, 16.76, 16.71, 16.74, 16.73, 16.74, 16.73, 16.71], "(1, True)": [1151.83, 361.59, 1987.26, 1991.64, 1996.54, 1994.41, 2001.09, 1999.4, 1965.12, 1957.64], "(5, True)": [17.02, 19.74, 20.51, 21.01, 21.32, 20.79, 22.59, 22.95, 22.25, 21.42], "(4, True)": [55.51, 44.6, 39.85, 38.35, 39.95, 39.24, 38.9, 38.56, 38.48, 41.86], "(7, False)": [12.690000000000005, 2.3299999999999983, 3.769999999999996, 3.229999999999997, 4.339999999999996, 1.8500000000000014, 1.4299999999999997, 0.5399999999999991, 1.730000000000004, 13.280000000000001], "health_condition": [1.0, 0.8888888888888888, 0.7777777777777778, 0.6666666666666666, 0.5555555555555556, 0.4444444444444444, 0.3333333333333333, 0.2222222222222222, 0.1111111111111111, 0.0]}}