{"7": {"(5, True)": [8.18, 7.23, 7.52, 9.12, 7.2, 8.43], "(3, True)": [13.11, 14.32, 14.68, 16.03, 14.12, 14.97], "(2, True)": [48.16, 54.36, 56.23, 55.42, 39.5, 45.81], "(4, True)": [45.89, 53.28, 55.47, 51.48, 37.61, 47.42], "(1, True)": [599.04, 472.32, 531.44, 909.87, 382.04, 661.05], "(7, False)": [2.269999999999996, 1.0799999999999983, 0.759999999999998, 3.940000000000005, 1.8900000000000006, 1.6099999999999994], "health_condition": [1.0, 0.8, 0.6, 0.4, 0.2, 0.0]}}