{"7": {"(5, True)": [23.74, 24.18, 17.81, 15.47, 15.37, 15.21, 17.16, 17.84, 18.83, 18.13, 17.57, 16.72, 16.53, 16.85, 17.24, 19.07, 20.25, 19.29, 19.22, 18.97, 16.76, 15.8], "(3, True)": [16.7, 0.43, 14.32, 16.75, 16.76, 16.75, 16.76, 16.77, 16.75, 16.75, 16.76, 16.72, 16.74, 16.72, 16.74, 16.73, 16.77, 16.74, 16.73, 16.72, 16.71, 16.68], "(4, True)": [29.77, 37.84, 38.56, 42.18, 37.7, 37.36, 35.63, 36.05, 35.9, 34.44, 28.22, 30.32, 29.04, 25.11, 27.11, 30.0, 28.18, 27.64, 26.29, 26.12, 34.21, 45.29], "(2, True)": [30.81, 13.05, 28.53, 39.53, 41.6, 38.45, 38.24, 36.15, 36.0, 36.0, 32.37, 33.45, 31.85, 27.97, 25.53, 37.28, 29.02, 26.35, 28.4, 32.1, 44.97, 58.39], "(1, True)": [1980.42, 18.69, 1583.41, 1992.78, 1999.29, 1977.9, 2000.95, 2000.16, 2000.7, 1999.55, 1990.44, 1950.97, 1986.0, 1962.95, 1992.19, 1985.64, 1999.02, 1994.09, 1979.72, 1986.23, 1940.44, 1928.67], "(7, False)": [1.0399999999999991, 24.790000000000003, 10.030000000000001, 2.6499999999999986, 3.8999999999999986, 1.0900000000000034, 2.6099999999999994, 0.10000000000000142, 0.10000000000000142, 1.5600000000000023, 4.149999999999999, 3.1300000000000026, 2.8100000000000023, 2.8599999999999994, 1.5799999999999983, 7.280000000000001, 0.8399999999999999, 1.2899999999999991, 2.1099999999999994, 5.98, 10.759999999999998, 13.100000000000001], "health_condition": [1.0, 0.9523809523809523, 0.9047619047619048, 0.8571428571428571, 0.8095238095238095, 0.7619047619047619, 0.7142857142857143, 0.6666666666666666, 0.6190476190476191, 0.5714285714285714, 0.5238095238095238, 0.47619047619047616, 0.42857142857142855, 0.38095238095238093, 0.3333333333333333, 0.2857142857142857, 0.23809523809523808, 0.19047619047619047, 0.14285714285714285, 0.09523809523809523, 0.047619047619047616, 0.0]}}