{"7": {"(2, True)": [18.73, 56.54, 52.38, 35.85], "(4, True)": [22.11, 57.32, 48.42, 35.64], "(3, True)": [12.67, 2.58, 15.97, 15.94], "(5, True)": [9.8, 8.72, 9.83, 9.66], "(1, True)": [826.18, 89.66, 1094.79, 990.03], "(7, False)": [3.379999999999999, 0.7800000000000011, 3.960000000000001, 0.21000000000000085], "health_condition": [1.0, 0.6666666666666666, 0.3333333333333333, 0.0]}}