{"16": {"(3, True)": [8.59, 13.77, 16.71, 16.68], "(2, True)": [285.93, 283.18, 265.44, 273.69], "(1, True)": [982.35, 1515.76, 1991.16, 1976.9], "(5, True)": [19.5, 19.74, 17.86, 17.49], "(4, True)": [279.59, 274.01, 265.7, 267.76], "(16, False)": [6.340000000000032, 9.170000000000016, 0.2599999999999909, 5.930000000000007], "health_condition": [1.0, 0.6666666666666666, 0.3333333333333333, 0.0]}}