{"16": {"(3, True)": [13.83, 16.71, 16.71, 16.71], "(2, True)": [294.59, 271.5, 269.1, 273.22], "(1, True)": [1491.5, 1997.96, 1991.04, 1987.86], "(5, True)": [21.21, 19.79, 18.67, 19.9], "(4, True)": [281.79, 269.93, 266.61, 269.86], "(16, False)": [12.799999999999955, 1.5699999999999932, 2.490000000000009, 3.3600000000000136], "health_condition": [1.0, 0.6666666666666666, 0.3333333333333333, 0.0]}}