{"16": {"(3, True)": [14.15, 4.89, 14.57, 16.69, 16.75, 16.71, 16.75, 16.72, 16.4], "(2, True)": [275.41, 239.66, 206.32, 202.74, 209.05, 197.27, 186.49, 181.87, 187.39], "(1, True)": [1590.65, 533.85, 1606.69, 1993.26, 1980.16, 1987.25, 1978.59, 1981.03, 1930.33], "(5, True)": [21.08, 21.11, 24.86, 21.64, 17.91, 18.63, 17.4, 20.33, 19.78], "(4, True)": [274.8, 227.75, 200.3, 196.1, 207.11, 194.18, 175.04, 181.75, 185.16], "(16, False)": [0.6100000000000136, 11.909999999999997, 6.019999999999982, 6.640000000000015, 1.9399999999999977, 3.0900000000000034, 11.450000000000017, 0.12000000000000455, 2.2299999999999898], "health_condition": [1.0, 0.875, 0.75, 0.625, 0.5, 0.375, 0.25, 0.125, 0.0]}}