{"16": {"(3, True)": [7.18, 12.63], "(4, True)": [52.55, 23.85], "(2, True)": [49.83, 28.73], "(5, True)": [21.91, 18.43], "(1, True)": [706.05, 1343.48], "(16, False)": [2.719999999999999, 4.879999999999999], "health_condition": [1.0, 0.0]}}