{"16": {"(1, True)": [1716.08, 753.92, 1930.74, 1966.93, 1848.16, 1582.63, 1955.27, 1960.78, 1966.05, 1974.51, 1986.12, 1957.78, 1875.06, 1758.87, 1713.27], "(2, True)": [11.59, 18.75, 355.45, 1.91, 7.77, 4.0, 358.63, 355.48, 350.62, 357.49, 358.07, 0.52, 352.85, 347.86, 358.61], "(3, True)": [15.02, 7.87, 16.69, 16.67, 16.09, 14.75, 16.7, 16.7, 16.72, 16.67, 16.74, 16.73, 16.69, 16.67, 16.66], "(4, True)": [19.99, 8.81, 358.19, 3.29, 2.01, 2.7, 1.58, 0.01, 357.97, 359.8, 0.86, 358.51, 0.24, 352.74, 0.52], "(5, True)": [16.09, 16.51, 19.03, 19.15, 19.05, 21.11, 21.88, 20.33, 21.4, 20.84, 21.94, 21.06, 16.45, 14.09, 12.97], "(16, False)": [8.399999999999999, 9.94, 2.740000000000009, 1.3800000000000001, 5.76, 1.2999999999999998, 2.9499999999999886, 4.529999999999973, 7.350000000000023, 2.3100000000000023, 2.7900000000000205, 2.009999999999991, 7.389999999999986, 4.8799999999999955, 1.9099999999999682], "health_condition": [1.0, 0.9285714285714286, 0.8571428571428571, 0.7857142857142857, 0.7142857142857143, 0.6428571428571429, 0.5714285714285714, 0.5, 0.42857142857142855, 0.35714285714285715, 0.2857142857142857, 0.21428571428571427, 0.14285714285714285, 0.07142857142857142, 0.0]}}