{"16": {"(1, True)": [1513.72, 1989.06, 1989.19, 1997.13, 1993.11, 1990.31, 1977.12, 1937.99, 1974.5], "(2, True)": [338.6, 327.64, 329.24, 328.77, 328.81, 320.2, 322.27, 321.78, 310.96], "(3, True)": [14.23, 16.71, 16.73, 16.71, 16.72, 16.71, 16.73, 16.69, 16.72], "(4, True)": [330.34, 326.77, 327.76, 324.02, 327.24, 327.91, 323.38, 319.96, 313.98], "(5, True)": [15.95, 16.45, 17.88, 18.07, 19.51, 17.93, 18.25, 18.21, 18.87], "(16, False)": [8.260000000000048, 0.8700000000000045, 1.4800000000000182, 4.75, 1.5699999999999932, 7.710000000000036, 1.1100000000000136, 1.8199999999999932, 3.0200000000000387], "health_condition": [1.0, 0.875, 0.75, 0.625, 0.5, 0.375, 0.25, 0.125, 0.0]}}