{"16": {"(1, True)": [1948.32, 1997.1, 1985.69, 1982.53, 1992.1, 1999.71], "(2, True)": [297.32, 294.08, 289.79, 288.26, 283.62, 275.83], "(3, True)": [16.72, 16.71, 16.7, 16.7, 16.69, 16.7], "(4, True)": [290.05, 284.05, 281.7, 276.37, 262.85, 258.87], "(5, True)": [17.07, 17.39, 17.03, 17.76, 17.88, 19.25], "(16, False)": [7.269999999999982, 10.029999999999973, 8.090000000000032, 11.889999999999986, 20.769999999999982, 16.95999999999998], "health_condition": [1.0, 0.8, 0.6, 0.4, 0.2, 0.0]}}