{"16": {"(3, True)": [14.31, 16.7], "(2, True)": [353.41, 343.8], "(5, True)": [17.26, 15.89], "(1, True)": [1513.31, 1945.54], "(4, True)": [353.86, 351.89], "(16, False)": [0.44999999999998863, 8.089999999999975], "health_condition": [1.0, 0.0]}}