{"16": {"(2, True)": [336.49, 346.76], "(4, True)": [340.37, 342.59], "(3, True)": [1.44, 10.11], "(5, True)": [24.67, 24.95], "(1, True)": [13.69, 991.25], "(16, False)": [3.8799999999999955, 4.170000000000016], "health_condition": [1.0, 0.0]}}