{"16": {"(1, True)": [892.07, 1137.91, 905.98, 1084.85, 1029.69, 941.57, 766.54, 747.97, 943.45, 1582.86, 1959.27, 1891.78, 1912.04, 1679.63, 1853.3, 1873.3, 1836.21, 1885.88, 1638.99, 1405.8, 1867.74, 1895.74, 1812.14, 1848.1, 1884.83, 1835.37, 1797.05, 1843.8, 1972.6, 1778.57, 1828.37], "(2, True)": [null, 234.79, 238.64, 232.31, 231.81, 239.32, 255.84, 251.72, 228.8, 234.37, 241.68, 231.64, 219.63, 226.18, 221.14, 233.36, 233.59, 231.16, 235.28, 223.59, 222.86, 225.15, 221.44, 225.08, 229.5, 228.06, 236.86, 231.83, 230.47, 236.22, 255.79], "(3, True)": [16.73, 16.35, 15.89, 15.99, 16.18, 16.49, 15.89, 15.38, 16.04, 16.61, 16.71, 16.71, 16.69, 16.69, 16.7, 16.7, 16.7, 16.7, 16.62, 16.53, 16.71, 16.72, 16.71, 16.69, 16.7, 16.71, 16.68, 16.68, 16.73, 16.72, 16.68], "(4, True)": [238.88, 237.48, 244.06, 232.74, 235.25, 240.39, 254.27, 246.88, 228.02, 235.23, 237.4, 225.42, 227.68, 228.52, 221.45, 230.97, 232.93, 235.04, 228.16, 223.5, 221.67, 228.58, 229.67, 232.39, 227.67, 224.46, 247.04, 235.88, 232.19, 237.14, 252.23], "(5, True)": [10.34, 10.62, 9.22, 10.13, 9.47, 9.35, 8.91, 8.82, 9.43, 11.89, 14.41, 13.5, 14.26, 12.27, 13.67, 13.7, 13.39, 13.43, 12.53, 10.58, 13.42, 14.11, 13.23, 13.77, 14.45, 13.75, 12.77, 13.83, 14.88, 12.76, 13.47], "(16, False)": [NaN, 2.6899999999999977, 5.420000000000016, 0.4300000000000068, 3.4399999999999977, 1.0699999999999932, 1.5699999999999932, 4.840000000000003, 0.7800000000000011, 0.8599999999999852, 4.280000000000001, 6.219999999999999, 8.050000000000011, 2.3400000000000034, 0.3100000000000023, 2.390000000000015, 0.6599999999999966, 3.8799999999999955, 7.1200000000000045, 0.09000000000000341, 1.1900000000000261, 3.430000000000007, 8.22999999999999, 7.309999999999974, 1.8300000000000125, 3.5999999999999943, 10.179999999999978, 4.049999999999983, 1.7199999999999989, 0.9199999999999875, 3.5600000000000023], "health_condition": [1.0, 0.9666666666666667, 0.9333333333333333, 0.9, 0.8666666666666667, 0.8333333333333334, 0.8, 0.7666666666666667, 0.7333333333333333, 0.7, 0.6666666666666666, 0.6333333333333333, 0.6, 0.5666666666666667, 0.5333333333333333, 0.5, 0.4666666666666667, 0.43333333333333335, 0.4, 0.36666666666666664, 0.3333333333333333, 0.3, 0.26666666666666666, 0.23333333333333334, 0.2, 0.16666666666666666, 0.13333333333333333, 0.1, 0.06666666666666667, 0.03333333333333333, 0.0]}}