{"16": {"(1, True)": [826.43, 1836.78, 1999.9, 1985.08, 1989.22, 1693.15, 1768.32], "(2, True)": [8.28, 10.15, 12.01, 7.41, 13.62, 7.23, 9.75], "(3, True)": [8.97, 16.69, 16.72, 16.72, 16.72, 16.63, 16.59], "(4, True)": [7.45, 5.96, 11.33, 7.91, 11.69, 12.09, 6.65], "(5, True)": [13.43, 13.95, 17.12, 16.71, 14.53, 11.8, 12.55], "(16, False)": [0.8299999999999992, 4.19, 0.6799999999999997, 0.5, 1.9299999999999997, 4.859999999999999, 3.0999999999999996], "health_condition": [1.0, 0.8333333333333334, 0.6666666666666666, 0.5, 0.3333333333333333, 0.16666666666666666, 0.0]}}