{"16": {"(3, True)": [7.65, 10.09, 16.76, 16.77], "(4, True)": [196.53, 169.55, 162.0, 160.66], "(2, True)": [217.78, 185.61, 166.32, 157.3], "(5, True)": [22.89, 22.19, 20.3, 19.96], "(1, True)": [754.19, 1079.1, 1990.87, 1988.8], "(16, False)": [21.25, 16.060000000000002, 4.319999999999993, 3.359999999999985], "health_condition": [1.0, 0.6666666666666666, 0.3333333333333333, 0.0]}}