{"16": {"(3, True)": [16.68, 16.74], "(2, True)": [18.54, 15.25], "(1, True)": [1992.6, 1992.44], "(5, True)": [21.96, 22.43], "(4, True)": [17.6, 20.7], "(16, False)": [0.9399999999999977, 5.449999999999999], "health_condition": [1.0, 0.0]}}