{"16": {"(2, True)": [18.4, 9.59, 9.17, 3.34, 13.4, 9.16, 26.62, 28.77, 52.54, 43.99, 15.1, 11.34, 14.25, 27.3, 13.37, 8.48], "(4, True)": [13.8, 21.03, 16.52, 0.11, 24.98, 13.51, 24.6, 39.05, 57.63, 37.69, 7.14, 11.68, 20.51, 30.94, 7.14, 10.59], "(3, True)": [14.11, 16.2, 16.43, 16.64, 15.91, 16.32, 16.28, 15.01, 15.35, 14.06, 14.01, 15.83, 16.1, 13.59, 16.3, 16.48], "(5, True)": [11.94, 9.68, 10.96, 12.06, 10.3, 12.29, 10.99, 9.03, 8.05, 7.35, 7.69, 10.07, 12.42, 10.14, 12.23, 13.42], "(1, True)": [1015.84, 1132.74, 1373.58, 1576.76, 1167.6, 1418.22, 1160.95, 731.08, 725.26, 483.53, 420.43, 1103.08, 1462.71, 966.99, 1522.09, 1652.63], "(16, False)": [4.599999999999998, 11.440000000000001, 7.35, 3.23, 11.58, 4.35, 2.0199999999999996, 10.279999999999998, 5.090000000000003, 6.300000000000004, 7.96, 0.33999999999999986, 6.260000000000002, 3.6400000000000006, 6.2299999999999995, 2.1099999999999994], "health_condition": [1.0, 0.9333333333333333, 0.8666666666666667, 0.8, 0.7333333333333333, 0.6666666666666666, 0.6, 0.5333333333333333, 0.4666666666666667, 0.4, 0.3333333333333333, 0.26666666666666666, 0.2, 0.13333333333333333, 0.06666666666666667, 0.0]}}