{"16": {"(1, True)": [1017.06, 1147.48, 1519.09, 1931.67, 1896.83, 1907.72, 1503.05, 1775.15, 1970.7, 1929.93], "(2, True)": [244.13, 247.25, 239.4, 244.11, 239.0, 238.58, 234.34, 241.62, 236.51, 234.39], "(3, True)": [12.58, 15.65, 16.47, 16.71, 16.72, 16.69, 16.41, 16.7, 16.71, 16.67], "(4, True)": [243.62, 247.97, 244.24, 243.89, 236.25, 237.46, 242.33, 236.49, 236.82, 233.55], "(5, True)": [12.92, 10.4, 11.92, 14.59, 13.23, 14.25, 12.4, 13.53, 14.08, 15.23], "(16, False)": [0.5099999999999909, 0.7199999999999989, 4.840000000000003, 0.22000000000002728, 2.75, 1.1200000000000045, 7.990000000000009, 5.1299999999999955, 0.3100000000000023, 0.839999999999975], "health_condition": [1.0, 0.8888888888888888, 0.7777777777777778, 0.6666666666666666, 0.5555555555555556, 0.4444444444444444, 0.3333333333333333, 0.2222222222222222, 0.1111111111111111, 0.0]}}