{"16": {"(3, True)": [13.64, 7.66, 16.7, 16.69, 16.72, 16.72, 16.71, 16.71, 16.73, 16.7, 16.72, 16.7, 16.72, 16.74, 16.72, 16.73, 16.72, 16.72, 16.73, 16.73, 16.7, 16.72, 16.7, 16.7, 16.71, 16.69, 16.72, 16.71, 16.7], "(2, True)": [266.26, 253.17, 250.23, 252.12, 255.16, 243.29, 248.94, 243.67, 243.66, 245.13, 233.35, 242.83, 240.53, 238.9, 233.28, 231.75, 236.71, 237.16, 234.77, 236.94, 234.07, 230.04, 224.49, 224.67, 229.59, 230.79, 230.74, 233.6, 237.51], "(1, True)": [1582.19, 770.59, 2000.21, 1995.9, 1991.72, 1970.68, 1987.66, 1996.63, 1979.19, 1989.26, 1991.32, 2000.14, 1998.05, 1996.37, 1985.23, 1984.48, 1998.19, 1995.14, 1994.07, 1999.11, 1979.54, 2000.15, 1963.61, 1988.42, 1989.58, 1992.06, 1994.35, 1999.65, 1978.7], "(5, True)": [19.52, 17.54, 19.87, 17.32, 16.93, 17.59, 19.2, 19.82, 18.6, 17.37, 17.21, 20.04, 18.68, 17.12, 17.54, 16.23, 16.46, 18.31, 17.74, 17.08, 17.34, 17.86, 16.92, 17.24, 17.93, 18.27, 17.79, 18.35, 18.32], "(4, True)": [256.19, 252.35, 251.43, 252.13, 247.0, 239.94, 243.95, 242.31, 242.0, 238.7, 236.81, 237.2, 239.53, 238.99, 238.06, 228.24, 236.08, 237.96, 233.7, 234.92, 232.76, 229.09, 229.65, 233.02, 228.4, 230.43, 230.76, 230.59, 225.51], "(16, False)": [10.069999999999993, 0.8199999999999932, 1.200000000000017, 0.009999999999990905, 8.159999999999997, 3.3499999999999943, 4.990000000000009, 1.3599999999999852, 1.6599999999999966, 6.430000000000007, 3.460000000000008, 5.630000000000024, 1.0, 0.09000000000000341, 4.780000000000001, 3.509999999999991, 0.6299999999999955, 0.8000000000000114, 1.0700000000000216, 2.0200000000000102, 1.3100000000000023, 0.9499999999999886, 5.159999999999997, 8.350000000000023, 1.1899999999999977, 0.3599999999999852, 0.01999999999998181, 3.009999999999991, 12.0], "health_condition": [1.0, 0.9642857142857143, 0.9285714285714286, 0.8928571428571429, 0.8571428571428571, 0.8214285714285714, 0.7857142857142857, 0.75, 0.7142857142857143, 0.6785714285714286, 0.6428571428571429, 0.6071428571428571, 0.5714285714285714, 0.5357142857142857, 0.5, 0.4642857142857143, 0.42857142857142855, 0.39285714285714285, 0.35714285714285715, 0.32142857142857145, 0.2857142857142857, 0.25, 0.21428571428571427, 0.17857142857142858, 0.14285714285714285, 0.10714285714285714, 0.07142857142857142, 0.03571428571428571, 0.0]}}