{"16": {"(2, True)": [241.41, 257.73], "(4, True)": [243.25, 259.01], "(3, True)": [1.64, 13.57], "(5, True)": [20.29, 19.78], "(1, True)": [15.01, 1510.42], "(16, False)": [1.8400000000000034, 1.2799999999999727], "health_condition": [1.0, 0.0]}}