{"16": {"(3, True)": [2.85, 4.83, 2.27, 4.2, 16.0, 16.72, 16.69, 16.71, 16.7, 16.72, 16.73, 16.72, 16.72, 16.71, 16.7, 16.71, 16.72, 16.67, 16.7, 16.69, 13.92, 16.76, 3.61, 16.74], "(4, True)": [16.54, 28.61, 27.41, 24.09, 19.92, 21.99, 18.91, 17.38, 19.14, 20.08, 20.7, 19.85, 18.26, 18.17, 19.14, 17.05, 21.48, 0.85, 352.17, 350.81, 352.13, 327.97, 330.25, 351.64], "(2, True)": [1.97, 25.51, 25.19, 22.99, 21.12, 17.08, 16.39, 19.72, 18.85, 20.31, 24.08, 21.82, 21.82, 17.7, 20.18, 16.22, 22.07, 17.06, 353.73, 351.33, 2.31, null, 330.34, 350.92], "(5, True)": [20.24, 13.94, 15.2, 16.44, 16.26, 16.25, 16.68, 16.38, 16.21, 18.1, 17.39, 17.04, 18.55, 19.13, 19.32, 19.57, 21.5, 19.53, 17.82, 16.81, 15.24, 14.72, 16.8, 18.56], "(1, True)": [313.97, 423.83, 131.29, 392.34, 1642.74, 1982.31, 1999.79, 1991.31, 1981.84, 1997.91, 1998.92, 1999.63, 1998.39, 1998.39, 1994.36, 1996.94, 1993.26, 1996.45, 1996.96, 1992.4, 1601.28, 1999.15, 305.12, 1995.67], "(16, False)": [14.569999999999999, 3.099999999999998, 2.219999999999999, 1.1000000000000014, 1.1999999999999993, 4.91, 2.5199999999999996, 2.34, 0.28999999999999915, 0.23000000000000043, 3.379999999999999, 1.9699999999999989, 3.5599999999999987, 0.4700000000000024, 1.0399999999999991, 0.8300000000000018, 0.5899999999999999, 16.209999999999997, 1.5600000000000023, 0.5199999999999818, 10.180000000000007, NaN, 0.08999999999997499, 0.7199999999999704], "health_condition": [1.0, 0.9565217391304348, 0.9130434782608695, 0.8695652173913043, 0.8260869565217391, 0.782608695652174, 0.7391304347826086, 0.6956521739130435, 0.6521739130434783, 0.6086956521739131, 0.5652173913043478, 0.5217391304347826, 0.4782608695652174, 0.43478260869565216, 0.391304347826087, 0.34782608695652173, 0.30434782608695654, 0.2608695652173913, 0.21739130434782608, 0.17391304347826086, 0.13043478260869565, 0.08695652173913043, 0.043478260869565216, 0.0]}}