{"16": {"(1, True)": [1422.02, 1997.68, 1997.82, 1999.96, 1992.81, 1969.32, 1976.41, 1995.21, 1988.71, 1985.99], "(2, True)": [92.84, 69.07, 69.17, 64.08, 51.95, 38.2, 18.55, 9.49, 8.29, 3.77], "(3, True)": [13.15, 16.74, 16.7, 16.71, 16.72, 16.71, 16.73, 16.7, 16.73, 16.71], "(4, True)": [74.0, 65.71, 64.95, 55.84, 49.7, 31.79, 9.29, 2.54, 3.05, 356.96], "(5, True)": [23.83, 24.82, 21.49, 22.92, 21.61, 20.91, 20.14, 21.77, 22.92, 24.34], "(16, False)": [18.840000000000003, 3.3599999999999994, 4.219999999999999, 8.239999999999995, 2.25, 6.410000000000004, 9.260000000000002, 6.95, 5.239999999999999, 6.810000000000002], "health_condition": [1.0, 0.8888888888888888, 0.7777777777777778, 0.6666666666666666, 0.5555555555555556, 0.4444444444444444, 0.3333333333333333, 0.2222222222222222, 0.1111111111111111, 0.0]}}