{"16": {"(1, True)": [584.07, 1517.07, 1999.29, 1999.38, 1999.83, 1998.76, 1998.77, 1999.49, 1999.12, 2000.1, 1999.83, 1999.89, 1999.61, 1996.07, 1977.98, 1846.38, 1965.34, 1942.0, 1894.38, 1832.69, 1451.87, 1096.7, 1530.38, 1615.65, 1370.24, 1320.5, 926.36], "(2, True)": [341.09, 336.75, 2.13, 359.04, 359.04, 359.04, 359.04, 359.04, 0.96, 1.81, 354.67, 359.74, 359.74, 359.74, 358.88, 0.81, 358.97, 4.58, 17.15, 5.35, 8.19, 13.75, 5.29, 7.52, 3.96, 0.48, 9.02], "(3, True)": [11.2, 16.3, 16.69, 16.74, 16.71, 16.71, 16.72, 16.71, 16.72, 16.72, 16.7, 16.71, 16.72, 16.72, 16.69, 16.64, 16.71, 16.7, 16.69, 16.72, 16.59, 16.2, 16.69, 16.49, 16.18, 16.35, 16.38], "(4, True)": [339.24, 359.56, 359.94, 359.34, 358.89, 356.64, 356.58, 2.67, 1.31, 0.88, 1.56, 0.37, 0.87, 0.29, 0.36, 0.67, 1.84, 3.27, 8.77, 5.24, 8.01, 15.22, 6.82, 10.42, 357.38, 5.54, 12.42], "(5, True)": [10.81, 12.61, 19.19, 20.32, 20.14, 19.08, 20.19, 20.36, 20.64, 19.52, 17.88, 16.42, 15.98, 16.2, 16.17, 14.54, 15.33, 15.04, 13.68, 12.82, 10.58, 9.92, 11.2, 11.81, 10.65, 10.94, 9.33], "(16, False)": [1.849999999999966, 22.810000000000002, 2.1899999999999977, 0.2999999999999545, 0.1500000000000341, 2.400000000000034, 2.4600000000000364, 3.6299999999999955, 0.3500000000000001, 0.93, 6.889999999999986, 0.6299999999999955, 1.1299999999999955, 0.5500000000000114, 1.4800000000000182, 0.14, 2.8699999999999477, 1.31, 8.379999999999999, 0.10999999999999943, 0.17999999999999972, 1.4700000000000006, 1.5300000000000002, 2.9000000000000004, 6.579999999999984, 5.0600000000000005, 3.4000000000000004], "health_condition": [1.0, 0.9615384615384616, 0.9230769230769231, 0.8846153846153846, 0.8461538461538461, 0.8076923076923077, 0.7692307692307693, 0.7307692307692307, 0.6923076923076923, 0.6538461538461539, 0.6153846153846154, 0.5769230769230769, 0.5384615384615384, 0.5, 0.46153846153846156, 0.4230769230769231, 0.38461538461538464, 0.34615384615384615, 0.3076923076923077, 0.2692307692307692, 0.23076923076923078, 0.19230769230769232, 0.15384615384615385, 0.11538461538461539, 0.07692307692307693, 0.038461538461538464, 0.0]}}