{"16": {"(1, True)": [1274.81, 1952.89], "(2, True)": [62.16, 52.19], "(3, True)": [13.31, 16.71], "(4, True)": [47.79, 50.39], "(5, True)": [15.8, 17.07], "(16, False)": [14.369999999999997, 1.7999999999999972], "health_condition": [1.0, 0.0]}}