{"16": {"(5, True)": [13.83, 13.86, 15.31, 16.64, 16.04, 12.36, 12.02, 10.04, 9.52, 13.24, 13.55], "(3, True)": [15.32, 7.1, 16.66, 16.65, 16.53, 16.46, 16.59, 15.92, 15.8, 16.53, 16.57], "(4, True)": [42.61, 7.47, 0.25, 3.18, 0.47, 36.62, 16.7, 18.47, 21.83, 11.95, 17.6], "(2, True)": [38.68, 15.31, 2.6, 0.6, 5.26, 26.62, 19.91, 29.93, 10.83, 9.39, 11.97], "(1, True)": [1537.92, 655.62, 1789.93, 1985.09, 1794.78, 1549.69, 1500.12, 1057.12, 1104.08, 1698.53, 1671.12], "(16, False)": [3.9299999999999997, 7.840000000000001, 2.35, 2.58, 4.79, 9.999999999999996, 3.210000000000001, 11.46, 10.999999999999998, 2.5599999999999987, 5.630000000000001], "health_condition": [1.0, 0.9, 0.8, 0.7, 0.6, 0.5, 0.4, 0.3, 0.2, 0.1, 0.0]}}