{"16": {"(1, True)": [1246.79, 1861.53, 1896.21], "(2, True)": [236.41, 230.86, 220.39], "(3, True)": [12.76, 16.71, 16.68], "(4, True)": [220.48, 229.51, 218.19], "(5, True)": [16.47, 14.36, 15.84], "(16, False)": [15.930000000000007, 1.3500000000000227, 2.1999999999999886], "health_condition": [1.0, 0.5, 0.0]}}