{"16": {"(1, True)": [1490.55, 1999.31, 1986.34, 1987.15, 1991.46, 1994.84], "(2, True)": [0.59, 3.25, 359.32, 2.01, 2.11, 2.68], "(3, True)": [14.59, 16.73, 16.68, 16.69, 16.7, 16.7], "(4, True)": [3.95, 0.99, 358.87, 0.61, 359.2, 1.87], "(5, True)": [22.38, 21.89, 20.67, 20.63, 22.55, 22.77], "(16, False)": [3.3600000000000003, 2.26, 0.44999999999998863, 1.4, 2.910000000000025, 0.81], "health_condition": [1.0, 0.8, 0.6, 0.4, 0.2, 0.0]}}