{"16": {"(3, True)": [8.1, 10.93, 16.72, 16.71, 16.71, 16.7, 16.68, 16.75, 16.7, 16.71, 16.68, 16.72, 16.72, 16.69, 16.69], "(4, True)": [260.46, 265.27, 262.9, 265.28, 262.46, 262.49, 261.95, 261.28, 261.15, 258.98, 259.71, 259.87, 263.52, 259.22, 264.02], "(2, True)": [261.09, 260.67, 263.71, 263.36, 260.7, 259.57, 257.24, 266.52, 260.53, 262.35, 259.84, 261.46, 266.26, 260.39, 258.24], "(5, True)": [19.98, 21.8, 21.84, 21.27, 22.0, 23.19, 21.89, 22.16, 21.62, 20.47, 23.11, 21.38, 21.6, 21.43, 21.54], "(1, True)": [849.41, 1156.68, 1976.23, 1992.12, 1992.96, 2000.21, 1985.25, 1994.55, 2001.27, 2000.84, 1998.41, 1998.16, 1987.74, 1986.64, 1998.82], "(16, False)": [0.6299999999999955, 4.599999999999966, 0.8100000000000023, 1.919999999999959, 1.759999999999991, 2.920000000000016, 4.7099999999999795, 5.240000000000009, 0.6200000000000045, 3.3700000000000045, 0.12999999999999545, 1.589999999999975, 2.740000000000009, 1.169999999999959, 5.779999999999973], "health_condition": [1.0, 0.9285714285714286, 0.8571428571428571, 0.7857142857142857, 0.7142857142857143, 0.6428571428571429, 0.5714285714285714, 0.5, 0.42857142857142855, 0.35714285714285715, 0.2857142857142857, 0.21428571428571427, 0.14285714285714285, 0.07142857142857142, 0.0]}}