{"16": {"(1, True)": [1373.75, 1314.1, 1659.73, 1753.14, 1841.13, 1953.37, 1963.82, 1880.55, 1852.96, 1861.61, 1715.27, 1814.55, 1686.5, 1728.67, 1638.19, 1792.19, 1948.4, 1915.04, 1807.94, 1681.08, 1830.67, 1895.43, 1807.13, 1508.33, 1688.19, 1952.86, 1978.24, 1921.75, 1718.31, 1847.64, 1704.7, 1723.08, 1915.88, 1803.21, 1966.11, 1666.67], "(2, True)": [249.42, 239.4, 245.39, 254.34, 254.14, 256.36, 249.02, 236.77, 249.74, 244.21, 243.62, 253.4, 235.56, 251.22, 250.71, 241.28, 255.21, 251.74, 255.43, 257.93, 252.87, 259.13, 244.39, 231.83, 253.2, 255.38, 255.92, 252.3, 254.7, 253.41, 254.4, 245.74, 256.98, 255.5, 251.56, 243.39], "(3, True)": [14.8, 15.1, 16.69, 16.67, 16.7, 16.73, 16.74, 16.68, 16.7, 16.72, 16.66, 16.63, 16.69, 16.67, 16.63, 16.71, 16.71, 16.68, 16.63, 16.5, 16.69, 16.72, 16.69, 16.67, 16.52, 16.69, 16.73, 16.71, 16.64, 16.71, 16.65, 16.65, 16.71, 16.68, 16.72, 16.67], "(4, True)": [248.3, 244.96, 247.31, 257.31, 253.41, 251.75, 252.02, 247.79, 250.8, 250.56, 254.2, 249.47, 247.44, 252.34, 256.73, 250.0, 256.18, 250.07, 261.3, 256.79, 256.66, 258.55, 241.81, 241.04, 262.11, 256.0, 253.46, 252.32, 256.29, 252.32, 254.92, 254.52, 257.11, 255.18, 251.52, 243.69], "(5, True)": [13.92, 13.68, 14.15, 15.16, 15.87, 16.92, 16.27, 17.71, 15.56, 14.43, 14.7, 15.54, 14.17, 13.76, 13.72, 13.57, 14.75, 14.65, 14.09, 13.64, 14.19, 14.09, 14.05, 11.7, 12.62, 13.99, 14.6, 14.47, 13.16, 13.64, 12.97, 12.88, 13.59, 13.23, 14.72, 12.77], "(16, False)": [1.1199999999999761, 5.560000000000002, 1.920000000000016, 2.969999999999999, 0.7299999999999898, 4.610000000000014, 3.0, 11.019999999999982, 1.0600000000000023, 6.349999999999994, 10.579999999999984, 3.930000000000007, 11.879999999999995, 1.1200000000000045, 6.02000000000001, 8.719999999999999, 0.9699999999999989, 1.670000000000016, 5.8700000000000045, 1.1399999999999864, 3.7900000000000205, 0.5799999999999841, 2.579999999999984, 9.20999999999998, 8.910000000000025, 0.6200000000000045, 2.4599999999999795, 0.01999999999998181, 1.5900000000000318, 1.0900000000000034, 0.5199999999999818, 8.780000000000001, 0.12999999999999545, 0.3199999999999932, 0.03999999999999204, 0.30000000000001137], "health_condition": [1.0, 0.9714285714285714, 0.9428571428571428, 0.9142857142857143, 0.8857142857142857, 0.8571428571428571, 0.8285714285714286, 0.8, 0.7714285714285715, 0.7428571428571429, 0.7142857142857143, 0.6857142857142857, 0.6571428571428571, 0.6285714285714286, 0.6, 0.5714285714285714, 0.5428571428571428, 0.5142857142857142, 0.4857142857142857, 0.45714285714285713, 0.42857142857142855, 0.4, 0.37142857142857144, 0.34285714285714286, 0.3142857142857143, 0.2857142857142857, 0.2571428571428571, 0.22857142857142856, 0.2, 0.17142857142857143, 0.14285714285714285, 0.11428571428571428, 0.08571428571428572, 0.05714285714285714, 0.02857142857142857, 0.0]}}