{"16": {"(3, True)": [16.71, 16.71, 16.28, 15.87, 13.75], "(2, True)": [266.05, 260.88, 273.48, 293.67, 250.69], "(1, True)": [1963.2, 1877.34, 1416.12, 1174.98, 471.79], "(5, True)": [14.45, 13.57, 11.32, 10.67, 7.32], "(4, True)": [269.89, 257.12, 283.67, 294.93, 276.56], "(16, False)": [3.839999999999975, 3.759999999999991, 10.189999999999998, 1.259999999999991, 25.870000000000005], "health_condition": [1.0, 0.75, 0.5, 0.25, 0.0]}}