{"16": {"(1, True)": [126.08, 1334.27, 1563.24, 1592.66, 1665.96, 1884.32, 1996.54, 1998.64, 1998.89, 1994.94, 1999.72, 1995.63, 2001.5, 1995.5, 1997.88, 1999.74, 1995.91, 2001.72, 1994.23, 1999.2, 2000.2, 1991.4, 1999.91, 1982.51, 1995.4, 1996.96, 2000.11], "(2, True)": [203.89, 178.27, 159.63, 165.08, 139.53, 140.0, 140.03, 145.36, 152.06, 156.95, 152.32, 150.54, 153.8, 153.98, 155.17, 154.83, 151.17, 156.55, 153.86, 156.88, 154.9, 150.62, 158.48, 130.54, 114.37, 114.1, 119.14], "(3, True)": [3.95, 16.14, 16.47, 16.62, 16.62, 16.66, 16.74, 16.71, 16.74, 16.74, 16.72, 16.71, 16.69, 16.69, 16.73, 16.7, 16.71, 16.73, 16.66, 16.72, 16.71, 16.7, 16.74, 16.72, 16.71, 16.68, 16.72], "(4, True)": [179.4, 167.16, 154.5, 166.01, 137.52, 139.91, 141.54, 152.98, 150.75, 154.61, 151.63, 154.39, 150.57, 152.92, 155.1, 151.3, 152.98, 154.56, 155.79, 154.62, 155.6, 154.93, 149.43, 117.19, 115.18, 117.48, 115.96], "(5, True)": [19.69, 11.82, 13.0, 12.47, 12.15, 14.67, 19.55, 16.67, 15.58, 16.64, 16.81, 15.86, 18.92, 18.87, 19.7, 21.95, 21.85, 22.99, 20.56, 23.92, 21.4, 19.84, 20.44, 22.34, 22.36, 22.73, 23.76], "(16, False)": [24.48999999999998, 11.110000000000014, 5.1299999999999955, 0.9299999999999784, 2.009999999999991, 0.09000000000000341, 1.509999999999991, 7.619999999999976, 1.3100000000000023, 2.339999999999975, 0.6899999999999977, 3.8499999999999943, 3.230000000000018, 1.0600000000000023, 0.06999999999999318, 3.530000000000001, 1.8100000000000023, 1.990000000000009, 1.9299999999999784, 2.259999999999991, 0.6999999999999886, 4.310000000000002, 9.049999999999983, 13.349999999999994, 0.8100000000000023, 3.3800000000000097, 3.180000000000007], "health_condition": [1.0, 0.9615384615384616, 0.9230769230769231, 0.8846153846153846, 0.8461538461538461, 0.8076923076923077, 0.7692307692307693, 0.7307692307692307, 0.6923076923076923, 0.6538461538461539, 0.6153846153846154, 0.5769230769230769, 0.5384615384615384, 0.5, 0.46153846153846156, 0.4230769230769231, 0.38461538461538464, 0.34615384615384615, 0.3076923076923077, 0.2692307692307692, 0.23076923076923078, 0.19230769230769232, 0.15384615384615385, 0.11538461538461539, 0.07692307692307693, 0.038461538461538464, 0.0]}}