{"16": {"(3, True)": [13.21, 16.72, 16.71, 16.71, 16.72, 16.7, 16.7, 16.71, 16.71], "(2, True)": [217.71, 211.44, 192.84, 185.95, 179.36, 165.87, 175.87, 163.96, 170.36], "(1, True)": [1398.2, 1999.43, 1995.42, 1993.33, 1995.27, 1990.24, 1993.68, 1978.77, 1994.77], "(5, True)": [17.45, 17.05, 17.63, 16.49, 17.24, 17.92, 17.4, 16.0, 16.98], "(4, True)": [214.06, 209.08, 179.13, 184.63, 176.52, 166.53, 171.63, 171.81, 162.71], "(16, False)": [3.6500000000000057, 2.359999999999985, 13.710000000000008, 1.3199999999999932, 2.8400000000000034, 0.6599999999999966, 4.240000000000009, 7.849999999999994, 7.650000000000006], "health_condition": [1.0, 0.875, 0.75, 0.625, 0.5, 0.375, 0.25, 0.125, 0.0]}}