{"16": {"(3, True)": [11.95, 16.5, 16.71, 16.69, 9.69, 15.3, 16.68], "(2, True)": [8.01, 20.91, 15.95, 8.77, 4.3, 2.64, 352.23], "(1, True)": [1273.99, 1780.4, 1985.32, 1985.08, 1002.43, 1662.76, 1930.11], "(5, True)": [13.14, 15.18, 18.16, 18.28, 20.54, 18.41, 17.18], "(4, True)": [21.44, 18.6, 9.85, 7.01, 5.85, 0.65, 355.22], "(16, False)": [13.430000000000001, 2.3099999999999987, 6.1, 1.7599999999999998, 1.5499999999999998, 1.9900000000000002, 2.990000000000009], "health_condition": [1.0, 0.8333333333333334, 0.6666666666666666, 0.5, 0.3333333333333333, 0.16666666666666666, 0.0]}}