{"16": {"(1, True)": [1281.12, 648.18, 872.69, 1082.98], "(2, True)": [224.2, 232.52, 248.06, 229.17], "(3, True)": [15.82, 10.09, 15.73, 14.18], "(4, True)": [226.58, 227.48, 250.01, 210.99], "(5, True)": [13.98, 15.61, 10.4, 13.44], "(16, False)": [2.380000000000024, 5.0400000000000205, 1.9499999999999886, 18.17999999999998], "health_condition": [1.0, 0.6666666666666666, 0.3333333333333333, 0.0]}}