{"16": {"(2, True)": [280.12, 266.55, 265.44, 266.11, 256.88], "(4, True)": [277.03, 265.04, 265.62, 262.94, 258.38], "(3, True)": [14.29, 16.66, 16.69, 16.72, 16.71], "(5, True)": [22.26, 23.41, 23.81, 24.26, 22.89], "(1, True)": [1493.22, 1953.6, 1979.34, 1966.59, 1991.76], "(16, False)": [3.090000000000032, 1.509999999999991, 0.18000000000000682, 3.170000000000016, 1.5], "health_condition": [1.0, 0.75, 0.5, 0.25, 0.0]}}